Gross debt position (% of GDP),1990,1991,1992,1993,1994,1995,1996,1997,1998,1999,2000,2001,2002,2003,2004,2005,2006,2007,2008,2009,2010,2011,2012,2013,2014,2015,2016,2017,2018,2019,2020,2021,2022,2023,2024,2025
,,,,,,,,,,,,,,,,,,,,,,,,,,,,,,,,,,,,
Afghanistan,,,,,,,,,,,,,345.977479,270.6023637,244.9666907,206.3560065,22.9846435,20.13663136,19.05707572,16.24726137,7.69694932,7.501084371,6.759467879,6.904479171,8.70029105,9.154082857,8.437266097,7.997660199,7.384412942,6.130409903,7.785332974,8.829394471,9.553288379,10.25975873,10.96129232,11.64728716
Albania,,,,,,,,72.19423189,71.18368329,68.18264192,63.76868358,60.61278195,64.09691558,60.24456153,57.47427086,58.20335897,56.68810624,53.55030323,55.13980555,59.66648297,57.71955223,59.41262647,62.14446707,70.39106314,71.99229972,73.71633557,73.32440992,71.89471811,69.50866342,67.82514387,75.95970884,75.41983697,75.00827662,71.60910675,70.53036974,66.40324246
Algeria,,79.5705994,63.90587231,72.91170403,98.41296211,116.1950932,98.14785992,85.09459751,84.50831511,89.35725121,69.40645083,54.267336,51.27632976,41.3889511,35.21085548,26.31138467,23.63561987,13.50594327,8.056428025,9.774736373,10.4916011,9.254304882,9.325658289,7.600840754,7.673274953,8.747241876,20.45195845,26.8249066,37.81532765,45.77074531,53.06726236,63.31205416,73.90503436,84.41828573,94.29144543,102.8830657
Angola,,,,,,,,,,,133.9141396,113.5045839,73.73617503,57.96783968,47.7170673,33.46404183,18.72879033,21.04349445,31.37823243,56.30224695,37.16284025,29.55771502,26.69055968,33.14910364,39.80985691,57.09302443,75.66263732,69.26494745,89.0002871,107.1065853,127.115413,110.7453887,99.55489166,91.40139917,82.42879661,74.24092512
Anguilla,,,,,,,,,,,9.109439111,10.56256975,12.23099984,11.61893645,15.99482773,17.45583196,14.07442001,14.03771818,15.37838365,25.09418964,32.52048694,29.38906354,30.94145369,30.44244595,26.3961263,23.83577607,63.84334312,67.38512862,60.69154407,48.11977988,67.70898576,70.12651055,57.96325392,49.57870599,42.38240324,36.17328872
Antigua and Barbuda,98.07076573,99.07461122,95.47942231,90.1465417,89.65547642,98.32258784,91.67348394,87.02246288,102.6086281,104.6027199,104.6530745,117.9142692,126.2635287,125.1871769,120.146989,92.68396365,89.150962,77.8641211,76.08064112,100.9667726,89.74199583,91.80300788,87.49408921,95.79104783,107.8334703,105.2669874,91.89079499,97.65409742,92.36190006,81.84895765,103.0915309,111.7805053,103.0786002,98.1392611,92.72186086,88.6550995
Argentina,,,24.96098744,26.89271391,28.42598327,30.74937987,32.55075272,31.67579873,34.14687999,38.91698626,40.83283885,48.00661871,147.2025483,125.1616342,117.8778484,80.28179898,70.79268956,62.13271077,53.81385162,55.39708036,43.45431548,38.93485442,40.43604801,43.49606978,44.6968502,52.56264331,53.06017955,57.02784192,86.43091035,90.19375969,102.997581,92.87077265,88.17323939,83.90601121,81.12252522,78.07241616
Armenia,,,,,,,40.78193361,46.5032022,45.189237,39.19077888,39.58741986,38.05261165,38.2476038,33.015776,26.44587792,20.46716654,16.18289655,14.24950348,14.63183489,34.13796317,33.75701715,35.70239755,35.60048727,36.33062468,39.36163358,44.13299091,51.92890342,53.70443393,51.2325602,49.90730516,62.78704658,69.87717644,68.75731639,65.20786629,62.47188257,59.97924124
Aruba,,,,,,55.09521132,54.77081215,51.06842421,41.03857962,39.28814628,38.61331617,44.32561325,47.07865028,40.8481105,42.543007,45.09308087,45.51803761,44.55787729,40.31058752,48.78494517,54.66131645,61.74739307,65.53418435,70.0328558,77.45184782,73.87623501,75.38736367,75.82506166,75.00367603,72.19956947,116.9711719,130.3346348,121.4021827,112.6584226,103.9510737,99.93599384
Australia,16.44374289,21.65069353,27.67776496,30.71950231,31.7817609,31.23285415,29.42275805,25.95989586,23.75328041,22.59378689,19.55286356,17.16919534,15.0489642,13.22525618,11.94366993,10.89432417,9.965210281,9.687909708,11.75343096,16.6538602,20.39460105,24.06941681,27.53585787,30.4967945,34.02698074,37.69905944,40.50543788,41.11500871,41.65701205,47.47244201,63.12767943,72.10465317,77.01289478,78.03815607,77.21656231,76.03204204
Austria,55.93172813,56.13418572,56.02772548,60.62884438,63.72081531,67.86475594,67.80722447,63.0558096,68.81875724,61.10316575,65.73761835,66.35455391,66.97779746,64.89627689,64.8486579,68.31751648,67.00070643,64.7404975,68.41735773,79.57976921,82.4176655,82.17817383,81.66093159,81.01126485,83.75793983,84.4010895,82.54860909,78.60781342,74.04005949,70.51334414,85.22413039,87.17442732,85.74275914,84.60443144,82.65519815,80.08388653
Azerbaijan,,,,,,19.20911051,16.72123521,12.46567519,14.29077487,25.41373931,22.83718556,24.38730935,23.01766021,21.82825935,9.709979508,6.8546552,5.296648376,4.003317909,3.220765186,4.726182379,4.980865937,4.966863696,5.830601512,6.178835808,8.532623898,17.98039224,20.60832562,22.50860846,18.68538681,17.70270057,21.37019171,30.94863558,31.37801147,32.35496892,31.14822096,31.44438808
"Bahamas, The",14.33702651,16.68627639,19.38346695,21.4272356,22.09561961,22.22480568,21.93549822,22.60337255,21.71765375,20.23769478,20.28581841,19.74548539,20.4034137,22.60986073,23.2014623,22.75006735,23.4702209,22.57614421,24.76600268,29.93182827,32.72587678,34.54615483,35.14769008,44.37064267,46.42373736,48.29003996,50.00431739,52.3768804,59.76144401,58.04228651,75.49349357,84.34335945,84.51089319,83.8329343,82.20862614,81.19088521
Bahrain,7.54471351,6.994220821,6.724586655,6.198520233,5.860611765,14.19865875,13.67452903,15.38276419,20.84498727,25.71676827,25.74455638,26.07581343,28.3785794,32.4515603,29.39631309,24.19348141,20.25152574,16.34489591,12.56276698,21.36254306,30.01052936,32.80163586,36.20807404,43.93778428,44.39837945,66.17634715,81.32570429,88.12918303,94.97883371,102.103591,132.8777002,129.4169777,134.2390145,138.7850748,143.0121001,147.8149536
Bangladesh,,,,,,,,,,,,,,44.32169691,43.48184932,42.29555622,42.32450047,41.91341757,40.57323332,39.54272411,35.48539611,36.62345366,36.22062979,35.82004496,35.27343892,33.68112674,33.33126789,33.3763077,34.56504798,35.69408352,38.85544986,40.15822164,40.15889493,39.6425464,39.42891607,39.31203178
Barbados,,,,,56.64955355,58.87586999,59.37364262,60.40531525,54.52713736,54.18143587,61.27677213,67.77025883,71.55587805,72.15553088,72.44911159,75.21512934,77.8189472,77.89938434,81.99216493,100.3723717,108.9204888,112.3496714,124.1223247,135.299322,139.3898654,147.9178908,150.5996484,159.1263362,127.2811285,121.6484323,151.2121804,146.5063428,133.1657533,123.9300563,116.5454009,109.7522609
Belarus,,,,,,,,,,,,,,,9.22274498,8.11509673,12.27415756,15.8131825,20.29502961,32.54684868,36.80521254,58.2233335,36.94622231,36.85947265,38.79060488,53.00688848,53.48163012,53.15984561,47.51523606,40.99921508,48.04500528,45.71582265,46.78637401,44.58839216,44.40631098,42.93183856
Belgium,130.3076054,131.7972204,134.68401,138.9258912,137.083405,131.2866706,129.0039573,124.2711991,119.1858966,115.3628057,109.5890411,108.216846,105.43668,101.6593113,97.16966512,95.14187016,91.49441336,87.32462407,93.16004344,100.2167557,100.2731729,103.4947123,104.8105134,105.4856445,107.0460839,105.2286766,105.0057547,102.0200409,99.75848086,98.05902512,114.9897818,115.8615845,116.2340032,117.383501,118.8926855,120.5777187
Belize,,,,,,,,,,,,66.95591639,71.61669681,89.49936771,94.239351,97.43576563,93.91476647,89.26400821,83.29981341,90.56386841,86.99650544,83.13361893,79.57651152,80.94757464,78.94355612,82.71448412,88.97668833,96.58063851,96.00950781,97.51610193,127.4077302,134.5788527,132.1425369,129.9954255,130.0236251,130.0038082
Benin,,,,,,,,,39.19827783,39.40892225,39.59194114,37.98651118,30.76804176,23.38085204,21.50953025,26.97813898,8.366122298,14.28590371,18.30665552,18.7476805,20.99976509,21.86041054,19.54020639,18.503746,22.28207466,30.90022983,35.92334976,39.59846316,41.0803507,41.22964235,45.38692303,47.73194749,46.33593402,44.80546328,42.8876829,41.10842524
Bhutan,,,,64.68903285,57.15006554,41.63259257,39.58849033,35.43206354,39.1106075,42.14877411,47.30688417,56.24926424,62.00369628,73.75947776,81.98244471,87.18903948,85.44609002,71.67746177,65.04252951,65.68301449,60.97354214,69.11124627,79.3474084,102.2822369,98.83376808,98.56504979,117.2752618,111.7242636,110.4647183,106.6077715,120.7434939,123.3519676,116.6305748,114.8284793,108.7967436,106.4467724
Bolivia,,,,,,,,,,,66.89122294,59.95744444,69.14356721,74.06558633,89.81029446,82.15802698,54.37507363,40.03169958,36.78500483,39.20931183,37.6373751,35.32671804,35.39427964,36.09712728,37.6027067,40.90466816,46.48986157,51.26021066,53.84977611,56.5154605,67.28995259,68.98560981,70.6528571,72.0865749,73.64486196,75.00243739
Bosnia and Herzegovina,,,,,,,,,54.3973406,56.03887613,34.68628603,35.23008146,31.19818361,27.63518833,25.48658781,25.51515237,21.24532047,18.70922554,30.88539871,35.06660314,40.80536968,39.5501065,42.20738027,42.49906586,45.85871447,45.53111324,44.08149677,39.23971319,34.27107527,32.3501065,38.34083455,38.61737551,40.15906476,41.7036943,41.59015291,41.36278348
Botswana,,,,,,,,,11.96355098,9.559410497,8.212753421,7.566293165,8.476845659,7.247479909,10.67969179,7.761633978,6.587059357,5.668439244,7.619876099,18.75187851,21.44753929,20.59360479,19.820397,18.11577968,17.35145515,17.91116774,15.82374358,13.5878661,14.32606007,14.58264696,20.72852054,26.08042245,30.65815823,32.09093682,32.37771312,31.61865726
Brazil,,,,,,,,,,,65.56077363,70.05370354,78.79773559,73.82299935,70.07688275,68.58517105,65.84519185,64.13995196,62.3342322,65.46289766,63.04493874,61.20355834,62.19562816,60.19273711,62.31001754,72.57296543,78.28593051,83.63190581,85.6421924,87.65783956,98.94335608,98.4069111,98.79806934,100.1001379,100.9733473,101.3842841
Brunei Darussalam,0,0,0,0,0,0,0,0,0,0,0,0,0,0,0,0,0.597269037,0.691582114,0.94371186,1.108024185,1.112907524,2.128520085,2.100636786,2.208599297,3.23122759,2.953086861,3.004878804,2.825507119,2.585699022,2.575239948,2.854290052,2.338699276,2.437212373,2.462441427,2.434131529,2.394565661
Bulgaria,,,,,,,,,67.32187885,78.67092235,73.34144821,67.06037633,53.40392221,45.42780796,37.76350277,28.47155976,22.6083222,17.59871134,14.71334848,14.54039743,14.14962907,14.40791728,16.62670236,17.22718073,26.34840374,25.41798737,27.06925257,22.99486603,20.10668994,18.40262117,23.79095512,25.50906785,26.60970919,27.32083004,26.58963269,25.51465014
Burkina Faso,,,,,,,,,,,,,43.28694195,39.67368691,40.74045299,39.2143463,20.08843996,22.81450195,23.03098488,25.8712008,27.76386539,24.50360151,25.2104903,25.90083229,26.55549986,31.3731053,33.27649633,33.49817985,37.65405638,42.672143,44.32579084,46.79591317,48.10637949,48.49480886,47.88565265,47.35137367
Burundi,,,,,,,,,,,136.4251126,127.3866682,159.088312,171.969259,172.738336,136.9801189,130.2548505,129.6132456,102.5152332,25.69016304,46.91165325,42.70570963,41.43078659,37.85786159,37.97089434,39.92620463,46.11901524,46.9022457,52.97086853,60.13203001,69.51290988,75.59029033,74.20281637,72.6243265,70.82442714,69.33290248
Cabo Verde,,,,,,,,89.51396934,82.22778428,69.96777826,82.63675912,79.913842,82.54842152,81.35889471,83.74457253,85.33857861,77.72691955,64.98095763,57.60040337,64.1418313,72.54552137,78.49722051,91.09243091,102.4898774,115.9235176,126.6485589,128.3647824,127.216869,125.5907041,124.9799789,139.0414188,137.5735678,131.2584304,123.7748544,115.608686,107.4557863
Cambodia,,,,,,,30.15086012,31.57620833,37.18330396,34.73696142,35.23455343,34.86881214,39.74832144,43.09941889,42.70341318,35.56103749,30.68224888,29.38733389,26.99534671,28.46516462,28.74403046,29.73549591,31.53411162,31.73374422,31.90119654,31.15669057,29.12416915,29.99490747,28.63844378,28.9735619,31.57626545,33.37130295,35.3989019,37.95403165,40.95990618,43.8807246
Cameroon,,,,,,,,,73.19787439,73.85801283,79.315661,65.61472464,60.4105826,56.42759938,55.76895961,47.6500024,19.81012905,14.74960791,11.65710053,12.03567709,14.70448314,15.69008301,15.41194583,18.21193296,21.53379176,31.98149242,33.25497591,37.67879996,39.47380867,41.6764122,43.16990416,42.53571002,41.95260871,40.49538807,38.93452795,37.23716555
Canada,73.74425055,81.65817152,88.22998847,94.73024763,97.48046648,100.084173,100.2438843,95.27249191,93.29018827,88.96566914,80.4366085,81.46203332,79.60406938,75.91179736,71.88939989,70.64040968,69.91983183,66.86163884,67.8860692,79.2723253,81.2184883,81.7779301,85.40521815,86.12908839,85.57941308,91.19230362,91.73260398,88.84123961,88.83185847,86.82055574,117.8422013,116.2598866,112.7911544,109.2685862,105.7257127,102.0209105
Central African Republic,,,,,,,,96.13749163,85.32139873,84.16182509,94.67912374,103.1149494,98.51825602,95.88629038,99.72351847,102.9624065,46.74996424,47.85079642,35.76599444,20.3003043,19.8833811,19.68629066,31.53279477,51.78958752,62.23995092,59.7904141,53.8873002,50.27490518,50.03395849,47.17893599,44.9323747,42.23079784,39.16315912,37.18870581,35.59672048,34.37121991
Chad,,,,,,,,,,57.96643347,67.98491844,56.4488631,54.432,44.656,32.635,28.4839741,26.16542692,22.06953314,20.09864525,31.52545587,30.05070329,30.56580856,28.76468164,30.63087879,39.5061058,43.88163472,51.34435115,50.26841347,49.05514082,44.28612957,43.0027387,41.69284425,41.23533133,41.78162175,41.32550122,38.2835285
Chile,,37.22301683,30.50482967,28.16716969,22.72815839,17.33634141,14.68759533,12.90358511,12.17980673,13.36520984,13.21877866,14.45850571,15.1672418,12.71676688,10.29877729,7.000403188,4.98920034,3.878688633,4.920911067,5.820141397,8.559418128,11.08839767,11.94548203,12.73225173,14.95759068,17.27684263,21.01449801,23.60524447,25.62392561,28.20487969,32.54222253,33.63483063,36.82358506,39.57431783,41.30606124,41.80213483
"China, People's Republic of",,,,,,21.61892076,21.42541234,20.60499338,20.66444073,21.86295593,22.98670716,24.57461999,25.91554619,26.80032058,26.39322588,26.31166052,25.56791961,29.16434045,27.15879761,34.56702283,33.92428554,33.7716055,34.39306235,37.0352853,39.96924113,41.48882375,48.2379953,51.73278173,53.8446957,57.05409756,66.82551893,69.60481922,73.7213928,77.285253,80.42354794,83.29212561
Colombia,,,,,,,23.28585003,25.26277178,27.45350475,33.9825618,37.98777159,41.09536261,47.54557004,45.03974802,41.48226492,38.53260946,35.9692704,32.66325122,32.38241907,35.38676423,36.49703978,35.78350663,33.96652677,37.59225835,43.31889375,50.41909805,49.79625917,49.4363665,53.58409541,52.31522501,62.78727045,64.16898947,64.34359313,63.54662753,61.40026631,59.25875402
Comoros,108.3680785,104.0753934,101.1768687,95.9175999,87.96202505,77.86442325,75.52521867,71.05432488,69.53640831,64.6235982,60.81816916,53.04625719,48.23870378,44.49779112,42.44646033,39.86459967,38.47897693,35.61557117,33.21703212,31.72957409,30.4586217,27.66820289,25.07315982,10.27714616,13.39415628,14.52033075,15.14050025,19.34629627,18.57528213,25.24865464,26.80743499,29.96444904,31.0369992,32.01887124,32.91171231,33.48799306
"Congo, Dem. Rep. of the",,,,,,,,,,,134.9822586,181.616717,136.0422851,114.4640421,141.7589734,101.4723513,103.1807434,84.94837151,87.84091456,91.25967676,30.57242213,24.96254696,21.78428864,19.11919251,16.80280076,16.99464634,19.53358342,19.05313581,15.29848044,15.53782871,15.15649547,12.38425194,10.63563337,8.692160221,7.133115219,5.807482997
"Congo, Republic of ",0,0,0,0,0,0,0,0,0,0,145.0197886,180.0824742,163.5131711,185.3095807,181.3149858,99.14448276,94.72486682,93.75744544,69.5980215,83.83552452,43.48701021,34.389938,30.19758088,33.93915411,42.3254126,74.19015714,91.04774986,94.22407916,78.55661515,83.31668976,101.6820659,90.45745904,84.53930299,74.94848958,69.62862809,63.78106888
Costa Rica,,,,,,,33.68545821,30.55907726,40.69085985,38.98383466,38.8501596,39.64388531,41.43784333,40.56577893,41.00162173,37.32080519,33.03683214,26.97525735,24.00712913,26.02562677,28.08977201,29.51310152,33.74121342,35.07622352,37.43645828,39.78570642,44.05436205,47.06316355,51.90895661,56.83712492,68.34716842,72.48354686,74.96981194,75.95063625,75.62448709,74.20157362
Croatia,,,,,,,,,22.00937914,28.30966401,33.42900859,34.95212648,36.80025394,38.18383539,40.31607638,41.26816493,38.7587861,37.41442602,39.29525777,48.6654715,57.68433131,64.18087752,70.01513527,80.99888852,84.69264318,84.32214967,80.7955034,77.52898632,74.24959714,72.82964984,87.20665228,86.2898901,83.32152008,80.2258546,77.68270241,74.35848344
Cyprus,,,,,,46.7492381,48.82762078,53.48006783,54.98576128,55.66253918,55.97829165,57.52437176,61.00984247,63.00592435,64.68660917,64.02944193,59.03125,53.14964452,44.12612575,52.82110595,55.48560271,64.98629003,79.37460778,102.9102367,109.0860064,107.1589931,103.064033,93.5099081,99.17742131,94.03556317,118.2012552,112.9692658,105.3859949,102.2658657,95.10070214,91.35249536
Czech Republic,,,,,,13.57164604,11.57722679,12.19371251,13.95588661,15.18355886,16.98947613,22.70594767,25.83194536,28.16931189,28.3761371,27.70601178,27.56119507,27.3267258,28.11917801,33.35754314,37.07020264,39.54614146,44.15426402,44.42423273,41.85908767,39.69956618,36.58929473,34.23574615,32.06531273,30.24503353,37.57008868,43.98637761,48.04398682,51.35005036,53.91520543,56.05942102
Côte d'Ivoire,,,,,,,,84.18225073,75.16056964,78.01848827,73.98713139,71.17210591,62.98205268,56.38124406,56.71803564,58.16436672,57.4710326,53.53296656,51.24025622,46.47589539,45.61214665,50.02883473,32.58472145,31.36846315,32.40315646,34.19409438,35.63663952,36.85443456,40.09547035,41.22130159,45.7072932,46.2894514,46.55644899,46.25924816,46.05770793,45.92162478
Denmark,,,66.77031251,78.62700411,75.23686508,71.39268083,68.26099424,64.27827932,60.27949716,56.76408212,52.35430259,48.50830389,49.08095743,46.15009838,44.15591746,37.41225473,31.54940378,27.34595243,33.31318312,40.18179675,42.58788045,46.07088595,44.89420064,44.04560971,44.27026522,39.77369379,37.19952804,35.52841821,33.834807,33.01204881,43.42035958,41.60783019,42.91799421,43.77703244,44.16024419,44.29626793
Djibouti,,,,,,,,,,,,,,,,,,,,29.55516078,27.9057385,25.7022357,25.06956279,24.59291487,26.91022449,39.91346862,45.68457057,47.91575053,46.50828692,38.65487563,42.23550047,40.23194994,38.21689887,36.67797524,34.36035852,32.68941505
Dominica,56.56130391,58.70521927,55.30140248,55.40600777,56.97560276,59.2814612,54.66487542,49.27542429,57.08962106,61.97803974,69.55305202,97.49029131,99.36035546,98.22007667,85.81775023,84.93506839,80.44679135,74.90017439,66.52739199,62.81045863,67.31594257,68.63582983,74.03170231,75.01475031,79.91638173,77.69491892,73.0033322,84.82529033,83.33584756,86.13451111,97.70228351,100.2410622,94.20712363,89.88484881,84.44800283,78.6452989
Dominican Republic,,,,,,,,13.84772882,13.2487829,15.9767648,16.70722198,20.35141479,21.48650533,48.15023029,34.34550505,38.32153651,36.02183611,32.90674929,33.60681114,36.73416856,37.31087051,39.05263463,42.32045391,46.71461211,44.85272961,44.92126664,46.56858652,48.83965769,50.402704,53.53737073,69.40465941,66.59940039,65.40707414,64.05593881,62.88685529,61.65452389
Ecuador,,,,,,,,,,,,60.30560159,52.16109868,45.06184998,38.6653602,34.699966,31.12778406,28.46434251,24.22890021,18.56791606,17.69578506,16.78938494,17.49550279,20.03140056,27.07513101,33.79811459,43.16637428,44.61667995,46.13949303,51.50249259,64.58240173,65.10445412,64.05951123,61.23153982,59.51796811,55.98537154
Egypt,,,,,,,,,73.82386466,72.39758383,71.6873519,79.14624254,85.7760132,97.09486426,96.51184915,98.2625574,85.92422878,76.26755743,66.76061466,69.45003841,69.58954106,72.82997563,73.7996059,84.02058697,85.12657277,88.30479971,96.80888758,103.0398271,92.48388696,84.21397569,90.18616838,92.85817559,88.85403133,86.86198456,82.85844955,78.8132136
El Salvador,,43.32925896,36.36082155,31.86847238,30.54934122,28.04095517,28.54797253,27.79084908,25.65223235,27.99492033,29.55129984,36.46887083,42.31613525,44.47179456,45.35873356,44.83263029,45.33281166,44.94601963,43.89363586,49.15914038,56.35133934,59.16566874,63.57323014,63.16574485,65.29556314,67.03792606,68.76622475,70.5263179,70.09361575,70.95701974,88.20356922,88.22385018,93.31973773,100.4657455,104.0393684,108.9337854
Equatorial Guinea,157.0044751,169.4653682,136.8704982,152.5752675,215.973415,136.8744924,91.18550306,46.2614728,59.23316751,60.47790722,36.62746913,25.47707496,19.44671132,6.713131677,4.525943769,2.848871466,1.220132831,0.75386536,0.488085866,4.336992336,7.894111093,7.170424862,7.097239618,6.272055301,12.55993327,31.65670296,41.13942272,36.23513431,40.15506828,44.02192317,51.07933697,44.05140104,45.8328681,45.0770276,44.001552,43.23031302
Eritrea,,,,,,,,,,,219.0602431,238.5206516,243.3917369,263.9373593,193.4751877,205.3321353,199.0463642,201.2797722,259.6666478,206.8956303,198.3647349,160.7639513,154.6057332,186.9913323,136.5622384,180.7121391,167.5105984,202.5360879,185.606833,189.3497642,184.7010174,175.5750361,164.2343104,155.8767576,147.7199987,139.8247202
Estonia,,,,,,8.668885462,7.306831203,6.041324883,5.406063039,5.927459412,5.106986182,4.768163428,5.65837181,5.598087711,5.113417838,4.702522037,4.631824862,3.765533206,4.504068627,7.198937223,6.606297883,6.104865353,9.764137224,10.16214137,10.55451465,9.996044696,9.913147676,9.111923798,8.201218231,8.438986667,18.4982256,25.14442839,30.33436215,34.35145454,37.34447781,39.47298587
Eswatini,,,,15.18571422,13.37269145,12.51165568,11.60980605,12.6015017,15.47345201,16.69104845,18.15897835,21.7567928,17.13682937,17.48157729,15.02810546,13.5005617,14.58963196,16.11945258,14.59577739,10.4866612,14.09574416,14.68533686,14.76475382,15.00536534,14.13540946,19.65782344,25.18502387,28.31450159,34.66561257,39.87885114,47.82647732,53.53272927,58.64958048,58.59216551,57.42139472,56.16003251
Ethiopia,,,85.39360276,136.8883135,150.6786573,142.3417998,128.9595617,77.43301976,86.01023304,94.25579532,93.63260064,97.32475753,107.3627759,103.6907278,103.1041126,78.23878453,67.86795684,42.39959712,38.53377994,35.18607256,39.60809785,45.32565885,42.17550125,47.50107777,47.55004192,54.45547409,54.87077278,57.72327683,61.10643167,57.7202309,55.26328431,56.03510168,56.27675982,52.53286472,48.6360522,44.00520383
Fiji,,,42.21629287,44.2657707,47.61788356,48.36717485,48.79742076,54.13172401,36.63022478,32.70300131,36.9255844,41.03481392,43.38506703,44.85363953,44.53406085,43.98945821,49.20405359,46.0426157,47.46373487,51.50418934,51.84114957,48.64208038,47.65327011,45.84682352,44.50805128,43.04452256,44.71762459,44.40781097,46.38925077,48.89616311,73.65655995,83.62932731,78.15283268,74.47311364,72.32890862,71.04704812
Finland,13.85551748,21.89366101,39.28761058,54.13355225,56.12981518,55.15124456,55.30597651,52.21511276,46.8267012,44.0109994,42.42975037,40.89249661,40.11623991,42.68759596,42.57234281,39.86471306,37.99718908,33.90400007,32.56067743,41.53135953,46.90474798,48.27119466,53.62246751,56.22916881,59.8259071,63.64155026,63.17577902,61.16706997,59.61826417,59.32673218,67.09779645,68.78827286,69.1539524,69.9059288,70.5747525,70.94912712
France,35.58458767,36.47505507,40.22164789,46.55381795,49.88697879,56.10400953,59.99524063,61.42590718,61.35087314,60.4996863,58.88061897,58.34091796,60.25837795,64.41539837,65.93823191,67.38188068,64.61052154,64.53723163,68.77704052,83.03975063,85.25582008,87.83653465,90.60208617,93.41159434,94.8894414,95.58176009,97.95763808,98.31789598,97.98895957,98.06975516,113.4614329,115.2098462,114.269056,115.2223507,115.8978487,116.3192881
Gabon,89.99418991,89.34844645,87.87037041,90.13537165,71.26578517,73.35985674,64.54910791,57.0398217,87.58521571,73.0859808,72.49690696,80.97943722,81.07006157,70.24102863,60.3012686,49.32633868,39.59781486,39.23709944,20.05319151,25.99174899,21.2952134,21.42499727,21.44243625,31.11281073,34.06279755,44.7032096,64.19872241,62.88553597,60.91397012,59.54899713,72.50404185,71.05421909,70.30840543,68.15756961,64.67012584,60.42094485
"Gambia, The",,,,,,,,,,,73.25022937,75.2298671,93.87527871,91.69429175,81.30305866,82.59647144,87.34426724,38.02286101,39.52827727,38.86814254,42.94865155,49.24063858,49.49189457,58.24417008,71.08602072,69.36887704,80.94830837,86.97918657,84.61097518,80.11471473,75.82727494,73.91278882,69.96279201,65.19726704,60.4133447,55.43792037
Georgia,,,,,,,,,,,58.51529109,52.98290442,50.26353713,54.55122801,44.27774149,35.32193543,28.27846653,22.53598661,26.34633172,33.64880358,31.91972552,28.36123535,28.8150603,29.49286397,30.9180137,36.66591214,40.25532626,38.58445781,37.49596491,40.43586085,60.62077096,63.85781991,61.03950735,59.15853396,57.24768956,55.51173148
Germany,,38.98461344,41.45370903,45.09535151,47.53698997,54.90243375,57.79392936,58.86658338,59.53470478,60.13940412,59.06575822,57.9365167,59.70351937,63.30891629,64.98771282,67.34651337,66.70463884,63.99423896,65.52222864,72.99010929,82.31847606,79.74208854,81.07904025,78.66046561,75.61475424,72.31572478,69.27675022,65.10242771,61.78014605,59.64442383,68.9262746,70.25122674,67.28373561,64.81121867,62.23844843,59.64481336
Ghana,18.9651186,18.47044933,22.85471554,37.05995028,55.23271601,51.3085303,46.11916914,48.69118322,40.60077737,55.75969474,80.19373882,61.95536533,57.98079362,52.9500333,41.29338339,34.19122238,18.58924774,22.6437003,24.94768129,26.95908977,34.57776603,31.42571434,35.58338084,43.21741408,51.1589211,54.80155507,57.09368702,58.32427574,63.23350678,63.89892016,78.00913661,81.46989801,83.23098479,84.80159914,85.98198861,86.55316819
Greece,73.7765275,75.31778092,80.64763427,101.1411771,99.1313692,99.83203112,102.1973612,100.2980377,98.25370755,99.74822855,105.8277105,107.9921808,105.7551116,102.3191053,103.7452755,108.3057891,104.4550605,103.9799421,110.3468251,127.8232072,147.4942443,183.8687312,161.9707095,178.9740335,181.5397888,178.9841576,183.4129157,182.3776259,189.8859943,184.9026376,213.1010806,210.0932012,200.4902336,193.0559974,189.1463048,184.7694723
Grenada,,42.02798285,40.06877763,45.28410667,45.68458504,43.08208321,43.86904663,41.42751967,40.2709263,34.48376113,41.6261354,44.60779155,79.089601,79.56185393,94.69361995,87.31234005,92.92346123,89.05623532,83.91306238,91.09436482,96.93693355,100.6890364,103.3376561,108.0593773,101.764268,90.09998359,81.56846487,70.10896326,64.35815012,59.70406757,70.62739805,74.46033847,73.38858944,69.10108293,64.88404222,58.83221366
Guatemala,,,,,,,,,,,17.99927169,19.10921855,17.36244655,19.80319453,20.55344834,20.01702522,20.8601521,20.77957016,19.56959003,22.78022433,24.00637209,23.77968709,24.5767518,24.99661309,24.65059772,24.80333159,24.95596459,25.1072737,26.50608923,26.59117768,31.74172485,33.141568,34.23368954,34.8905449,35.02829283,34.97532857
Guinea,71.60462118,70.85671919,62.00105174,68.91200917,71.28006551,66.53373628,67.67670757,67.86795551,75.93828659,92.25091303,91.4918237,90.4364842,82.61022789,81.57227595,86.86616818,97.91527999,95.22179807,60.80009561,58.46341683,61.30607456,68.8530165,58.08223268,27.18538373,33.96674333,35.09018098,41.93763442,42.45303828,40.4827019,38.29011968,36.78588455,41.37881497,42.27763324,43.29366304,42.39587452,41.34833844,40.29178643
Guinea-Bissau,,,,,,,,94.33264112,109.1029567,109.8969444,217.1385959,204.4415746,197.4711815,183.3843597,201.9593245,203.6514243,190.4065885,163.9703178,148.8151713,148.2582054,61.72594494,46.13351679,47.33763277,50.79936342,57.466311,54.06905143,56.96723853,50.0192478,59.23140186,66.94932784,78.0659073,78.07792362,76.3632538,74.00289063,71.50621808,69.02748333
Guyana,,,,,,,,101.3350044,108.0367651,97.10419995,97.23036567,104.6462078,105.0783406,95.61711037,91.77002339,90.74093637,74.49823783,47.71933621,48.24673453,52.31577912,53.07947914,51.67312271,44.69365339,41.43989514,38.6735886,37.42760693,39.64171345,38.90877497,43.10520079,39.79164919,43.8885546,41.36489439,38.17693799,36.25625238,38.34795221,39.73594686
Haiti,,,,,,,,25.94196206,23.95835198,24.17851677,32.32180487,28.32149961,32.28584431,38.70833036,32.25861166,32.53280202,35.32872608,31.81485711,34.04398966,19.82895026,25.29417662,22.26636475,24.03239862,25.78872853,21.83561653,23.83057781,24.83017461,24.61202144,25.55261756,30.28838993,25.13404084,25.95276486,24.93708885,24.07727357,23.77125402,23.73555555
Honduras,236.5430288,135.414772,123.1966268,111.7368543,85.49649776,65.37848548,64.64280115,70.84129155,67.42112812,75.75827796,65.75752262,63.4172795,64.24795429,67.75691111,60.90569721,55.60586261,39.20178061,24.02186352,22.32349051,23.48209846,22.74559466,24.58631541,29.18051816,39.43407663,37.05441915,37.11401407,38.17418789,38.85414222,39.99474453,41.89496215,48.88231863,53.9339858,55.81303288,54.75879286,57.04394008,57.12664364
Hong Kong SAR,,,,,,,,,,,,3.27539945,3.520616428,1.580876693,1.503388423,1.390129053,1.141455803,1.033934798,0.875878332,0.662139866,0.618327192,0.573431894,0.54320719,0.517445922,0.065321509,0.062097539,0.059252749,0.055301961,0.051874066,0.268581115,0.283931594,0.933973081,0.88499169,0.84019484,0.56739567,0.537917849
Hungary,,,,,,84.04388396,71.29500913,61.89764968,59.9242465,59.83004493,55.08498466,51.65249664,54.91897118,57.39711237,58.33919623,60.24535434,64.20190836,65.20024284,71.17556016,77.37047676,80.16349225,80.4417213,78.36079206,77.353877,76.68812075,75.82098257,74.93158835,72.16272704,69.12269052,65.32902616,81.19519872,80.0334683,78.25538968,76.8683551,74.70251451,72.11535296
Iceland,35.45952144,37.57518612,45.35788759,52.24160235,54.75233127,58.00708631,55.17483531,52.04771194,50.35755303,76.66452728,75.85464816,83.42754435,82.21158124,85.06785988,80.86139933,68.95999442,70.67346759,68.42096915,110.3704333,128.785452,133.1558561,138.1962925,133.9337868,121.9772037,115.2159742,97.22344352,79.89646728,69.35171969,61.14804853,68.3292673,79.86738928,82.51582698,86.05397983,88.68202311,88.4660743,86.92586984
India,,75.33224179,77.40538509,76.97819715,73.46440213,69.65384282,65.97664655,67.8180393,68.0898994,70.03846782,73.64908525,78.7296517,82.8511742,84.24303731,83.2885997,80.89379397,77.10831335,74.02651796,72.74397073,71.09387372,66.03563697,68.29282745,67.65823572,67.37937468,66.82715671,68.77581547,68.71154228,69.45663096,70.23654282,73.88727899,89.55868091,86.59652872,86.30873902,85.70629032,84.82661347,83.76833685
Indonesia,,,,,,,,,,,87.43729874,73.70211495,62.33938104,55.64269163,51.3281725,42.61172721,35.84773409,32.33333335,30.25203746,26.48312574,24.52458272,23.10601775,22.96039749,24.84670758,24.68163127,27.01330396,27.95546088,29.39553714,30.42272335,30.56368982,36.62103271,41.36846112,42.83341345,42.85797863,42.67960258,42.21225706
Iran,,,,,,,21.58924456,19.05288485,22.01027244,16.13319734,11.13255107,17.53718997,21.84648526,21.7115447,20.58035163,17.46190957,14.64284302,13.59219982,10.73084825,12.11163192,13.97697842,10.86969403,11.70629673,10.34279691,10.98263609,13.95409763,44.64965755,36.91665154,38.47174536,47.86422127,42.76831748,36.57517375,36.16443362,37.15355063,38.63157846,40.37553369
Iraq,,,,,,,,,,,,,,,344.3174174,227.3442738,143.1648447,117.0848288,74.16751105,87.3750997,53.53287968,40.71936586,34.78179943,31.98699439,32.86248315,56.93439282,67.00590577,59.06105239,50.01802285,47.70451091,81.1529261,69.68379081,73.27196972,74.14790333,74.59648552,73.73331211
Ireland,92.8515215,93.96070239,90.75802351,93.56535257,88.20579468,78.68746658,69.98062419,61.70820458,51.34812626,46.56261449,36.46664206,33.57543135,30.87584265,29.94321151,28.1499754,26.06070573,23.61794266,23.90828786,42.44026076,61.57572157,85.91999523,110.9876334,119.9117944,120.0421412,104.3911653,76.60862131,74.21349541,67.32955952,62.90507778,57.38749322,59.801244,63.20382301,63.16420437,61.39425927,59.74391557,57.70880888
Israel,,,,,,,,,,,79.36179375,83.47817252,89.9458298,92.50630309,91.06346185,88.02938999,79.94514453,72.91175307,71.73702436,74.52907654,70.61323251,68.91755591,68.45326933,67.09700495,65.74616862,63.82621234,62.11325294,60.60744513,60.87691323,59.97871689,73.03504279,78.30196176,78.79054465,79.26891914,79.68541651,80.19231863
Italy,101.2786741,104.8617756,112.4879376,123.5802715,130.2762171,119.3622419,119.1094313,116.7821509,114.1268958,113.2894524,109.0257613,108.8864965,106.3605622,105.4946142,105.1010178,106.5575592,106.7397357,103.8894851,106.1639494,116.6096689,119.198091,119.6922407,126.4932361,132.4554953,135.3655449,135.2796832,134.7829651,134.1337699,134.3977958,134.5606949,155.5622292,157.1333296,155.5095848,155.1244404,153.7375677,151.9762456
Jamaica,,,,,,,,,,85.62161726,93.68712363,110.6521179,122.2392382,128.7845679,123.2539473,127.7151223,121.0697002,118.2489402,128.8941053,145.2145117,143.7430446,141.7273897,146.6828988,141.6674385,140.287888,124.026696,115.4346201,103.0118658,95.59796119,94.73549809,105.4891504,100.0229991,87.93385254,77.72420287,70.79711363,65.62845153
Japan,63.02197338,62.22622852,66.63786867,72.71211725,84.36118964,92.52556058,98.05354002,104.970938,116.0199688,129.5012137,135.6086286,145.1235287,154.0956573,160.0207913,169.4899592,174.2932741,174.0332888,172.8090667,180.7147196,198.7025658,205.6931074,219.0944638,226.0927823,229.6260512,233.5277522,228.3968453,232.5198957,231.416106,232.5092199,234.8591552,256.2172349,256.4940365,253.573115,252.8798259,253.4135138,253.9800645
Jordan,222.0286963,202.7260467,151.3124447,138.3803977,127.6059038,116.1385918,115.0179438,107.7597181,110.8540215,109.1405071,99.26120037,94.54265253,95.75292525,89.30553365,81.54770238,73.8137748,67.44940504,65.38803152,54.24030992,57.96455731,59.43722464,62.06880538,70.52093333,75.58365373,75.01317931,78.42316948,77.43171195,76.02215106,75.0610171,78.0152114,88.54036964,91.17239303,90.98967126,88.45110867,83.94363611,79.45303407
Kazakhstan,,,,,,,,,,,,,17.5918698,14.96249398,11.39156866,8.099491892,6.667310397,5.873624692,6.765870067,10.22702941,10.68273525,10.16100735,12.12526662,12.60250793,14.49634423,21.88193736,19.67735406,19.86943222,20.25853966,19.94373592,27.36318435,27.02960497,28.49813041,29.4576412,30.85239743,32.13487484
Kenya,,,,,,,,,54.42915027,53.66986781,52.2303435,56.21840002,61.84422047,60.1327398,53.79514227,48.34301811,43.97505449,38.3738896,41.46869304,41.09477867,44.40263752,43.04990781,43.879795,43.9597959,42.85791793,48.61226942,50.5339887,56.88123999,60.23450803,62.1411776,68.68722512,71.47392605,72.94131189,72.2834476,71.77182421,69.99032451
Kiribati,6.558132273,7.341486952,9.353556321,13.69322705,15.03827886,15.03376964,13.42022987,12.78516612,11.19262836,13.23929113,11.85099387,15.39567544,11.77615209,11.24767138,11.9835174,10.53447969,11.34045067,9.925296301,12.89298369,9.345188176,8.466024735,8.017268098,7.436335682,8.299798531,8.698423644,19.89908667,21.94143313,21.42311977,19.37182659,18.09641228,17.25814816,21.35775022,28.55957226,35.83452299,42.04015845,48.67326087
"Korea, Republic of",13.17983637,12.29378824,12.01856373,11.22283086,9.954316054,8.779650507,8.079735087,10.02479329,14.3205594,16.33510339,16.68198959,17.2294276,17.04128482,19.80318979,22.42164116,25.89927096,28.12078144,27.43075318,26.94866804,29.98379389,29.48995895,33.06125,35.03895845,37.68608504,39.70749791,40.7835754,41.21716737,40.05015857,40.02228225,42.24508528,48.68060823,53.17053608,57.22849398,61.04085473,64.40331316,67.33565691
Kosovo,,,,,,,,,,,,,,,,,16.66943647,14.63470522,9.81285906,6.118749949,5.908498258,5.269708531,8.116646773,8.973050642,10.70284011,13.11625232,14.3936362,16.23218649,16.95264451,17.56957034,24.41449948,28.50496,30.21426117,31.64907165,32.98786445,34.20011172
Kuwait,,151.137532,117.7017323,88.90641015,88.45785844,77.97715464,58.97644118,52.16005328,55.13867007,46.55429765,34.91531093,35.12027748,29.95055699,22.9977205,17.30177488,11.80489335,8.257011486,7.047160111,5.376099829,6.653287951,6.16098987,4.641097115,3.602054094,3.091985996,3.429189092,4.653453743,10.01792426,20.48510673,14.83824488,11.77127553,11.4692045,13.74297714,27.28420532,44.05308388,58.31397203,71.14693605
Kyrgyz Republic,,,,,,,,,,,123.3026537,108.2074942,107.9414737,108.2302789,92.66645627,85.66070891,73.35468993,57.743779,49.011562,58.49440133,59.69858981,50.05575903,50.47787935,47.12475568,53.59678577,67.0873453,59.07281848,58.78610661,54.81799104,54.14441142,74.26372199,73.41190466,71.74020617,70.25995018,68.84645394,67.59879005
Lao P.D.R.,,,,,,,,,,,,94.72490576,95.30835966,90.14835214,80.65340872,73.20259734,60.00702127,55.92979022,51.72348147,51.82251727,49.31502899,43.00450427,46.10324228,49.49335341,53.53410605,53.05220946,54.47430854,57.1982365,59.65047689,61.64795262,67.98397939,68.28841471,68.79434285,69.12828594,68.8066407,67.74782334
Latvia,,,,,,,,,9.561150673,14.43742328,14.73717108,17.48254326,14.90602475,14.34555034,14.10656877,11.4979238,9.603096117,8.093464203,17.95686787,35.74617506,46.68658262,43.09184225,41.63437666,39.19262768,40.94409455,36.45350138,39.79293133,40.08120089,36.40039862,36.97124658,45.47964199,47.17508778,45.33129727,43.59669943,42.16517546,40.66581344
Lebanon,,,,,,,,,,,148.1231672,163.1343667,163.1690524,171.3632374,169.6008704,178.9245531,183.2901353,169.2995599,161.4879783,144.4995522,136.8287611,134.3857927,130.993406,135.319079,138.2872283,140.8115305,146.2462513,149.6676196,154.9071972,174.3171304,154.3639862,93.13061763,89.36662093,91.67219307,91.23043401,88.80254182
Lesotho,17.80389855,11.78424541,63.75955004,70.47699926,66.30275043,62.18572286,70.90091215,64.99593763,78.59870177,82.11527496,87.57004059,107.5607523,78.80155983,52.09167009,45.45275206,48.69015871,52.06624556,54.78270791,47.65520139,36.48823961,34.09487587,36.44284133,39.84762332,41.19281815,41.32049341,45.57363256,40.43240659,39.87325848,49.56550343,49.28807964,50.26428477,49.79312079,48.62080933,47.08063791,46.09577943,44.76702617
Liberia,,,,,,,,,,,461.5106985,455.7306131,453.2946403,621.7589319,514.5519387,504.3045207,445.2608618,371.5665331,220.2606008,123.5251724,24.08811914,21.45428838,19.39562389,19.47800345,23.85235229,26.3903762,28.47435137,33.65914657,39.70523695,55.37619198,61.76709566,56.95450391,54.47713539,53.72630625,51.33900083,49.44303432
Lithuania,,,,,,,,,21.77954523,28.11756431,23.51783334,22.92297383,22.16658763,20.38865098,18.6858181,17.6448999,17.26124898,15.88932588,14.58083282,27.99000636,36.20901837,37.13358793,39.70075007,38.67053277,40.52617048,42.68121899,39.89570557,39.33835269,33.68072806,35.91105264,46.98039312,49.51807616,47.67126825,45.57911476,43.23831108,40.74771483
Luxembourg,,,,,,10.24133226,10.12673755,10.02194403,9.484934497,8.36771714,7.464633116,7.671242097,7.429486822,7.450415842,7.905353403,8.022403591,8.299120929,8.200641226,15.35697613,16.14647141,20.15217359,19.0048813,21.9973658,23.68740242,22.74287297,21.98617521,20.09375347,22.34247776,20.95279011,21.99089053,25.54589055,26.80671468,27.29762128,27.35339771,27.1948351,27.08857389
Madagascar,92.70148041,113.8353579,110.874938,105.1920118,95.96309596,95.83683997,98.71624599,89.73956531,108.4595098,104.1146878,90.21159691,82.14374161,86.69275891,85.8619092,81.89563813,74.36637969,32.22628482,28.21023076,30.93590656,34.85657513,32.34136149,29.94679868,30.43514545,36.24292359,37.84849393,44.06229875,40.28076563,40.13599261,39.77390032,37.78362487,43.57957073,46.87550977,47.84204256,48.6387846,49.10833427,49.37793982
Malawi,,,,,,,,,,,,,142.9193603,119.315963,105.1224021,99.8742828,25.21669395,26.6784496,33.12112236,33.06950923,27.19184901,28.13661856,40.27756175,50.59030837,47.76035887,54.42963496,55.09577741,57.06831924,59.68316174,59.47851892,67.26424214,76.77858103,79.88817824,81.67000765,82.62730173,82.08912677
Malaysia,74.12853607,67.31925419,59.10920591,51.13440651,43.7231424,38.16575251,32.76918957,29.62034967,33.63642257,34.36252183,32.51787886,38.06503023,39.53211442,41.39313082,41.96013186,40.77780568,39.66165414,39.34831413,39.36085383,50.40802955,51.2122136,51.89832213,53.78750194,55.65645269,55.37306788,56.97077193,55.78749089,54.3955448,55.65780426,57.15979361,67.50247151,66.97447861,67.3908394,67.10295032,66.93854499,66.76966178
Maldives,,,,,,,,38.11212549,39.26122999,38.94848988,39.01684968,41.84465343,44.27927922,37.6057979,34.67423341,43.19594127,36.77954237,35.82367008,38.95785465,48.38693428,52.7476567,51.86343027,57.12319696,55.94865346,55.06499779,54.92113976,62.26001178,64.40079896,71.53504221,78.14423718,142.5756973,139.667177,139.9701339,140.7419231,140.8758568,140.14156
Mali,,,,,,,,,,,90.52188535,77.49775221,42.64296465,44.14965239,42.43442107,46.62639282,18.06579991,18.53452697,20.16630771,21.91593121,25.28872977,23.96476347,25.38986718,26.38185914,27.20961454,30.66644467,35.92969834,35.47662459,36.11156995,40.49204218,44.14966607,46.13055252,46.81949025,46.90505718,46.49817056,46.01354219
Malta,,,,,,44.93968107,51.04871359,60.3066894,65.82935028,69.20818958,63.90025589,69.74600294,64.82640837,68.24825035,70.4640072,69.90159234,64.27721769,61.90722827,61.82705473,66.34083344,65.32024689,69.26900305,65.92608284,65.79019416,61.59223586,55.88038465,54.29429291,48.51884403,44.83835036,41.98879387,55.42998683,57.85978628,56.57175941,55.4558668,53.05488137,50.26366807
Marshall Islands,,,,,,,,8.624042821,17.86397886,25.61227658,27.40881384,32.85621487,37.24463963,43.81472191,46.94448749,46.21509581,44.86626213,42.82179047,42.5332262,41.60298449,38.99660381,35.94322464,37.5925424,33.63174348,35.69006849,33.85244995,29.26437213,25.57516059,23.3311432,23.34438634,23.83702539,23.25567343,23.31128297,23.84589014,26.19827809,28.77201852
Mauritania,,,,,,,,,,,124.1191623,125.2367959,110.962481,98.77342613,96.46747929,83.89517967,46.67086722,41.30767896,40.91935823,48.45965064,43.9473835,38.83879455,39.31748378,40.02295226,48.4714147,58.74678654,56.55471847,55.09968471,61.38877036,56.5378424,59.5343347,56.27253601,61.63228821,61.00870289,59.19916174,57.85791832
Mauritius,,,,,,,,,,,60.53462155,61.306665,67.59358944,71.73994697,61.96590481,62.48049341,60.1188033,53.70327415,50.06772112,59.20176449,57.15460275,57.33244215,56.76868847,59.05982057,61.9983574,66.9261603,66.72639242,66.08668835,67.57463803,77.69505987,92.17158523,91.48116658,90.83857441,92.75889383,94.71047553,91.99799432
Mexico,,,,,,,44.73006371,40.92023496,42.0427448,43.82019114,40.31017546,39.25613756,41.85683668,44.22490815,40.75689138,38.52388502,37.42278052,37.20502108,42.49112275,43.67546133,41.96305773,42.85903022,42.65010061,45.8987987,48.85253011,52.77480084,56.72407673,53.9627704,53.60917409,53.30076183,60.5892624,60.53737424,60.4665283,60.65025245,60.67834003,60.74759604
"Micronesia, Fed. States of",,,,,,53.98955775,43.85280358,47.16986298,42.12590278,35.80530626,26.98377904,23.60149685,23.95647281,24.57407584,25.33756487,24.69078973,25.01106788,25.65737743,28.94363361,30.74805773,28.84038047,28.32951123,27.00854817,27.6382927,28.10054362,25.62882462,24.19088296,21.92296131,18.76074929,17.05749384,15.97783888,15.33700002,12.79105064,9.961281117,12.27646886,15.23777119
Moldova,,,,,,79.48033208,87.49198403,89.0488927,159.4098516,150.7389393,89.10371953,85.38007566,80.34243819,68.0591109,49.33455108,40.42122213,34.9844222,28.27624633,22.19530894,32.60965727,25.47463406,24.2007289,31.21913897,29.78390964,34.96112044,42.38114371,39.23241759,34.30043918,31.63994312,28.33200577,35.31094914,39.48787778,40.05779081,41.5571797,41.62759261,41.08935341
Mongolia,,,,,,,,,,,,,,,,,40.93729215,36.11312262,30.99245341,48.5355954,30.97508498,32.65258246,43.69201523,49.42344731,57.0727466,62.10950662,87.58985204,84.36656227,74.2757328,68.43811602,76.57378727,77.86760265,75.1377581,73.00198414,71.17452688,69.41793478
Montenegro,,,,,,,,,,,,,76.70806112,40.8970994,45.37153379,38.56823946,36.69166941,31.75750652,34.18454745,43.68868018,45.00670381,48.57171124,56.86996951,58.65372098,63.35979127,68.76040372,66.3904388,66.20697406,71.88493857,78.72514807,108.8455716,94.5833381,85.35597285,82.38643644,79.59097805,79.42811743
Morocco,76.27068294,63.99985244,72.54335781,80.84201811,74.98667615,78.15764569,70.70590256,73.5424831,69.82410491,68.57223428,70.19198319,65.40358359,64.25307696,61.60941802,58.90632158,59.26999278,54.80562613,50.93539779,45.4427659,46.12609772,48.9977365,52.54666818,56.53228106,61.72706346,63.33920482,63.68783845,64.8793254,65.12424215,65.19775581,65.16153131,76.07213478,77.13844401,77.36324005,77.32200178,77.22470479,76.74980034
Mozambique,,,,,,,,,,101.0528182,102.3146896,106.1351581,67.03968721,66.48374975,53.09608182,62.59965982,41.60535961,32.34159257,33.16743982,38.40883303,39.67850987,34.71972227,37.43560518,50.13473342,64.34067859,87.42601453,119.880507,100.1403724,105.3307444,103.3779672,122.2245208,125.3086617,126.4228355,119.8396667,108.6032621,95.775678
Myanmar,,,,,,,,,201.3047013,145.41615,158.698894,252.7842881,183.9399659,140.8961284,122.1403676,114.7824043,99.47698634,74.64607826,57.71033353,54.43694106,52.47806118,47.88047554,36.51400152,36.0556122,35.22221869,36.37404365,38.33438936,38.47007238,40.41543518,38.75277603,39.30090811,49.06468111,53.62946672,55.99317651,58.07678931,59.69565027
Namibia,,,,18.73956083,17.83990993,20.27781573,21.1916648,20.02978503,23.32445624,24.63360036,21.01798248,24.58412372,22.36620435,27.37728408,29.4266398,27.14201577,25.24348869,19.36414341,19.09699494,15.85073437,16.32815921,27.44961481,24.62784323,26.11341137,27.57162007,42.09002077,45.83294349,43.82930777,50.41743144,59.29627498,66.80076051,72.86529618,75.48745715,75.28323883,75.05132681,74.44022664
Nauru,,,,,,,,,,,,,,,,,,,,247.9703964,243.2484025,188.1963396,127.5522348,121.6930428,105.8796949,105.8383744,79.55574024,76.68939623,74.31645737,61.99222461,59.73937748,57.1282808,55.33801302,53.94473444,52.89593379,52.02175896
Nepal,,,,,,,,,,,50.67524366,50.65395728,51.70053918,52.85718769,51.20991183,45.03274999,42.77383068,37.80123986,36.67592353,39.37509312,35.31258526,32.35283773,34.51481556,31.89880382,27.55102057,25.73044637,24.95734391,24.98910752,30.08080847,33.13336853,41.30863657,49.63534002,54.12133885,56.38398506,57.12203455,56.87994899
Netherlands,75.12602539,74.91998785,75.69628905,76.7732147,73.60093263,72.2121579,70.48298876,64.85234903,61.6632217,57.53196379,50.90186656,48.15981539,47.53450653,48.71609368,49.11276701,48.47453997,44.06873026,41.97296381,53.79049379,55.83235442,59.40030069,61.83077347,66.42887991,67.83392862,68.01298469,64.63214919,61.88749141,56.93954854,52.42633274,47.5973376,53.97132239,56.0758258,56.09953381,55.85817581,54.99481947,53.4820408
New Zealand,55.44883618,57.99682266,58.66557703,54.59642464,48.95948482,43.50081997,37.27832248,34.63310348,34.49808063,32.0226067,30.01780627,28.17135672,26.40256913,24.70003295,22.51013003,20.79149071,18.40786497,16.31233477,19.00501117,24.32447216,29.69229394,34.72347282,35.72632554,34.58119546,34.17936967,34.21798367,33.36262921,31.09837335,28.07147905,32.05919064,41.33730963,46.35528326,50.47847514,52.82791606,53.71945707,52.5278105
Nicaragua,,,,,,,,86.40458023,86.46996253,99.82642823,95.21935516,87.47554561,110.3854946,109.5402051,84.04752196,66.60760263,51.1556697,30.91601851,25.99924719,29.25814567,30.34713954,28.79434284,27.8524598,28.83544601,28.68961635,28.91078315,30.91591551,34.08035826,37.5586584,41.73396266,46.00456161,47.64249322,47.77429568,49.11742548,50.65357943,51.36252832
Niger,,,,,,69.37718168,63.5074506,69.10090889,61.28432629,63.34753455,82.10446427,73.98228516,69.03539246,60.60383884,55.04979751,49.46022495,18.28281091,17.83029464,14.17010291,15.9360618,15.07810422,14.7467201,18.12965975,19.55442183,22.08588026,29.870103,32.82555685,36.4941472,36.90732407,39.80247091,44.22068659,44.51853668,41.97129447,39.88901822,39.20656171,38.8142293
Nigeria,71.68176456,74.96164021,70.16448883,71.02435461,55.89651023,34.0389197,25.20643244,24.13623811,22.26520054,64.9378065,57.60039157,53.09650374,43.26569114,42.08512245,35.48800055,18.94016669,9.404121271,8.11633082,7.276108073,8.617231755,9.393064744,17.43077218,17.57681499,18.28929655,17.54075038,20.32834306,23.41008947,25.34044359,27.68501213,29.16670528,35.05382708,31.94305104,32.47714982,32.95789431,33.93059945,35.31458045
North Macedonia ,,,,,,,,,,30.44527579,45.56081304,45.21449984,40.46423622,36.46125514,34.58001664,36.66908957,30.58567976,23.53159519,20.64167118,23.7293378,24.2726622,27.72804274,33.66203126,33.96896894,38.01526617,38.07670223,39.80950934,39.38273354,40.4250447,40.63957664,51.24955116,53.83851406,54.93130972,55.53249793,55.90869026,56.03366244
Norway,28.94431684,39.24169778,44.99518646,53.65169809,50.64337998,32.73774606,28.44587849,25.75691731,23.58409461,24.97477658,28.70301814,27.27524364,34.01282234,43.17675339,43.95447051,42.47655889,52.79003536,49.72578614,47.81915936,42.74070911,43.18151912,29.7937145,31.10676496,31.62273413,29.85894739,34.54410048,38.12580935,38.63609742,39.65654633,40.88293393,41.4,41.6,41.3,41,40.7,40.4
Oman,20.38236407,27.31402495,29.24635017,29.12084183,32.63085843,30.21631399,28.38043445,27.66962148,41.32263647,35.86462343,26.72238982,28.48230131,21.3976133,19.43572657,16.64730264,9.581814293,8.652670823,6.883590232,4.731965997,7.992330434,7.103912711,5.676025365,5.60957982,5.518859346,5.400862876,15.47048058,30.28323132,44.75684199,51.38858104,59.98589409,81.08525262,71.30199441,66.80470659,65.63204052,63.46134444,61.156458
Pakistan,,,,,72.9623658,65.23332866,65.48827977,65.79429501,66.96172555,75.63455808,76.97863993,81.20763305,76.05970838,70.54697872,63.36579445,58.90810871,53.93503081,52.51452367,57.60341237,58.69041345,60.72226972,58.97760007,63.42283538,64.45293976,63.52742909,63.32011048,67.64620657,67.06038185,72.07719991,85.55548157,87.20556831,87.65376867,83.34593865,77.70766188,73.60780555,69.45745184
Panama,,,,,81.2205705,79.46327524,67.4029944,62.38577855,60.25525288,57.15771621,55.5379878,59.92814352,59.05709616,58.53291455,60.92141899,61.49084886,56.73385513,49.16782857,41.49082236,40.49013986,39.49743985,36.94257046,35.28392975,34.96691426,35.998471,35.49872656,34.84083301,34.79437948,36.89014869,41.94307713,63.45519179,61.35788761,61.09704926,60.53897078,59.03416885,57.12240907
Papua New Guinea,,,,,40.066328,36.56582844,37.79669481,43.9184991,45.73065426,41.75708177,42.33338979,47.66439892,48.43234456,40.41998208,37.17648858,31.56209143,25.98049824,22.15664227,21.55532122,21.71617419,17.28586272,16.27835394,19.1239288,24.88962689,26.894612,29.93061603,33.74019009,32.48437021,36.67618005,40.02788819,49.1778321,49.55956582,49.65372641,48.28055644,47.69676932,45.43297813
Paraguay,67.00323401,49.39222629,34.39007667,26.5855289,18.69132815,17.55729326,16.7906283,17.96344477,22.13835229,32.01518174,33.57996563,40.34108542,54.52995518,40.31965962,30.26297347,24.06444177,18.183735,14.9476285,14.45936367,13.72900149,12.06371996,10.33458046,12.30788235,13.46533334,15.62801315,18.63730595,19.40891358,19.84072594,22.24255962,25.61934257,34.77604792,35.69286163,36.51535452,36.43795064,36.181749,35.82358594
Peru,,,,,,,,,,,44.90892327,43.84111156,45.4628032,49.37577266,46.73768811,40.35921316,34.94023306,31.86987554,27.92964263,28.32176175,25.34018057,22.97272904,21.17163959,19.962654,20.64392774,24.06641445,24.41275871,25.42325031,26.17616503,27.09431852,35.36369249,35.36367871,36.24808418,36.66661635,37.15878969,37.45467756
Philippines,,,,73.87385448,63.60262457,60.84895184,53.07438834,56.89060217,50.77332545,54.21773119,59.20274492,59.47094105,65.18395027,71.39296805,71.08231103,64.67429292,57.18854235,50.16761729,50.01009292,49.80529582,47.5865133,45.43361819,45.69117431,43.79675755,40.24023785,39.63994356,37.34332355,38.10835295,37.13401628,36.96924492,47.07122189,51.87594653,54.36056306,55.36175832,55.32562311,54.45162138
Poland,,,,,,48.89218593,43.30446878,42.84149263,38.81290584,39.48905203,36.51122526,37.27833887,41.69652846,46.56318505,45.11293908,46.60381953,47.27128828,44.49940173,46.73496007,49.82090334,53.44600159,54.55833194,54.26395171,56.3711986,51.06085969,51.26788055,54.19759346,50.61355351,48.81815461,45.68394034,57.6877556,57.39478516,56.0585688,55.37242362,55.26458928,55.40204635
Portugal,56.4343487,59.90442676,54.44993283,53.63954875,56.62963023,58.31047551,59.51038456,55.19838094,51.842153,51.06464454,50.33699465,53.43689675,56.2130053,58.68918406,62.03940403,67.43436094,69.16980832,72.72796173,75.64259185,87.79908834,100.2144637,114.4030365,129.0350431,131.4297479,132.9406999,131.1791232,131.5057446,126.1430253,121.4814403,116.8409058,131.6284345,131.4208321,125.5538925,122.0212179,117.5548868,113.9406529
Puerto Rico,,,,,,,,,,,,,,,,,33.44665956,36.89744046,40.76428752,46.50818868,48.33899387,49.99689615,53.73230425,52.30833611,54.54627944,52.73608772,49.87720806,51.20614045,55.67343377,58.11890253,67.90144658,64.82636977,63.3597517,62.30305953,61.26635433,60.18384208
Qatar,12.58962331,21.77028353,19.90952752,46.27888475,54.77685275,50.20409237,57.83715454,54.38221626,76.56518898,81.84591059,51.59936088,59.22463168,47.66579037,38.78811579,30.06095164,19.12558362,13.94701919,9.365215074,11.35667783,35.98043339,30.42520426,33.4738776,32.11841064,30.88322557,24.91195724,35.54685472,46.70676233,51.56882417,52.17736098,62.27651255,71.77940413,59.83351617,53.86173971,49.2241116,46.68756469,43.89857236
Romania,,,,,,,,,,,29.55840694,27.40916285,27.38266846,24.8801569,21.32925849,17.76684181,12.69146634,12.43072735,13.00405717,22.45165894,30.84541673,34.25055633,37.9650797,39.05632695,40.42620925,39.38793693,38.9508186,36.83600466,36.4679738,36.82339746,50.10453623,52.62175502,55.03090716,57.55474376,60.05320837,62.29203173
Russian Federation,,,,,,,,51.51938676,135.1933021,92.37937854,55.86837126,44.43815523,37.5771881,28.33419775,20.82789827,14.85062992,9.803901173,8.032695583,7.44624468,9.918191753,10.10526429,10.34015419,11.16743956,12.3480622,15.13583188,15.28641254,14.8493203,14.31106446,13.61960998,13.79978032,19.34507807,18.13463267,17.73571158,17.61558723,17.70480342,17.33533063
Rwanda,,,,,,119.5100907,98.98163823,85.67293615,83.14916602,92.95581875,102.5273122,98.62876447,107.9614197,92.10999813,92.08418725,67.00029782,22.43061516,22.02866189,18.21564791,18.42750805,18.74920893,18.64501952,19.005478,25.96233624,28.19774182,32.22219115,36.38190219,41.31654259,44.99081836,50.9653761,60.96242007,66.0487203,67.86758974,68.4432939,67.065192,65.55060461
Saint Kitts and Nevis,,,,,,,48.85771389,66.52270291,77.41614292,89.18483717,96.47671616,105.1749119,119.7173704,140.6837984,153.1296707,156.7802384,141.9195284,133.995905,129.0224852,136.6102781,145.1203083,135.037654,126.5521441,94.85188943,75.25128372,67.00737329,59.63288486,59.41253749,57.21230315,56.28359176,65.4596952,72.47937206,69.04351055,66.21664972,64.01382642,63.21915617
Saint Lucia,16.96838564,19.73847626,22.1970332,22.9168809,23.73627131,22.87959424,24.0372963,27.1925421,29.42776503,28.8574283,32.42766568,38.06477562,48.77521446,45.55642865,49.52525155,51.85995501,48.52293231,48.86801589,46.313958,50.91709664,52.84840967,54.9094285,60.50036655,61.88949162,62.15915078,61.04639979,61.36507453,60.36949241,60.38965554,61.32109456,85.59606365,91.28574731,88.7148353,90.85272877,90.29148452,89.70216701
Saint Vincent and the Grenadines,58.25962864,56.22286242,53.54861683,51.93558899,57.04904653,50.54928858,43.93763213,41.90013944,42.69939635,57.08525884,58.60885438,56.52413155,55.39407939,53.90966115,62.01528386,65.44852956,64.11601021,52.84632035,56.740837,63.57155557,65.44872262,68.76746734,72.45714023,74.97497871,79.42011623,79.36069204,83.53029708,73.50057633,75.64220204,75.11509778,87.17814331,91.76571604,90.24203481,90.91254931,89.67727968,87.57139152
Samoa,,,,,,,,,60.46657655,60.97627476,57.20672655,55.170083,51.58369539,43.86559863,40.86884001,35.0312191,34.3592144,32.27726138,28.90590008,34.11207793,41.31880641,41.90344135,51.77258715,56.02582814,57.75808623,58.92924411,51.72408832,49.63960211,52.82923955,47.44547233,46.69414714,48.9749164,54.08594456,56.76813268,56.38830539,55.96679026
San Marino,,,,,,,,,,,,,,,16.91400151,14.4779562,14.15440678,12.95961934,15.81308076,20.42431692,20.33722934,19.47606964,23.30970049,34.97517164,32.8626523,33.50274461,35.24595248,76.64118271,78.54350827,84.477896,102.3309998,102.5522159,100.8985808,100.4254346,100.1290631,99.45395711
Saudi Arabia,,39.35185565,47.79953663,58.59852049,67.86955217,74.24765176,75.20616067,76.70414913,101.5232038,102.9917876,86.7017724,93.1477989,96.35169677,81.56423111,62.92820228,37.34243593,25.83084114,17.11543057,12.05599459,13.98903765,8.425984252,5.383081427,3.036335667,2.147829485,1.561886416,5.799849038,13.09257457,17.15960312,18.97959607,22.79019222,32.43486807,31.02831513,31.68211645,31.05709834,32.22273439,32.39188058
Senegal,,,,,,,0.071364819,67.84545971,18.79983617,14.98925441,57.5140056,53.2088107,51.9928677,42.88333441,37.9985379,36.12993509,17.48667264,18.96278186,19.07349327,27.1290368,28.49833495,32.87664059,34.48871962,36.8604693,42.36570882,44.50872572,47.5235874,61.13942173,63.52943417,64.79831324,65.81125015,66.83297581,66.59056731,62.50884774,59.88003584,58.57062918
Serbia,,,,,,,,,,,224.5955186,106.2313644,76.06766653,71.70927759,62.13539348,51.2762827,37.94561526,31.18274825,30.53514669,33.90194327,41.18650249,43.93715276,54.40199612,57.46845453,67.53974334,71.23258266,68.77235126,58.64910102,54.40545789,52.76879853,58.36852326,58.98778348,56.43369289,53.86837225,51.03123254,48.2188287
Seychelles,80.35345941,89.22317644,79.90513461,82.17974426,123.4526477,133.522371,146.6610165,143.0125295,161.240345,159.7867971,177.8371687,199.7868249,195.8598771,176.974925,163.2258289,144.0642801,135.0705393,143.9971822,192.1023645,106.125315,82.22352741,82.50838387,80.06925986,68.19897249,72.73117007,67.14818585,69.1382018,62.12202038,59.08427902,57.74568087,98.37453702,110.3570224,108.5038675,103.549366,95.92138491,84.75463932
Sierra Leone,,,,,,,,,,,,180.6691951,158.8242087,160.3478798,151.5976557,130.8975795,103.2288687,42.16563329,42.37418752,48.0503823,46.84909688,42.10631844,36.42784368,30.58875666,35.08945607,45.68599281,60.72486829,69.15461354,69.0892939,71.65616157,71.94748669,70.37399164,69.30224796,67.50743804,64.31432226,60.74371298
Singapore,73.50801121,76.35128081,79.0233739,71.1927793,70.69136016,69.82314147,71.27187712,70.78674027,84.64577009,85.31997764,82.25568185,94.47077834,96.31035887,99.13106868,95.6913097,92.66275343,86.52362743,87.78860059,97.85262316,101.6784633,98.69788873,103.1319694,106.7368093,98.17723594,97.75386937,102.2440985,106.5369901,107.7625277,109.751062,129.0095939,128.3709582,129.5402592,130.708916,131.8938124,133.0951742,134.31323
Slovak Republic,,,,,,21.59280038,30.63554956,32.98890665,33.91761153,47.05040653,50.45181627,51.11259839,45.29741893,43.24173811,41.71503318,34.73181515,31.42694925,30.34542156,28.59885844,36.36089897,40.95810596,43.44732801,51.78074856,54.72485789,53.55192546,51.91763563,52.41272524,51.69000688,49.86352794,48.45832108,60.66095095,63.97655163,64.28620356,63.30387638,63.36226846,63.96937942
Slovenia,,,,,,18.24104235,21.56116997,22.058324,22.73023359,23.71042458,25.91775358,26.06240868,27.35788964,26.7774945,26.8971558,26.39865905,26.06107981,22.84801916,21.78601845,34.52636747,38.26927255,46.45777228,53.56119305,70.00573321,80.29882315,82.5875231,78.51999842,74.14872666,70.29147933,65.5976327,81.45201006,80.53455674,78.23610989,77.68022107,76.73773066,75.45195415
Solomon Islands,,,,,,,,,,,,,,63.00635112,53.18724506,47.97085691,42.30477297,34.3470161,20.73077562,27.49551189,22.9476815,18.3440543,15.14676929,13.4848628,10.46188054,8.964420397,7.070833374,8.386496668,8.299621468,8.312531992,13.93869066,22.28462837,26.16867204,28.60264637,30.8507838,33.46752741
South Africa,,,,,,,,,,,42.21017326,42.40181084,35.54731303,35.42751888,34.39266488,33.21230267,31.3551158,27.06069963,26.5067666,30.07931245,34.67616009,38.22798801,41.00091215,44.10257468,46.98754306,49.33470918,51.46455887,53.02161047,56.70999748,62.15141922,77.06373675,80.78039263,84.35285513,87.20659271,89.87953113,92.5328671
"South Sudan, Republic of",,,,,,,,,,,,,,,,,,,,,,,8.905728165,17.58698602,37.63167995,59.27205822,104,60.7,46.3,35.46683829,44.88052788,46.97412852,41.16143138,37.28519871,32.72379304,29.79452557
Spain,41.35587769,41.91605628,44.18812686,54.63545321,57.09019874,61.66342811,65.69288876,64.40887911,62.46834603,60.7629298,57.81533671,54.04952903,51.24999213,47.71173551,45.36550439,42.43016282,39.0638758,35.76457534,39.71200388,53.26130253,60.51524971,69.85044244,86.3068814,95.78221754,100.700498,99.30298305,99.16630351,98.55666242,97.43482642,95.50821275,117.0826622,118.3517624,117.322978,117.2543515,116.8445567,117.653288
Sri Lanka,81.59610261,83.20394544,80.56678234,81.83762438,80.52016463,80.42712911,78.7945544,72.50901607,76.74323112,80.31191426,81.86966304,87.2052451,99.5446172,89.36161122,89.4120952,79.16875301,76.79143801,74.26845475,71.09887073,75.20018047,71.56973202,71.10804302,69.60878048,71.77578482,72.21659563,78.48686404,79.01641069,77.90179868,84.20943596,86.80200358,100.0781466,105.4450823,107.6813991,107.8477285,107.4017236,106.7266084
Sudan,,,495.200506,285.894968,386.4743135,239.0213986,220.8767077,167.6710061,179.6649665,160.4879779,143.2484203,125.5874711,121.7197493,117.3531469,97.80407084,75.47738646,63.70628969,53.69193747,55.75640121,70.99494624,74.56790681,78.11317292,117.6713326,105.7524575,84.42568924,93.19327947,109.9378339,152.8804023,185.6104189,200.3485043,262.5191847,211.6555842,185.8936962,174.8116496,171.3230913,168.2106029
Suriname,78.03835827,81.06591788,68.94309457,54.66484328,32.65556136,17.40883743,12.6028578,17.9682151,23.17550356,34.58839129,38.26924036,39.82597665,38.11782144,33.50568778,31.56976237,29.02564137,24.13097212,17.58029978,15.8189311,15.68470663,18.54233462,20.06347181,21.51756618,29.87622209,26.99162932,44.01580476,79.2909609,79.79456103,76.29297713,92.50769094,165.7656847,157.396298,153.3724289,153.3520636,156.8292431,161.6339992
Sweden,,,,65.71050262,68.15032278,68.32512277,68.67886282,67.4293578,65.13073109,60.06735998,50.22920074,51.7630688,49.7670817,49.27086635,48.47621753,48.76808417,43.66659107,38.97691699,37.51052457,40.73905914,38.06559863,37.14909581,37.49932542,40.16092413,44.87215514,43.7386955,42.25456175,40.7324262,38.86046162,35.12556957,38.48935258,40.38836079,40.23171853,38.83037016,37.32686905,35.67278037
Switzerland,33.293467,35.041881,39.45991577,44.36042693,47.06209355,49.96589477,51.25867346,53.59144336,55.83664868,52.57583097,52.10570256,50.93987212,57.50795767,56.67993696,57.57497166,54.63779177,48.24576838,44.4927923,44.56914639,42.76398757,41.14311304,41.54368879,42.20924527,41.56500675,41.60674731,41.65542809,40.48120564,41.20433999,39.2152938,39.76141402,42.94908848,44.82583005,44.10841915,43.35852954,42.34385437,41.4938475
Syria,189.7565944,182.4246293,173.6214342,171.9394722,162.9812222,152.6423337,141.4788716,147.6234039,151.2253563,147.697721,152.0944453,144.4899612,132.4270934,133.37035,113.0472106,50.71028784,44.97726846,42.67188358,37.31915911,31.21209538,30.02441131,,,,,,,,,,,,,,,
São Tomé and Príncipe,,,,,,,,,,,,410.1422169,362.3848936,325.5927015,347.3783957,295.7476549,269.6368468,103.8084429,58.54933174,72.4167523,79.53855351,78.01944307,81.03687489,71.15065881,69.45725106,85.79734604,95.29749561,85.83887025,83.07863173,73.06949544,81.38469029,72.36755152,67.59056262,63.49287873,59.22743137,55.54068021
Taiwan Province of China,,,,,,,,24.98249025,23.68664506,23.69011463,26.22729485,30.12556341,29.7788214,32.14996042,33.44575195,34.06781358,33.2969738,32.15654512,33.35318323,36.71079524,36.88986294,38.34263029,39.20493345,38.89474686,37.48843265,35.94143211,35.36392039,34.51358081,33.91885463,32.68982875,33.66982914,32.50313788,31.02443421,29.32375109,27.39618375,25.44358481
Tajikistan,,,,,,,,,96.56652361,107.8066914,111.4289075,99.44864407,93.53846901,65.836045,48.14117085,45.84328216,34.33248634,31.27973544,28.10954748,36.3969582,36.62074569,35.293133,32.26088946,29.08418102,27.65070844,34.69066277,42.09266066,50.2930833,47.81909602,43.12571879,48.13609101,49.82822832,49.22647345,49.02833721,48.82449749,48.46177635
Tanzania,,,,,,,,,,,,50.77035923,47.37142268,44.37581767,44.52162833,46.09134996,32.37520258,21.29161405,21.20974946,24.01338929,27.15618417,27.78275205,29.23067673,31.40219492,34.55229367,37.13707696,37.02375384,37.67135291,38.69892968,38.24181977,38.18168566,37.9049192,37.36180626,37.11517507,36.78866817,36.27735207
Thailand,,,,,,,15.19338456,40.45495871,49.88091399,56.5852135,57.82558309,57.46924756,54.90157106,47.50108846,46.2658992,45.46163746,39.17738515,35.98522732,34.9466889,42.36411714,39.83136183,39.1159381,41.92972325,42.19042233,43.33460026,42.55870123,41.7453922,41.77766224,41.95003636,41.04318549,49.63724767,55.92539725,54.66317927,54.19338059,53.78288801,52.67150801
Timor-Leste,,,,,,,,,,,,0,0,0,0,0,0,0,0,0,0,0,0.001887539,0.455707276,1.524530792,2.942100244,4.67638971,6.644786098,9.288287346,9.574845335,12.18178706,14.9601369,16.45582011,18.01398092,19.59446826,20.74598262
Togo,,,,,,,,,,,,,,,,63.08262855,67.74437028,75.8552178,68.7349435,59.71047522,34.32122031,35.09041246,35.57858958,42.41839297,46.5357001,53.4461866,60.30173303,57.03355618,57.33419678,53.57055873,57.60036397,59.96746192,59.88913304,58.50747542,57.00756226,55.6248743
Tonga,,,,,,,,,,38.40243902,43.56161793,53.3967247,60.66236874,56.22087635,52.24846987,43.348795,39.55002472,37.81587066,34.00523344,39.72686234,44.73220915,51.8534321,54.42937987,49.03808529,47.47648238,51.17606618,49.414586,43.64718536,45.87146811,41.28057703,41.56142297,43.71064078,43.19318437,40.67367798,46.78259785,54.53694252
Trinidad and Tobago,47.70845326,49.47712617,49.15196075,58.78571465,52.5816955,50.13765002,46.98001285,46.1142425,42.77645847,42.15214981,38.9113807,36.6125712,35.61903806,29.04524159,23.20782869,19.01229929,16.20707839,15.65362338,13.0207446,20.03863951,19.58273163,27.976857,24.57030584,24.37888473,23.44660598,28.08706922,37.67609669,42.40876577,41.81193673,46.73567029,60.54309127,61.63438852,64.85967087,68.44456903,72.0798872,75.44101618
Tunisia,,66.39272751,65.15124179,66.90458757,67.0138354,68.83837406,70.06305112,69.89359135,61.04179772,64.95491253,65.93506436,54.7069904,54.15121637,55.12789343,54.101214,52.42196269,47.95197154,44.79389746,42.01692683,40.69004145,39.21724766,43.06799278,47.67635498,46.84502952,51.52902713,55.40244124,62.28184455,70.91432416,77.45935376,71.82472791,87.63543195,91.19003547,93.85225265,96.49558558,98.45434203,99.7345886
Turkey,,,,,,,,,,,51.31846937,75.51092404,71.523087,65.16992608,57.16812106,50.2230088,44.25734883,37.79931839,37.79531759,43.49085539,39.72305435,36.16969276,32.44203172,31.16038647,28.48832621,27.36206085,27.99898264,28.02724594,30.17274531,32.5980499,36.76463992,37.1055778,38.80854639,40.32041905,41.79063267,42.58023084
Turkmenistan,,,,,,,,50.65235856,64.40992348,52.61403001,43.50789967,26.89911799,19.07758621,13.34974971,9.007553509,5.378848533,3.334428219,2.415501354,2.809101105,2.435987919,4.035072917,10.04811859,18.06618867,19.9854761,16.81293067,22.09567325,25.141729,30.5291899,31.44500759,32.90993133,31.03161319,25.95949192,25.46855453,29.80349043,33.05071507,34.69855201
Tuvalu,,,,,,,,,,,,,,,,39.40819271,39.74343724,34.50775514,36.31320066,27.64982377,25.03336685,22.37917196,22.08031118,23.74933318,24.08064086,23.66305298,20.21239722,18.12975023,17.28207633,16.25568197,14.25171223,11.79294943,9.849466362,8.23441607,6.894072903,5.802704367
Uganda,,,,,,,,44.19485508,45.09312301,47.71754552,48.54464988,51.35231188,54.71096425,55.13935675,48.96601973,42.56278657,27.75801277,16.97557317,15.65383821,14.79281222,18.35494602,17.95944248,19.49138507,22.07978225,24.76785201,28.67198533,31.03696921,33.65417021,34.88278056,37.25376354,45.74361681,48.83337719,50.30789509,50.96597978,50.10648561,47.87053566
Ukraine,,,,,,,,28.89183842,46.53736631,58.95884698,43.7895319,36.69002369,33.57956195,29.38022578,24.79809233,17.74063191,14.80060219,12.26663711,20.41297763,35.42476752,40.62584289,36.87567214,37.54153797,40.51880791,70.31687077,79.5028094,81.17566838,71.61982418,60.30763382,48.76423259,60.74658443,58.12432498,54.40100089,51.61041623,48.57039687,46.54763434
United Arab Emirates,,,,,,,,,,4.815314955,3.092657765,2.689688483,3.427151142,3.331996594,4.079731317,4.481496626,5.05165651,8.890522768,8.949136556,21.13607333,19.47331838,21.46719789,21.20976295,16.01573423,14.19461895,16.65038836,19.3658089,21.62336629,20.90607308,26.83346977,38.32886764,37.1050461,39.20769927,39.96806096,40.18206338,39.85031032
United Kingdom,28.55899936,28.49769797,33.24080386,37.99422486,40.789711,43.7379805,43.84584438,43.26724455,40.92947886,39.43122975,36.73382608,33.99925332,34.21519933,35.39812512,38.39094803,39.591813,40.51569334,41.54739228,49.32688756,63.19320535,74.27291073,79.97477323,83.16134761,84.15602448,86.06071472,86.71954808,86.77533398,86.31434238,85.77518265,85.24322733,103.6586284,107.1269986,109.1329665,110.6846224,111.3742927,112.1966163
United States,,,,,,,,,,,,53.1463996,55.504437,58.6152772,66.1224565,65.46997402,64.19715374,64.66542923,73.70829192,86.75551295,95.49254438,99.84247809,103.3538885,104.8418855,104.5694496,104.6694813,106.6221199,105.6243842,106.6001565,108.1899294,127.1134655,132.8391864,132.0768505,132.4452574,132.9898444,133.8510257
Uruguay,,,,,,,,,,,,,,,,,,,46.41108637,46.39666672,41.04539924,41.44494252,50.02941122,50.27125422,51.39204806,58.15151628,56.78012393,56.52028331,58.56744348,60.18227097,66.2641743,67.99576937,67.89526555,68.08430107,68.36348715,68.20262717
Uzbekistan,,,,,,,,19.89241317,21.63050827,22.03061426,32.3526144,48.30071637,44.60626584,33.67573391,28.79442332,22.52745209,14.54557171,10.28475499,8.949145206,7.827903613,7.118041198,6.741266853,7.169473206,6.605581497,6.419826396,7.081424955,8.628279417,20.2261343,20.43205225,29.41472164,37.90840209,42.29322331,44.29276627,44.04105712,42.99882403,41.76735496
Vanuatu,,15.90778059,21.03595366,20.27383532,21.59912905,24.06159388,23.05817582,22.94319694,28.04586361,30.61948949,36.10835022,37.03586288,38.80623043,38.26381101,30.41222459,26.27375545,22.1607389,19.48126583,21.2129362,21.12430245,20.22324451,21.29888978,19.27971362,18.63039112,19.84352826,37.45448483,43.55323605,46.36048253,48.08322651,45.34239007,44.20785593,48.72705085,50.11231503,51.25185742,52.73696419,54.32103029
Venezuela,,,,,,,,,26.31718102,24.6741862,19.08765391,19.30303973,39.96581969,37.85194242,28.12717381,24.45166104,16.44107093,19.0683615,15.38334247,18.91287009,24.99550999,31.65190277,30.11553502,33.23508631,25.14193112,11.04453157,5.054107605,26.00426628,180.7886827,232.7861452,304.1254481,333.4344598,348.1636646,351.3756433,354.7244055,357.8671421
Vietnam,,,,,,,,,,,24.75476129,25.4202187,27.71137548,29.83524933,29.3627109,28.66914932,30.24826994,32.20952807,31.04530126,36.34839075,36.84768391,35.77724942,38.32996887,41.4128976,43.64233504,46.11599934,47.63673737,46.30858943,43.58030824,43.36547588,46.61507178,47.97481743,47.33837801,46.76402075,45.83602187,44.89826019
Yemen,,,,,,,,,,96.05025159,60.84074503,60.56857804,57.82722756,56.82301164,52.06809444,43.8007105,40.84237166,40.40790584,36.42126603,49.84235784,42.37957253,45.72598481,47.31237793,48.19976223,48.72214484,57.03128996,72.25535424,77.42633664,74.54397531,76.52701473,83.15595906,72.97646935,67.93547317,59.36316588,54.21585652,51.25264531
Zambia,,,,,,,,,,,260.9641718,210.2425832,180.2436455,159.4577845,129.9141177,75.73041104,24.99856835,21.93170965,19.1962754,20.52214894,18.89788861,20.8081215,25.43380678,27.08097746,36.12864239,65.55053604,60.64616129,63.00842162,77.32850036,94.49657365,117.7613509,118.7314347,129.5322481,132.2205531,140.8563258,145.0444752
Zimbabwe,,,,,,,,,,,,,,,,33.06135093,39.43693613,44.66965925,61.07679246,58.70899509,47.57679539,42.85774135,38.26484522,36.94388736,42.21130618,47.473139,48.49010504,43.72589019,33.63371645,112.1181497,88.87320904,51.35935552,54.97080677,57.97645565,56.91356532,55.89544924
Advanced G-20,,54.31044539,58.49386184,63.72744863,69.83797783,74.00173094,76.18980258,,,,,72.4984938,73.84400073,76.65803984,81.48368971,81.22744667,78.77570378,76.87635246,84.52231118,98.88835899,105.8810255,110.2754161,114.1422598,112.237775,111.4065935,110.6784727,113.7179738,111.447495,111.1765446,112.7434143,130.8370365,133.7186148,132.8010089,133.0731295,133.0305365,133.0613501
Advanced economies,,54.99808446,59.19052689,64.74493395,69.85908813,72.79258837,74.41938139,74.3423098,76.41883497,79.96586337,81.15047145,69.66217933,70.69931707,72.83420009,76.61453667,76.08589341,73.38177196,71.08044958,77.80141865,91.02505392,97.48334726,101.5475336,105.6347566,104.1500802,103.6463493,103.0474369,105.4890442,103.1165092,102.5235616,103.7799436,120.1224474,122.5142167,121.6494273,121.7501269,121.5154993,121.3704664
Emerging G-20,,,,,,,,40.71437371,50.10670971,46.11940608,48.58422198,49.387883,52.55769614,50.58521258,46.72006787,42.43205442,38.81985505,37.93799705,35.61588129,40.53675773,38.89460196,37.84826141,37.38993234,38.55440351,40.98015225,44.00835371,48.80162287,51.45204381,53.28328388,55.83935362,65.61913652,66.69610902,69.43861891,71.79150719,73.9110725,75.69459722
Emerging Market and Middle-Income Economies,,,,,,,,40.89886328,47.77167718,44.74066556,46.02996482,47.14451775,50.68519949,48.99750269,46.25960126,41.6273225,37.49779181,36.05722035,34.04296632,39.30125118,38.1045514,37.25142638,37.14171178,38.32707362,40.4093876,43.59720154,48.3873137,50.50062003,52.44366436,54.73739581,64.35549505,65.07494462,67.26834569,69.17283252,70.8440348,72.18261569
Emerging and Middle-Income Asia,,,,,,39.55507969,34.50832849,36.64764662,36.64810847,38.70031506,43.44628521,43.62027765,44.46809019,44.89203426,43.8295994,42.04881947,39.24885572,40.19532386,36.75834031,41.66077114,40.19384134,39.6158501,39.60038261,41.28575183,43.39541419,44.9275272,49.95123116,52.7981807,54.42739444,57.27667372,67.64227077,69.87768409,73.02514235,75.61617921,77.83872816,79.78477104
Emerging and Middle-Income Europe,,,,,,,,48.41738041,86.99733262,64.92070161,50.36391796,49.95089153,46.82756523,42.91943621,36.50449197,31.45462217,26.19087538,22.83232477,22.92698127,28.23927359,27.99756902,26.7605882,25.67385178,26.60938826,28.86452801,31.1070814,31.97507783,30.06233674,29.73743157,29.16141057,37.60018803,36.92598791,37.24424062,37.67791721,38.18268127,38.38264527
Emerging and Middle-Income Latin America,,,,,,,,,,38.28164373,45.81473643,47.23038722,57.79906613,57.87784176,54.02164551,49.87322671,47.09501343,45.96180047,45.98494337,48.71869741,47.45498767,47.05472377,46.7595883,47.37974524,49.54203564,53.02134012,56.41491234,61.07002024,67.45962521,68.37189723,77.68064903,75.91753804,76.00482963,76.29717074,76.4685749,76.19108043
Emerging and Middle-Income Middle East and North Africa and Pakistan,,,64.21094754,,,,59.30844297,55.94302576,63.93848068,53.32358944,45.38558104,50.08477888,58.85482061,53.47138161,55.4962232,41.5454155,32.84823538,28.18650013,22.86469638,29.26766281,25.88194651,23.35945491,23.74104239,23.94421031,23.91705274,31.43548367,42.38599129,41.81815208,41.19983015,45.82928245,53.81746791,50.8286886,51.93101926,53.05249665,54.07438144,54.59580292
Euro area,,,,,,71.45139124,73.4845102,72.98857326,72.61039628,71.50668303,69.04254307,68.04505947,67.99711777,69.32795469,69.6519526,70.36484264,68.37622277,65.97245348,69.66899944,80.25534592,85.78971023,87.67111822,90.70258649,92.58900653,92.77898432,90.92895102,90.09010505,87.68852808,85.75060419,83.99971065,96.85518283,98.21333293,96.54586584,95.63133368,94.39321621,93.09911188
Low-Income Developing Asia,,,,,,,,,,,,,,46.22222008,43.99311954,41.71444465,40.45799154,39.11847649,36.67802983,38.86486422,37.1864205,36.53801153,36.36662468,37.87070083,38.52747609,39.06381202,39.85792233,39.31717364,39.1582315,39.56809006,42.911308,45.21680717,45.52914288,45.38674341,45.15971844,44.83349476
Low-Income Developing Countries,,,,,,,,40.83135833,42.68501092,68.44717655,73.45909518,71.42646818,68.14058421,61.4802156,55.79259548,45.57255442,33.85030301,29.94153101,28.06970389,30.46488299,28.72059466,30.04379937,30.5190684,31.67659602,32.1375659,36.48447795,39.78394944,42.20223012,42.81878064,44.33250315,49.52043657,48.6290647,48.24021731,47.46805018,46.92311211,46.33615519
Low-Income Developing Latin America,236.5430288,,,,,,,58.79054252,56.3975138,61.96927418,61.61617779,58.55838904,66.63627762,71.86077584,59.058849,51.56311956,41.28947942,28.28782309,27.0057913,23.68038966,25.40951367,24.85715873,27.20327257,32.28859099,30.06576502,30.89923107,32.4352432,33.60835892,35.03334156,38.64369298,41.41625744,42.3542797,43.0739629,42.5975521,43.88669618,44.14722616
Low-Income Developing Oil Producers,68.47714562,71.35950303,66.02139155,67.45756437,54.48999585,33.41793695,24.79858027,23.81079458,22.02988933,65.71060073,62.00797913,58.07804971,48.33204576,47.93124549,41.58677952,23.95879616,14.86777075,13.31106986,11.59123117,14.38251353,13.35088789,20.23309722,20.22039985,21.05481021,20.75952315,24.67037547,28.76888693,30.93502725,31.90694346,32.94299578,38.64233518,35.17253893,35.04278968,34.90972938,35.39238238,36.3444953
Low-Income Developing Others,,,,,,,,75.59281492,86.74105191,78.2692117,81.18950833,85.3027796,107.3907674,95.46973531,81.88322737,66.81060163,45.2352992,38.92531301,37.08301232,42.8778544,41.59724756,40.60852464,45.99660407,43.07681063,39.2431863,44.70996931,51.83940221,66.56475845,68.48263381,69.48917316,88.34909351,78.2311215,71.92111821,67.63631596,65.07099544,62.90208245
Low-Income Developing Sub-Saharan Africa,,,,,,,33.45142204,35.86149908,34.90111583,65.44511673,81.61132385,74.40128435,65.49079062,61.5030275,55.96726764,42.54674551,28.42374076,24.35733919,22.71725231,24.25547915,22.1232916,24.90817775,24.86880934,26.61324661,27.84753956,33.52408214,37.38001185,40.1454602,41.86190648,44.18236488,49.09559059,47.17328307,47.18331099,46.47205391,45.94623871,45.3864662
Major advanced economies (G7),,56.78142037,60.94706618,66.59936171,73.41415547,78.13329587,81.14358059,,,,,74.84048946,76.5340856,79.64323132,84.87315483,84.85571222,82.37983225,80.69071533,88.62949494,103.5108112,111.7640197,116.7433948,120.8554365,118.6455579,117.4609932,116.2113639,119.3443503,117.2087541,116.8461488,117.9501391,136.689186,139.4979398,138.0669895,138.1870135,138.0654678,138.0535
,,,,,,,,,,,,,,,,,,,,,,,,,,,,,,,,,,,,
"©IMF, 2021",,,,,,,,,,,,,,,,,,,,,,,,,,,,,,,,,,,,
