Country Name,Country Code,Indicator Name,Indicator Code,1970,1975,1976,1977,1978,1979,1980,1981,1982,1983,1984,1985,1986,1987,1988,1989,1990,1991,1992,1993,1994,1995,1996,1997,1998,1999,2000,2001,2002,2003,2004,2005,2006,2007,2008,2009,2010,2011,2012,2013,2014,2015,2016,2017,2018,2019,2020
Aruba,ABW,"Government expenditure on education, total (% of GDP)",EDSPENDPCGDP,,,,,,,,,,,,,,,,,,,,,,,,,4.763909817,4.395540237,4.714680195,4.739860058,4.923649788,,4.408480167,4.68132019,,4.815040112,4.999229908,5.924789906,6.929269791,6.119130135,6.549059868,6.505380154,5.905210018,5.975709915,5.524149895,,,,
Afghanistan,AFG,"Government expenditure on education, total (% of GDP)",EDSPENDPCGDP,,1.30332005,,,,1.73980999,1.840929985,1.909170032,1.729979992,,,,,,,,,,,,,,,,,,,,,,,,,,,,3.479449987,3.462009907,2.604199886,3.454459906,3.695219994,3.255800009,4.228360176,4.058869839,,,
Angola,AGO,"Government expenditure on education, total (% of GDP)",EDSPENDPCGDP,,,,,,,,,,,,4.090219975,5.722690105,5.058509827,,,,,,,,,,,2.567120075,,2.607530117,,,,,2.120110035,2.281460047,,,,3.421319962,,,,,,,,,,
Albania,ALB,"Government expenditure on education, total (% of GDP)",EDSPENDPCGDP,,,,,,,,,,,,,,,,,,,,,3.44698,3.814640045,3.083509922,3.37947011,3.536979914,3.592930079,3.430170059,3.458699942,3.117799997,3.138240099,3.227519989,3.281549931,3.191459894,3.275929928,,,,,,3.539299965,,3.437969923,3.962090015,3.611720085,,,
Andorra,AND,"Government expenditure on education, total (% of GDP)",EDSPENDPCGDP,,,,,,,,,,,,,,,,,,,,,,,,3.713279963,,,,,1.65971005,,1.544119954,1.644970059,2.244899988,2.104690075,2.873929977,3.142920017,2.976629972,2.98706007,,2.506160021,3.074209929,3.28034997,3.237070084,3.217089891,3.246720076,3.151619911,
Arab World,ARB,"Government expenditure on education, total (% of GDP)",EDSPENDPCGDP,,,,,,,,,,,,,,,,,,,,,,,,,,,,,,,4.6707201,,,,4.33701992,,,,,,,,,,,,
United Arab Emirates,ARE,"Government expenditure on education, total (% of GDP)",EDSPENDPCGDP,,,,,,,,,,,,,,,,,,,,,,,,,,,,,,,,,,,,,,,,,,,,,,,
Argentina,ARG,"Government expenditure on education, total (% of GDP)",EDSPENDPCGDP,1.458089948,1.843600035,1.165639997,1.71984005,1.935549974,2.400279999,2.607150078,,1.597869992,1.617499948,2.56972003,1.361860037,1.26154995,1.282299995,,1.046120048,1.067379951,,,,,,3.731980085,,4.039869785,4.521679878,4.580309868,4.833740234,4.017340183,3.535049915,3.486520052,3.860009909,4.128210068,4.462600231,4.844409943,5.531050205,5.019710064,5.290629864,5.345829964,5.436610222,5.361440182,5.776110172,5.545489788,5.462230206,,,
Armenia,ARM,"Government expenditure on education, total (% of GDP)",EDSPENDPCGDP,,,,,,,,,,,,,,,,,,,,,,,1.848430037,,,2.235189915,2.772730112,2.469439983,2.135040045,2.145040035,2.486730099,2.712029934,2.715770006,3.018939972,3.172729969,3.840790033,3.249000072,3.143850088,2.772480011,2.650180101,2.247240067,2.80591011,2.75812006,2.707590103,,,
American Samoa,ASM,"Government expenditure on education, total (% of GDP)",EDSPENDPCGDP,,,,,,,,,,,,,,,,,,,,,,,,,,,,,,,,,,,,,,,,,,,,,,,
Antigua and Barbuda,ATG,"Government expenditure on education, total (% of GDP)",EDSPENDPCGDP,,,,,,,,,,,,,,,,,,,,,,,,,,2.753969908,,,3.394279957,,,,,,,2.517240047,,,,,,,,,,,
Australia,AUS,"Government expenditure on education, total (% of GDP)",EDSPENDPCGDP,,,,,6.008910179,5.896930218,5.654079914,,5.479750156,5.372010231,,5.40542984,5.280630112,5.06994009,4.918310165,4.749139786,4.676340103,4.794789791,4.692409992,5.516520023,5.254740238,5.143909931,5.240970135,,,,4.891469955,,,,,4.910299778,4.750199795,4.660890102,4.637760162,5.085820198,5.550059795,5.074510098,4.868999958,5.229740143,5.164770126,5.311270237,5.276780128,5.124249935,,,
Austria,AUT,"Government expenditure on education, total (% of GDP)",EDSPENDPCGDP,4.147160053,5.127960205,5.237659931,4.95401001,5.159790039,5.038159847,5.008969784,5.367809772,5.362989902,5.303780079,5.294469833,5.297210217,5.499959946,5.376110077,5.190730095,5.01816988,4.957250118,5.103219986,5.296979904,5.251999855,,5.428349972,5.259900093,,6.103740215,6.112339973,5.588809967,5.575479984,5.522130013,5.361830235,5.302430153,5.249370098,5.226520061,5.146900177,5.263959885,5.730249882,5.700479984,5.592269897,5.480400085,5.547110081,5.447619915,5.456580162,5.484350204,5.358039856,,,
Azerbaijan,AZE,"Government expenditure on education, total (% of GDP)",EDSPENDPCGDP,,,,,,,,,,,,,,,,,,,6.057970047,,,3.337369919,3.512569904,,3.380019903,4.212140083,3.853990078,3.503420115,3.154459953,3.286149979,3.447700024,2.974620104,2.555520058,2.549279928,2.44092989,3.224309921,2.780620098,2.435640097,2.067630053,2.442130089,2.633039951,2.951679945,2.903409958,2.473819971,2.455430031,,
Burundi,BDI,"Government expenditure on education, total (% of GDP)",EDSPENDPCGDP,,,,,,2.803359985,,3.346760035,,,,,,,,,3.359329939,3.493659973,3.805850029,,4.565269947,5.015110016,4.083240032,,,3.417449951,2.645479918,2.903909922,3.004930019,,3.74496007,3.632159948,,,5.192900181,6.171949863,6.775249958,6.319250107,6.167860031,5.995359898,6.784520149,6.370540142,4.691999912,4.762020111,5.078649998,,
Belgium,BEL,"Government expenditure on education, total (% of GDP)",EDSPENDPCGDP,,5.762819767,5.731040001,5.98883009,5.436339855,5.380350113,5.310639858,5.435319901,5.316730022,,,,4.852290154,4.577129841,4.300720215,,,,,5.372310162,5.411039829,2.988660097,3.049479961,,,,,,,,,5.795859814,,,6.332940102,6.458099842,6.442590237,6.431990147,,6.630529881,6.590469837,6.451570034,6.45953989,6.412280083,,,
Benin,BEN,"Government expenditure on education, total (% of GDP)",EDSPENDPCGDP,,,,,,,,,,,,,,,,,,,,,,,,,2.747889996,1.921939969,2.113660097,2.365099907,2.159490108,2.283159971,2.566900015,2.656680107,2.56340003,2.363310099,2.777280092,3.089270115,3.679970026,,3.562020063,3.327510118,3.161789894,3.17298007,2.899100065,3.535589933,2.933969975,,
Burkina Faso,BFA,"Government expenditure on education, total (% of GDP)",EDSPENDPCGDP,,,,,1.679829955,,1.961799979,,,1.754480004,,1.763960004,,,1.426079988,,,,,,3.451100111,,1.440260053,,,,,,,,,3.941139936,3.982189894,4.07983017,,,3.502229929,3.985150099,3.603159904,4.083439827,4.053299904,3.67008996,,5.603469849,5.383790016,,
Bangladesh,BGD,"Government expenditure on education, total (% of GDP)",EDSPENDPCGDP,,,,,,1.130929947,0.937600017,1.071499944,1.011639953,1.032670021,1.223029971,1.271180034,1.343490005,1.513640046,,,1.519119978,1.425660014,1.631770015,1.692620039,,,,1.952469945,,2.132819891,2.125080109,2.171930075,2.017149925,2.069390059,1.940140009,,2.131289959,2.202219963,2.05456996,1.939419985,,2.132699966,2.175499916,1.966160059,,,1.535539985,,,1.326320052,
Bulgaria,BGR,"Government expenditure on education, total (% of GDP)",EDSPENDPCGDP,,,,,,,3.52947998,,,,,,,,,,4.454060078,5.429619789,5.2604599,4.950489998,4.170660019,2.372070074,2.230079889,,2.739429951,,,3.384239912,3.386080027,3.998450041,2.319950104,4.108799934,3.903460026,3.682640076,4.222380161,4.27628994,3.882390022,3.566430092,3.49484992,4.074200153,,,,4.09250021,,,
Bahrain,BHR,"Government expenditure on education, total (% of GDP)",EDSPENDPCGDP,,,,,,,,,,,,,,,,,,,,,,,,,,,,,,,,,2.874409914,2.575000048,2.496779919,,,,2.645309925,2.476890087,2.467459917,2.668080091,,2.327810049,,,
"Bahamas, The",BHS,"Government expenditure on education, total (% of GDP)",EDSPENDPCGDP,,,,,,,,,,,,,,,,,,,,,,,,,,,2.232840061,,,,,,,,,,,,,,,,,,,,
Bosnia and Herzegovina,BIH,"Government expenditure on education, total (% of GDP)",EDSPENDPCGDP,,,,,,,,,,,,,,,,,,,,,,,,,,,,,,,,,,,,,,,,,,,,,,,
Belarus,BLR,"Government expenditure on education, total (% of GDP)",EDSPENDPCGDP,,,,,,,,,,,,,,,,,,,,,,,,,,6.000010014,6.196619987,,,,5.712259769,5.871029854,6.076960087,5.152100086,,4.368939877,5.220039845,4.684790134,4.959640026,5.009419918,4.818309784,4.787519932,4.946549892,4.794990063,,,
Belize,BLZ,"Government expenditure on education, total (% of GDP)",EDSPENDPCGDP,,,,,,,,,,,,,,,,,,,,,,,,,,5.44343996,5.028429985,5.79708004,,5.24905014,5.33630991,,,,5.772630215,6.178120136,6.719810009,,,6.425360203,6.614729881,6.88888979,7.284770012,7.509890079,7.561490059,,
Bermuda,BMU,"Government expenditure on education, total (% of GDP)",EDSPENDPCGDP,,3.434420109,,,,,,,,,,3.034490108,,,,,3.136199951,3.150650024,3.4760499,,,,,,2.152270079,,,,,1.666270018,1.775879979,1.988770008,,,,2.615190029,2.6442101,,,,1.782850027,1.698600054,,1.500390053,,,
Bolivia,BOL,"Government expenditure on education, total (% of GDP)",EDSPENDPCGDP,,,,,,,,,,,,,,,,,,,,,,,,,,,,,,,,,,,,,,,,,,,,,,,
Brazil,BRA,"Government expenditure on education, total (% of GDP)",EDSPENDPCGDP,,,,,,,,,,,,,,,,,,,,,,4.568160057,,,4.756659985,3.800620079,3.948930025,3.844680071,3.750370026,,3.974479914,4.4790802,4.870600224,4.974259853,5.268839836,5.463550091,5.648799896,5.737410069,5.855100155,5.838850021,5.948480129,6.24105978,6.314040184,6.32254982,,,
Barbados,BRB,"Government expenditure on education, total (% of GDP)",EDSPENDPCGDP,,,5.9447999,6.517159939,,,,,,,,,,,,,,6.638700008,,,,,,,,4.341239929,4.71585989,6.055369854,5.880620003,6.245699883,6.024280071,5.669650078,,5.220389843,4.922599792,5.116179943,6.054399967,,5.262740135,5.148990154,6.143499851,,4.95138979,4.366380215,,,
Brunei Darussalam,BRN,"Government expenditure on education, total (% of GDP)",EDSPENDPCGDP,6.239150047,1.961339951,1.970080018,,2.114239931,1.545519948,1.191079974,1.616780043,1.697149992,,,,,4.737730026,5.409029961,4.69012022,3.959959984,3.668940067,3.747689962,4.29403019,,,,,5.253950119,4.932050228,3.705909967,,,,,,,,,,2.046610117,3.322099924,2.889590025,,3.353189945,,4.425409794,,,,
Bhutan,BTN,"Government expenditure on education, total (% of GDP)",EDSPENDPCGDP,,,,,,,,,,,,,,,,,,,,,,,,,,,5.513790131,5.91573,,,6.609069824,7.287149906,,,4.911590099,4.741740227,4.12473011,4.765230179,,5.722750187,6.04489994,7.590099812,6.993330002,7.225739956,6.850840092,,
Botswana,BWA,"Government expenditure on education, total (% of GDP)",EDSPENDPCGDP,,5.649429798,6.063960075,5.40031004,5.952139854,6.141729832,5.46931982,,,5.552269936,5.551660061,5.650720119,5.185929775,6.117730141,6.151110172,,5.739630222,,6.840610027,,,,,,,,,,,,,10.67858982,,8.851490021,,9.632920265,,,,,,,,,,,
Central African Republic,CAF,"Government expenditure on education, total (% of GDP)",EDSPENDPCGDP,,,,,3.170530081,,,,,,,,2.207750082,2.548049927,,,2.244199991,2.276309967,,,,,,,,1.690019965,1.612650037,,1.519569993,1.539800048,1.624529958,1.652220011,1.415060043,1.313320041,1.290009975,1.254580021,1.117609978,1.107920051,,,,,,,,,
Canada,CAN,"Government expenditure on education, total (% of GDP)",EDSPENDPCGDP,,6.442949772,6.720990181,6.733530045,7.097670078,6.714749813,6.484670162,6.43061018,6.519139767,6.880430222,6.644040108,6.212870121,6.04418993,6.32446003,6.176149845,6.098320007,5.991990089,6.884300232,6.770939827,7.704259872,6.680019855,6.324450016,,,5.511970043,5.549940109,5.441999912,4.969560146,5.01072979,,,4.782149792,,4.780360222,4.638259888,4.852640152,5.36992979,5.274439812,,,,,,,,,
Central Europe and the Baltics,CEB,"Government expenditure on education, total (% of GDP)",EDSPENDPCGDP,,,,,,,,,,,,,,,,,,,5.202790022,4.950489998,4.900255203,4.655275106,4.334750175,,4.95043993,4.583669901,4.868400097,5.077809811,5.179230213,5.074510098,4.861130238,4.813159943,4.71378994,4.590549946,4.83453989,4.958040237,4.761209965,4.590109825,4.466775179,4.564869881,4.61743021,4.812260151,4.655389786,4.09250021,,,
Switzerland,CHE,"Government expenditure on education, total (% of GDP)",EDSPENDPCGDP,3.493720055,4.504930019,4.607029915,4.630479813,4.500879765,4.477369785,4.360300064,4.322100163,4.390319824,4.497429848,4.353189945,4.29914999,4.335649967,4.29061985,4.356999874,4.266739845,4.522940159,4.680630207,,5.092060089,5.055300236,5.059430122,5.071919918,,4.887020111,4.890230179,4.781400204,4.95980978,5.314290047,5.523759842,5.445730209,5.204100132,4.9615798,4.687379837,4.867990017,5.041180134,4.926050186,4.969860077,5.033370018,5.040480137,5.051229954,5.100570202,5.104730129,5.130189896,,,
Channel Islands,CHI,"Government expenditure on education, total (% of GDP)",EDSPENDPCGDP,,,,,,,,,,,,,,,,,,,,,,,,,,,,,,,,,,,,,,,,,,,,,,,
Chile,CHL,"Government expenditure on education, total (% of GDP)",EDSPENDPCGDP,,3.5947299,,,3.070450068,3.4823699,4.21999979,4.914299965,,,,,,2.82329011,,,2.250159979,,,2.383719921,2.511820078,2.564699888,2.796250105,3.012459993,3.340150118,3.729219913,3.77583003,,4.081210136,3.963459969,3.538389921,3.262830019,3.021529913,3.21378994,3.792429924,4.230649948,4.162089825,4.045189857,,4.529429913,4.730949879,4.875309944,5.342010021,5.41945982,,,
China,CHN,"Government expenditure on education, total (% of GDP)",EDSPENDPCGDP,,1.708500028,1.816570044,1.749539971,1.958840013,2.14805007,1.911900043,1.948809981,2.034480095,2.076920033,1.998630047,2.008140087,2.061549902,1.804250002,1.764179945,,,,1.65455997,1.657850027,1.985710025,1.841920018,1.853389978,,1.844329953,1.888039947,,,,,,,,,,,,,,,,,,,,,
Cote d'Ivoire,CIV,"Government expenditure on education, total (% of GDP)",EDSPENDPCGDP,5.865389824,6.785739899,6.462120056,,6.753670216,8.231389999,6.859759808,,,,,,,,,,,,6.781139851,6.50304985,4.78869009,4.301449776,4.056230068,4.030889988,3.787940025,4.094329834,3.703670025,3.668679953,4.090330124,3.967989922,4.127860069,4.105750084,4.00150013,4.258329868,4.341259956,4.41245985,4.553460121,4.137549877,4.654109955,4.729000092,4.577429771,3.494159937,3.97232008,3.80347991,3.256030083,,
Cameroon,CMR,"Government expenditure on education, total (% of GDP)",EDSPENDPCGDP,,,,,,,,,2.984970093,3.496890068,3.246370077,,2.848340034,2.93091011,2.714730024,2.648960114,3.287100077,3.220230103,2.750999928,,,,,,,,1.779919982,2.424180031,,3.091419935,3.013639927,2.887170076,2.741450071,3.075229883,2.611180067,3.109420061,2.993659973,2.766769886,2.697180033,2.768019915,2.687129974,2.768049955,2.654230118,3.154819965,3.131200075,,
"Congo, Dem. Rep.",COD,"Government expenditure on education, total (% of GDP)",EDSPENDPCGDP,,,,,,,2.267309904,2.535049915,2.799819946,1.29945004,0.704140007,0.825699985,0.722500026,0.861199975,0.814840019,,,,,,,,,,,,,,,,,,,,,,1.524979949,,,2.062210083,1.951429963,2.170439959,2.118690014,1.454949975,,,
"Congo, Rep.",COG,"Government expenditure on education, total (% of GDP)",EDSPENDPCGDP,5.732299805,7.743020058,,,8.413310051,7.03813982,6.359240055,,,,,,,,,,,,,,6.373119831,4.910339832,,,4.068270206,,,,3.208319902,2.836159945,2.288130045,1.835770011,,,,,6.220789909,,,,4.017199993,4.561470032,,5.46505022,3.511049986,,
Colombia,COL,"Government expenditure on education, total (% of GDP)",EDSPENDPCGDP,,,,,,1.754340053,1.729120016,2.597239971,,,3.004290104,2.715270042,,,,2.705250025,,,,,,,,,3.926440001,4.44080019,3.511209965,3.708679914,4.268129826,4.325139999,4.079349995,4.020989895,3.916719913,4.083010197,3.938780069,4.776519775,4.83382988,4.466080189,4.370389938,4.878550053,4.629459858,4.470389843,4.477210045,4.535510063,4.457489967,,
Comoros,COM,"Government expenditure on education, total (% of GDP)",EDSPENDPCGDP,,,,,,,,,,,,,,,,,,,,,,,,,2.201359987,,,,2.258419991,,,,,,4.42264986,,,2.830450058,2.747839928,2.382760048,2.744729996,2.545059919,,,,,
Cabo Verde,CPV,"Government expenditure on education, total (% of GDP)",EDSPENDPCGDP,,,,,,,,,,,,,,,,,,,,,,,,,6.391769886,6.801680088,,,7.876820087,,7.476640224,,6.529600143,5.407549858,5.518000126,5.308959961,5.567289829,5.043610096,,5.001440048,4.963870049,5.266910076,5.288790226,5.181749821,,,
Costa Rica,CRI,"Government expenditure on education, total (% of GDP)",EDSPENDPCGDP,,,,,,,7.347169876,,4.885069847,4.957779884,,,4.420269966,,4.013229847,4.077849865,,,,,,3.371680021,3.910860062,,,5.416870117,4.68696022,4.851099968,5.173540115,5.156360149,4.912179947,,4.639180183,4.658899784,4.91711998,6.046350002,6.634449959,6.455349922,6.68983984,6.849339962,6.869520187,7.082540035,7.097680092,7.315720081,6.978569984,7.048759937,
Caribbean small states,CSS,"Government expenditure on education, total (% of GDP)",EDSPENDPCGDP,,5.228789806,5.858329773,6.026519775,,,3.768079996,,5.457399845,5.766600132,5.87390995,5.579824924,4.603980064,,3.940860033,4.691925049,4.216645002,4.383069992,3.336659908,3.214030027,3.747999907,3.473814964,3.463250041,3.852375031,2.438920021,2.756119967,3.869560003,4.223160028,4.459119916,3.696724892,3.912549973,4.616419792,,5.49022007,6.191319942,6.198480129,6.370600224,6.266640186,6.112460136,6.251080036,6.016540051,5.455770016,5.315080166,5.260620117,5.41478014,5.16918993,
Cuba,CUB,"Government expenditure on education, total (% of GDP)",EDSPENDPCGDP,,,,,,,8.36909008,,,,,,,,,,,7.14496994,,7.074769974,5.619480133,,,,6.208730221,6.755239964,7.704810143,8.358090401,9.571169853,9.940859795,10.26823044,10.55778027,9.057169914,11.86820984,14.05908012,13.12485981,12.83730984,,,,,,,,,,
Curacao,CUW,"Government expenditure on education, total (% of GDP)",EDSPENDPCGDP,,,,,,,,,,,,,,,,,,,,,,,,,,,,,,,,,,,,,,,,4.930950165,,,,,,,
Cayman Islands,CYM,"Government expenditure on education, total (% of GDP)",EDSPENDPCGDP,,,,,,,,,,,,,,,,,,,,,,,,,,,,,,,,,,,,,,,,,,,,,,,
Cyprus,CYP,"Government expenditure on education, total (% of GDP)",EDSPENDPCGDP,,4.335020065,3.819700003,3.385489941,3.312340021,3.353130102,3.426009893,3.791320086,3.731780052,,3.601910114,3.586960077,3.488970041,3.448709965,3.375469923,3.376270056,3.339240074,3.5753901,3.780299902,4.09555006,4.159969807,3.741230011,,,,4.772079945,4.9895401,5.11552,5.581669807,6.670229912,6.117720127,6.286670208,6.330269814,6.280829906,6.722760201,7.205450058,6.54279995,6.538539886,,6.483779907,6.448500156,6.346360207,6.163799763,5.777190208,,,
Czech Republic,CZE,"Government expenditure on education, total (% of GDP)",EDSPENDPCGDP,,,,,,,,,,,,,,,,,,,3.775079966,4.184519768,4.678850174,4.545629978,4.270390034,,3.597199917,3.684809923,3.650890112,3.748549938,3.972559929,4.136429787,4.014239788,3.890379906,4.217100143,3.866630077,3.74454999,4.171279907,4.064459801,4.272140026,4.250860214,4.090889931,3.994620085,5.788849831,5.587379932,3.854020119,,,
Germany,DEU,"Government expenditure on education, total (% of GDP)",EDSPENDPCGDP,,,,,,,,,,,,,,,,,,,,4.407919884,4.336639881,4.430759907,4.494709969,,4.461870193,,,,,,,,4.293960094,4.366799831,4.435949802,4.909510136,4.94367981,4.82487011,4.956580162,4.961110115,4.939620018,4.834980011,4.840219975,4.905119896,,,
Djibouti,DJI,"Government expenditure on education, total (% of GDP)",EDSPENDPCGDP,,,,,,,,,,,,,,,,,,,,,,,,,,7.629479885,9.659999847,7.805429935,8.447600365,8.889849663,9.264670372,8.365889549,8.278779984,8.40625,,,4.49022007,,,,,3.590240002,3.924390078,3.748559952,3.627739906,,
Dominica,DMA,"Government expenditure on education, total (% of GDP)",EDSPENDPCGDP,,,,,,,,,,,,,,,,4.28990984,,,,,,,,,5.739860058,4.028580189,,,,,,,,,,,,,,,,3.408580065,,,,5.573450089,
Denmark,DNK,"Government expenditure on education, total (% of GDP)",EDSPENDPCGDP,5.955530167,6.713129997,,5.672120094,5.753469944,5.586490154,5.910930157,,,,,,5.83825016,6.078080177,6.335330009,5.838140011,,5.596759796,,7.772819996,7.471059799,7.471039772,7.884940147,,8.106749535,7.931159973,8.084340096,8.215450287,8.213029861,8.121930122,8.207630157,8.085570335,7.729909897,7.615600109,7.4760499,8.448880196,8.559550285,8.48486042,7.237820148,8.494429588,7.634850025,,,7.816080093,,,
Dominican Republic,DOM,"Government expenditure on education, total (% of GDP)",EDSPENDPCGDP,2.640789986,,,,,,,,1.538910031,1.463829994,1.334550023,1.210190058,,,,,,,,0.773949981,0.893369973,1.033300042,1.22724998,,,,1.888290048,1.967829943,1.914010048,1.84465003,,,,2.046789885,,,,,,,,,,,,,
Algeria,DZA,"Government expenditure on education, total (% of GDP)",EDSPENDPCGDP,,,,,,7.182010174,6.597420216,,,,,,,,,,,,,,,,,,,,,,,,,,,,4.33701992,,,,,,,,,,,,
East Asia & Pacific (excluding high income),EAP,"Government expenditure on education, total (% of GDP)",EDSPENDPCGDP,,,,,,,,,,,,,,,,,,,,,,2.442089975,2.896309972,3.733065009,,,4.208930016,2.69233501,2.89222002,,2.748470068,,,3.078419924,3.508500099,3.861939907,4.076770067,4.60902977,4.865959883,4.532395124,,,,,,,
Early-demographic dividend,EAR,"Government expenditure on education, total (% of GDP)",EDSPENDPCGDP,,,,,,,,,,,,,,,,,,,,,,,,,,4.110370159,3.983109951,4.088779926,3.407730103,3.574229956,3.419530034,,4.001780033,3.563529968,4.125389934,,4.02741003,3.79618001,3.712470055,,,,,,,,
East Asia & Pacific,EAS,"Government expenditure on education, total (% of GDP)",EDSPENDPCGDP,,,,,,,3.016639948,,3.903290033,,,,,,,,,,,,,3.093619943,,,,,,3.499780059,3.864919901,,3.652760029,,,3.392745018,3.413825035,4.392129898,3.639499903,4.125804901,4.536709785,4.1240201,4.152719975,,,,,,
Europe & Central Asia (excluding high income),ECA,"Government expenditure on education, total (% of GDP)",EDSPENDPCGDP,,,,,,,,,,,,,,,,,,,,,,,,,,3.618079901,3.343394995,3.384239912,3.154459953,3.286149979,3.227519989,3.642030001,3.40350008,3.547955036,4.101749897,4.27628994,,4.08673501,3.905565143,,,3.811524987,3.861265063,4.09250021,,,
Europe & Central Asia,ECS,"Government expenditure on education, total (% of GDP)",EDSPENDPCGDP,,,,,,,,,,,,,,,,,,,,5.100749969,4.953065157,4.596094847,4.494450092,,4.45031023,4.383719921,4.166140079,4.650090218,4.438934803,4.673229933,4.738790035,4.873839855,4.820549965,4.672060013,4.880650043,5.057749987,5.220039845,4.969860077,4.811810017,5.024950027,5.124000072,4.885540009,4.821000099,4.783239841,,,
Ecuador,ECU,"Government expenditure on education, total (% of GDP)",EDSPENDPCGDP,2.002830029,,,2.418839931,,,,,,,4.203420162,5.2333498,6.87237978,,,,,,,,,1.997640014,,,2.195369959,1.547340035,1.150930047,,,,,,,,,4.342420101,4.507430077,4.726890087,4.643070221,5.004640102,5.260990143,4.998700142,,,,,
"Egypt, Arab Rep.",EGY,"Government expenditure on education, total (% of GDP)",EDSPENDPCGDP,,4.892429829,4.943429947,4.549580097,4.941120148,,4.280320168,,5.608300209,5.221489906,,,,,4.525219917,4.600059986,,,4.050670147,4.197700024,4.583759785,4.604000092,4.671569824,,,,,,,4.945630074,4.6707201,4.794429779,4.001780033,3.68460989,3.760829926,,,,,,,,,,,,
Euro area,EMU,"Government expenditure on education, total (% of GDP)",EDSPENDPCGDP,,4.730890036,4.358029842,,4.345119953,4.796909809,,5.100584984,5.084379911,4.853975058,4.821054935,,4.852290154,4.623439789,4.568745136,,4.554499865,4.776949883,5.072380066,5.10943985,4.896480083,4.689115047,4.796005011,,4.540569782,4.510849953,4.585120201,5.224609852,5.258719921,5.074510098,4.961864948,4.97356987,4.820549965,4.684490204,5.109519958,5.563149929,5.473380089,5.127089977,4.956580162,5.334609985,5.27489996,4.909530163,4.821000099,4.939249992,,,
Eritrea,ERI,"Government expenditure on education, total (% of GDP)",EDSPENDPCGDP,,,,,,,,,,,,,,,,,,,,,,,1.638550043,,4.620580196,5.26281023,,4.047160149,3.523900032,,3.148969889,,2.127000093,,,,,,,,,,,,,,
Spain,ESP,"Government expenditure on education, total (% of GDP)",EDSPENDPCGDP,1.833009958,,1.899389982,2.077169895,2.230730057,2.338049889,,,,,,,,3.128180027,3.328299999,3.551779985,3.633589983,3.742350101,3.83716011,4.244890213,4.484680176,4.434629917,4.457459927,,4.287859917,4.260439873,4.166049957,4.111269951,4.134570122,4.173429966,4.157859802,4.144320011,4.184820175,4.254049778,4.528059959,4.912000179,4.856080055,4.896920204,4.469339848,4.351019859,4.303380013,4.286570072,4.227640152,4.20773983,,,
Estonia,EST,"Government expenditure on education, total (% of GDP)",EDSPENDPCGDP,,,,,,,,,,,,,,,,,,,,5.706910133,5.502669811,5.905409813,6.062329769,6.346139908,6.244349957,6.646560192,5.332429886,5.224609852,5.431310177,5.271170139,4.877349854,4.813159943,,4.620639801,5.477379799,5.926519871,5.473380089,4.969920158,4.682690144,4.812670231,5.367080212,5.106850147,5.170539856,4.973380089,,,
Ethiopia,ETH,"Government expenditure on education, total (% of GDP)",EDSPENDPCGDP,,,,,,,,,2.112349987,2.302059889,2.112030029,2.337569952,2.137949944,,,,,,,2.3542099,,,2.774620056,2.757940054,,,3.983109951,3.700289965,3.632450104,,,,5.490960121,5.451129913,5.408199787,4.422070026,4.496590137,5.485760212,5.56678009,4.498549938,4.602019787,4.737919807,,,,,
European Union,EUU,"Government expenditure on education, total (% of GDP)",EDSPENDPCGDP,,,,,,,,,,,,,,,,,,4.972259998,5.145120144,5.10943985,4.900255203,4.689115047,4.748290062,,4.540569782,4.583669901,4.868400097,5.077809811,5.179230213,5.074510098,4.961864948,5.073949814,4.864109993,4.684490204,5.029049873,5.554969788,5.312739849,4.969920158,4.880609989,4.961110115,5.124000072,4.897535086,4.801780224,4.725169897,,,
Fragile and conflict affected situations,FCS,"Government expenditure on education, total (% of GDP)",EDSPENDPCGDP,,,,,,,,,,,,,,,,,,,,,,,,,,,,,,,,,,,,,2.744709969,,,3.259230018,,,,3.787309885,,,
Finland,FIN,"Government expenditure on education, total (% of GDP)",EDSPENDPCGDP,5.413489819,5.033239841,5.228330135,,,4.796909809,4.825749874,4.833360195,4.779290199,4.855609894,4.698919773,5.04542017,5.100399971,5.200819969,5.066959858,5.072609901,5.338900089,6.337480068,6.520500183,7.487160206,6.857069969,6.809909821,6.858980179,,,5.86992979,5.709300041,5.840250015,6.0167799,6.167439938,6.157579899,6.02507019,5.928380013,5.67125988,5.83010006,6.459559917,6.504449844,6.445049763,7.148039818,7.124040127,7.102369785,7.032080173,6.851530075,6.376210213,,,
Fiji,FJI,"Government expenditure on education, total (% of GDP)",EDSPENDPCGDP,,,,,,5.197609901,,5.820109844,,6.486690044,,,,,,4.831099987,,,,,,,,,5.512619972,5.153510094,5.857250214,5.617139816,6.24382019,,6.164929867,5.121970177,5.607140064,5.848430157,4.25357008,4.498479843,,4.17305994,,3.882889986,,,,,,,
France,FRA,"Government expenditure on education, total (% of GDP)",EDSPENDPCGDP,3.429739952,4.42854023,4.424709797,4.435210228,4.345119953,4.281159878,4.307690144,4.730720043,4.8520298,4.852340221,4.867539883,4.851570129,4.707950115,4.623439789,4.544720173,4.456399918,4.513939857,4.841300011,4.735390186,5.429590225,5.626430035,5.79073,5.756720066,,5.687920094,,,,,,,,,,,,,,,,,,,5.451600075,,,
Faroe Islands,FRO,"Government expenditure on education, total (% of GDP)",EDSPENDPCGDP,,,,,,,,,,,,,,,,,,,,,,,,,,,,,,,,,,,,,,,,,,,,,,,
"Micronesia, Fed. Sts.",FSM,"Government expenditure on education, total (% of GDP)",EDSPENDPCGDP,,,,,,,,,,,,,,,,,,,,,,,,,,6.424910069,6.706870079,,,,,,,,,,,,,,,12.40791988,,,,,
Gabon,GAB,"Government expenditure on education, total (% of GDP)",EDSPENDPCGDP,,,,,,,,,,,,,,,,,,,2.805520058,,,,,,3.419660091,3.081229925,3.827090025,,,,,,,,,,3.078089952,2.987459898,3.013400078,3.029710054,2.666670084,,,,,,
United Kingdom,GBR,"Government expenditure on education, total (% of GDP)",EDSPENDPCGDP,,6.268780231,6.424220085,6.063350201,,,5.070119858,5.2884202,5.188700199,5.061500072,4.899059772,4.594089985,4.380839825,4.371809959,4.26831007,4.125110149,4.055520058,4.122479916,4.334489822,,4.850830078,4.839260101,4.386929989,,4.21201992,3.996959925,4.031189919,4.119229794,4.638869762,4.804669857,4.738790035,4.939139843,4.985310078,4.914820194,4.89331007,5.074319839,5.703239918,5.595230103,,5.529799938,5.598999977,5.556159973,5.426700115,5.442090034,,,
Georgia,GEO,"Government expenditure on education, total (% of GDP)",EDSPENDPCGDP,,,,,,,,,,,,,,,,,,,,,6.915659904,,,,2.108880043,2.15512991,2.181050062,2.137500048,2.235019922,2.065599918,2.914200068,2.484319925,3.00364995,2.696870089,2.919549942,3.222379923,,2.576139927,1.906100035,,,,3.593869925,3.574429989,3.52105999,,
Ghana,GHA,"Government expenditure on education, total (% of GDP)",EDSPENDPCGDP,,4.876540184,5.828829765,6.09528017,,2.311350107,2.707770109,1.808120012,1.904539943,,,,3.354480028,3.306699991,3.187419891,,,,,,,,,,,4.110370159,,5.354440212,,,7.535580158,7.42208004,5.259829998,5.519869804,5.757959843,5.317440033,5.540599823,8.14097023,7.919139862,4.60710001,4.491819859,4.510890007,4.486830235,3.617980003,3.989439964,,
Gibraltar,GIB,"Government expenditure on education, total (% of GDP)",EDSPENDPCGDP,,,,,,,,,,,,,,,,,,,,,,,,,,,,,,,,,,,,,,,,,,,,,,,
Guinea,GIN,"Government expenditure on education, total (% of GDP)",EDSPENDPCGDP,,,,,,,,,,,,,,,,,,2.016390085,2.00632,2.088439941,,,,,,2.361419916,2.593400002,2.081909895,2.593869925,2.371020079,2.210000038,1.849060059,,,1.581120014,2.207250118,2.551189899,2.287420034,1.833709955,2.63421011,2.422810078,2.517139912,2.544559956,2.31765008,2.315939903,,
"Gambia, The",GMB,"Government expenditure on education, total (% of GDP)",EDSPENDPCGDP,,,,,,,,,,,,4.295149803,3.484730005,,,2.974090099,2.825839996,3.780610085,1.169839978,,,2.553560019,2.566279888,,,1.565129995,1.465870023,1.158100009,1.44291997,1.363379955,0.622470021,0.691879988,0.751630008,0.81686002,2.181299925,1.908139944,2.563220024,2.50116992,2.637569904,1.818390012,2.230940104,2.160029888,2.024430037,,2.420300007,,
Guinea-Bissau,GNB,"Government expenditure on education, total (% of GDP)",EDSPENDPCGDP,,,,,,,,,,,,,,,,,,,,,,,,,,5.246170044,,,,,,,,,,,1.860820055,1.857859969,2.001060009,2.13248992,,,,,,,
Equatorial Guinea,GNQ,"Government expenditure on education, total (% of GDP)",EDSPENDPCGDP,,,,,,,,,,,,,,,,,,,,,,,,,2.187979937,,,,,,,,,,,,,,,,,,,,,,
Greece,GRC,"Government expenditure on education, total (% of GDP)",EDSPENDPCGDP,1.546499968,1.46085,1.448250055,1.493729949,1.685700059,,,1.692800045,1.686840057,1.688680053,1.810029984,,1.83336997,1.834210038,1.868939996,2.015460014,2.046080112,1.934329987,,,,,,,2.892560005,3.027729988,3.230190039,3.364579916,3.424309969,3.429339886,3.667190075,3.963959932,,,,,,,,,,,,,,,
Grenada,GRD,"Government expenditure on education, total (% of GDP)",EDSPENDPCGDP,,,,,,,,,,,,,,,,,,,,,,,,,,,,,,3.926739931,,,,,,,,,,,,,,3.173799992,,,
Greenland,GRL,"Government expenditure on education, total (% of GDP)",EDSPENDPCGDP,,,,,,,,,,,,,,,,,,,,,,,,,,,,,,,,,,,,,,,,,,,,,,,
Guatemala,GTM,"Government expenditure on education, total (% of GDP)",EDSPENDPCGDP,1.858719945,,1.62729001,,,,,,,,,,,,,,,,,1.665750027,1.43998003,1.604799986,1.563699961,,,,,,,,,,2.984009981,3.03873992,3.184540033,,2.803060055,2.920140028,2.957859993,2.888089895,2.985620022,3.030329943,2.944740057,2.951819897,3.140929937,3.212199926,
Guam,GUM,"Government expenditure on education, total (% of GDP)",EDSPENDPCGDP,,,,,,,,,,,,,,,,,,,,,,,,,,,,,,,,,,,,,,,,,,,,,,,
Guyana,GUY,"Government expenditure on education, total (% of GDP)",EDSPENDPCGDP,4.328979969,,,7.088729858,,9.377869606,,,,8.253470421,7.227479935,,,,,,,,,,3.724450111,3.609339952,,,,8.561059952,8.484149933,8.397299767,8.365539551,6.955900192,5.51293993,8.139730453,5.089250088,3.752619982,,3.302740097,3.638550043,3.592040062,3.182420015,,5.847959995,5.214829922,6.06099987,6.230070114,5.493579865,,
High income,HIC,"Government expenditure on education, total (% of GDP)",EDSPENDPCGDP,,4.668990135,4.607029915,,4.532529831,4.477369785,4.825749874,4.833360195,5.046060085,4.855609894,,,4.780120134,4.577129841,4.509140015,,,4.785869837,,5.180719852,4.953065157,4.764920235,4.748290062,,4.501219988,4.567140102,4.672405005,4.931009769,4.805900097,4.804669857,4.869240046,4.891744852,4.78537488,4.67413497,4.851264954,5.074319839,5.312739849,4.969860077,4.840404987,4.965610027,5.051229954,5.005050182,5.013599873,4.939249992,,,
"Hong Kong SAR, China",HKG,"Government expenditure on education, total (% of GDP)",EDSPENDPCGDP,,2.449199915,2.4333601,2.21923995,2.322550058,,2.192140102,2.271729946,1.669829965,2.57859993,2.581690073,2.558969975,,,,,2.466089964,,2.828200102,,,,2.728310108,,,,,3.903700113,4.015540123,4.285299778,4.558959961,4.134630203,3.842789888,3.454550028,3.260629892,4.392129898,3.510030031,3.418220043,3.509609938,3.760319948,3.572550058,3.262120008,3.292649984,3.310100079,3.326519966,3.810580015,
Honduras,HND,"Government expenditure on education, total (% of GDP)",EDSPENDPCGDP,,,,,2.019049883,2.012989998,1.936360002,,,,,,,,,,,,,,2.512639999,2.617449999,,,,,,,,,,,,,,,,,,5.874929905,7.090119839,6.412970066,,,6.06746006,,
Heavily indebted poor countries (HIPC),HPC,"Government expenditure on education, total (% of GDP)",EDSPENDPCGDP,,,,,,,,,,,,,,,,,,,,,,,,,,2.819469929,2.593400002,2.70720005,2.636595011,,3.02925992,3.023475051,,,2.759285092,3.232720017,3.502229929,3.282244921,3.209389925,3.390985012,3.856209993,3.735795021,3.096090078,3.787309885,3.547209978,,
Croatia,HRV,"Government expenditure on education, total (% of GDP)",EDSPENDPCGDP,,,,,,,,,,,,,,,,,,,,,,,,,,,,,3.819780111,3.864379883,3.81904006,,,3.965199947,4.281829834,4.391839981,4.242040157,4.150109768,,4.564869881,,,,3.917129993,,,
Haiti,HTI,"Government expenditure on education, total (% of GDP)",EDSPENDPCGDP,,,,,,,,1.393740058,1.079540014,1.022210002,0.986190021,0.969290018,,,,,,1.073989987,,,,,,,,,,,,,,,,,,,,,,,3.02451992,3.1572299,2.449589968,2.689450026,2.780469894,,
Hungary,HUN,"Government expenditure on education, total (% of GDP)",EDSPENDPCGDP,,,,,,,,,,,,,,,,,,5.879399776,6.079569817,5.919589996,5.834889889,4.847489834,4.334750175,,4.408649921,4.56704998,4.868400097,4.931009769,5.179230213,5.791150093,5.335859776,5.330920219,5.296080112,5.143050194,4.973589897,4.958040237,4.761209965,4.590109825,4.163859844,4.197730064,4.61743021,4.518660069,4.655389786,4.667099953,,,
IBRD only,IBD,"Government expenditure on education, total (% of GDP)",EDSPENDPCGDP,,,,,,,,,,,,,,,,,,,,,,,3.499609947,,,4.216274977,3.901460052,3.771124959,3.785075068,3.864379883,3.698850036,3.899299979,3.903460026,3.824904919,4.162065029,4.483980179,4.242040157,4.150109768,3.867500067,4.099110126,,,4.411010027,4.307660103,,,
IDA & IBRD total,IBT,"Government expenditure on education, total (% of GDP)",EDSPENDPCGDP,,,,,,,,,,,,,,,,,,,,,,,,,,3.764919996,3.430170059,3.503420115,3.386080027,3.458904982,3.348845005,3.512130022,3.669059992,3.60984993,3.926270008,4.253469944,3.882390022,3.819399953,3.690005064,3.801490068,4.068289995,4.127710104,3.962090015,4.088590145,,,
IDA total,IDA,"Government expenditure on education, total (% of GDP)",EDSPENDPCGDP,,,,,,,,,,,,,,,,,,,,,,,,,,2.856389999,2.593400002,2.903909922,2.825220108,,3.02925992,3.309639931,,,3.34442997,3.356019974,3.521014929,3.102479935,3.479490042,3.454459906,4.005110025,3.939965129,3.419300079,4.031330109,3.696439981,,
IDA blend,IDB,"Government expenditure on education, total (% of GDP)",EDSPENDPCGDP,,4.334905028,,,,,3.966029882,,,3.821185112,3.913664937,,,,,4.342339993,,,4.413450003,,6.148569822,,,,,,,,,,2.650884986,2.468445063,,,,,4.250940084,,5.509039879,5.539264917,5.280210018,4.916404963,5.362669945,5.324010134,4.408650041,,
Indonesia,IDN,"Government expenditure on education, total (% of GDP)",EDSPENDPCGDP,,,,,,,,,,,,,,,,0.871410012,,,,,0.998549998,1.004349947,1.078549981,1.072080016,,,,2.460030079,2.645689964,3.217999935,2.748470068,2.872819901,,3.044250011,2.901900053,3.525130033,2.81227994,3.189440012,3.407480001,3.359040022,3.288009882,3.583600044,,,,,
IDA only,IDX,"Government expenditure on education, total (% of GDP)",EDSPENDPCGDP,,,,,,,,,,,,,,,,,,,,,,,,,,2.856389999,2.61943996,2.903909922,2.775789976,,3.076004982,3.364639997,3.40350008,,3.403559923,3.61195004,3.521014929,3.102479935,3.344439983,3.327510118,3.695219994,3.752544999,3.257695079,3.80347991,3.696439981,,
Isle of Man,IMN,"Government expenditure on education, total (% of GDP)",EDSPENDPCGDP,,,,,,,,,,,,,,,,,,,,,,,,,,,,,,,,,,,,,,,,,,,,,,,
India,IND,"Government expenditure on education, total (% of GDP)",EDSPENDPCGDP,,,,,,,,,,,,,,,,,,,,,,,,3.361360073,3.572560072,4.415390015,4.324790001,,,3.613409996,3.352540016,3.188750029,3.142849922,,,3.278249979,3.377690077,3.79618001,3.867500067,3.844670057,,,,,,,
Not classified,INX,"Government expenditure on education, total (% of GDP)",EDSPENDPCGDP,,,,,,,,,,,,,,,,,,,,,,,,,,,,,,,,,,,,,,,,,,,,,,,
Ireland,IRL,"Government expenditure on education, total (% of GDP)",EDSPENDPCGDP,,,4.291349888,5.079239845,5.06155014,5.281799793,5.315849781,5.725160122,5.383080006,5.440030098,5.275380135,5.242090225,5.2948699,5.522200108,5.010159969,4.707389832,4.595059872,4.776949883,4.999639988,5.10943985,5.182509899,4.865799904,4.748290062,,4.293129921,4.140850067,4.136640072,4.091869831,4.106040001,4.20554018,4.486299992,4.522160053,4.545509815,4.712240219,5.444149971,6.135089874,6.038040161,5.858260155,5.765729904,5.334609985,4.881390095,3.758290052,3.7197299,3.506860018,,,
"Iran, Islamic Rep.",IRN,"Government expenditure on education, total (% of GDP)",EDSPENDPCGDP,,2.965569973,,5.416259766,,,,7.131400108,5.802050114,4.180530071,3.801609993,3.460190058,3.569910049,4.140920162,3.681299925,3.997210026,3.773910046,3.743530035,3.640460014,4.314620018,,4.081809998,3.537760019,,,4.22040987,4.030640125,4.071680069,4.484879971,4.363220215,4.296629906,4.056509972,4.289989948,4.596809864,3.913759947,3.842449903,3.709180117,3.484970093,3.168590069,3.06795001,2.801350117,2.797389984,3.365760088,3.790400028,3.955359936,,
Iraq,IRQ,"Government expenditure on education, total (% of GDP)",EDSPENDPCGDP,,,,3.857049942,,,2.423789978,,,,,,,,,3.551500082,,,,,,,,,,,,,,,,,,,,,,,,,,,,,,,
Iceland,ISL,"Government expenditure on education, total (% of GDP)",EDSPENDPCGDP,,,,,,,,,,,,,,,,,4.252240181,,,5.133860111,4.748439789,4.773439884,5.209859848,,6.791530132,6.441500187,6.447169781,6.730020046,7.31757021,7.254779816,7.156290054,7.356090069,7.299240112,6.98871994,7.10258007,7.184249878,6.978479862,6.818230152,7.596360207,7.491219997,7.688580036,7.512909889,7.495210171,7.658219814,,,
Israel,ISR,"Government expenditure on education, total (% of GDP)",EDSPENDPCGDP,,6.035429955,5.94178009,5.837900162,6.618390083,6.701960087,7.146949768,7.091909885,6.663509846,7.011590004,6.999949932,8.018369675,6.12789011,5.523320198,4.509140015,5.707290173,5.422830105,5.435420036,5.579659939,5.955420017,6.438029766,,,,6.654990196,6.423389912,6.118020058,6.37691021,6.466380119,6.34953022,5.944399834,5.759759903,5.760499954,5.502170086,5.535439968,5.494550228,5.535349846,5.566880226,5.699810028,5.884890079,5.792650223,5.867300034,5.857130051,6.092619896,,,
Italy,ITA,"Government expenditure on education, total (% of GDP)",EDSPENDPCGDP,3.366810083,3.711610079,3.919519901,,3.780359983,4.163730145,,,,4.488059998,4.774569988,4.689809799,4.654900074,,4.5927701,,,,,4.733890057,4.433310032,4.318649769,4.447639942,,4.45031023,4.510849953,4.291079998,4.650090218,4.432409763,4.541790009,4.385200024,4.238299847,4.52545023,4.10503006,4.387949944,4.523719788,4.334119797,4.115680218,4.056019783,4.143670082,4.061279774,4.073629856,3.815789938,4.044939995,,,
Jamaica,JAM,"Government expenditure on education, total (% of GDP)",EDSPENDPCGDP,,5.228789806,5.858329773,6.026519775,,,,,,,,5.391900063,4.603980064,,3.940860033,5.183979988,4.779160023,4.383069992,3.336659908,3.214030027,4.064189911,3.389080048,3.677730083,4.379539967,,,4.983469963,5.381030083,5.375229836,4.256849766,3.912549973,4.616419792,,5.49022007,6.191319942,6.198480129,6.370600224,6.266640186,6.112460136,6.251080036,6.016540051,5.455770016,5.315080166,5.260620117,5.41478014,5.16918993,
Jordan,JOR,"Government expenditure on education, total (% of GDP)",EDSPENDPCGDP,3.63003993,3.763479948,3.533930063,3.679899931,3.681169987,5.081729889,,5.167319775,5.089159966,4.927959919,5.936950207,,3.284379959,3.296570063,4.047570229,5.643869877,,,,,,,7.373980045,6.276690006,,4.875470161,,,,,,,,,,,,,,,,,3.514120102,3.284049988,3.034349918,3.072530031,
Japan,JPN,"Government expenditure on education, total (% of GDP)",EDSPENDPCGDP,,4.668990135,4.850820065,4.840270042,4.894410133,5.057449818,5.068719864,5.064400196,5.046060085,4.824269772,,,,5.596519947,5.556049824,5.36714983,,,,3.429039955,3.635669947,3.465729952,,,3.356029987,3.433300018,3.516170025,3.457070112,3.46536994,3.523689985,3.483069897,3.368619919,3.329090118,3.330940008,3.319149971,,3.639499903,3.642580032,3.692260027,3.665380001,3.59059,,3.186180115,3.182179928,,,
Kazakhstan,KAZ,"Government expenditure on education, total (% of GDP)",EDSPENDPCGDP,,,,,,,,,,,,,,,,,,,,,,4.034450054,3.923710108,4.373429775,,3.892570019,3.25661993,,3.029700041,,2.25590992,2.263530016,2.626780033,2.831389904,2.589459896,3.060719967,,,,,,2.788579941,2.978100061,2.750819921,2.615950108,,
Kenya,KEN,"Government expenditure on education, total (% of GDP)",EDSPENDPCGDP,,5.60612011,5.744100094,5.136320114,,,5.387879848,5.923729897,5.678120136,5.438300133,4.580959797,5.199769974,6.013790131,,6.600550175,6.035719872,,6.570670128,6.075900078,6.029150009,5.924019814,,,,,5.323239803,5.186729908,5.206210136,6.171999931,6.494269848,6.796929836,7.335649967,7.049839973,,,,5.508220196,5.335289955,5.509039879,5.411379814,5.280210018,5.271339893,5.362669945,5.366680145,5.306250095,,
Kyrgyz Republic,KGZ,"Government expenditure on education, total (% of GDP)",EDSPENDPCGDP,,,,,,,,,,,,,,,,,,,,,5.588190079,6.156429768,4.902609825,,4.919630051,4.08521986,3.50838995,3.854180098,4.445459843,4.475419998,4.622439861,4.873839855,5.549860001,6.467000008,5.913189888,6.232679844,5.818830013,6.79061985,7.384230137,6.780200005,5.531599998,5.985509872,6.586150169,6.026189804,,,
Cambodia,KHM,"Government expenditure on education, total (% of GDP)",EDSPENDPCGDP,,,,,,,,,,,,,,,,,,,,,,,,,1.259070039,,1.655990005,1.722219944,1.711210012,,1.719820023,,,1.599300027,,1.665680051,1.533789992,1.510689974,1.560899973,2.05053997,1.909389973,,,,2.162859917,,
Kiribati,KIR,"Government expenditure on education, total (% of GDP)",EDSPENDPCGDP,4.793129921,,,,,,,,,,,,,,,,,,,,,,,,,10.87100983,11.18587017,11.98812008,,,,,,,,,,,,,,,,,,,
St. Kitts and Nevis,KNA,"Government expenditure on education, total (% of GDP)",EDSPENDPCGDP,,,,,,,,,,,,3.964979887,,2.641119957,,2.197969913,,1.998469949,2.303879976,,,2.576430082,,,4.020569801,3.322649956,4.611090183,4.265309811,3.792390108,3.662580013,3.803639889,3.628999949,4.059259892,4.193809986,,,,,,,,2.643460035,,,,,
"Korea, Rep.",KOR,"Government expenditure on education, total (% of GDP)",EDSPENDPCGDP,3.414040089,2.089250088,2.754570007,2.426419973,,3.018830061,3.458739996,2.898629904,6.329669952,4.315380096,4.005320072,3.986449957,3.635940075,3.374239922,2.747370005,3.062629938,3.03873992,3.489249945,3.577889919,3.69698,3.01831007,2.93543005,,,3.368139982,3.369290113,,,,,,,,,,,,,,,,,4.333099842,,,,
Kuwait,KWT,"Government expenditure on education, total (% of GDP)",EDSPENDPCGDP,,2.135540009,3.115080118,3.368669987,4.081850052,3.428560019,2.791019917,2.719140053,3.03350997,5.090270042,5.148880005,5.007619858,5.400839806,,,,,,14.19882965,,,,5.859610081,5.582630157,,,,6.585830212,6.551109791,,5.535069942,4.738339901,3.759979963,,,,,,,,,,,,,,
Latin America & Caribbean (excluding high income),LAC,"Government expenditure on education, total (% of GDP)",EDSPENDPCGDP,,,,,,,,,,,,,,,,,,,,,,,,,3.645864964,3.800620079,3.948930025,4.04286015,3.883855104,3.535049915,3.974479914,,4.022464991,4.083010197,4.832239866,5.463550091,4.83382988,4.726890087,4.643070221,5.004640102,5.260620117,4.998700142,4.27918005,4.522819996,,,
Lao PDR,LAO,"Government expenditure on education, total (% of GDP)",EDSPENDPCGDP,,,,,,,,,,,,,,,,,,,2.334569931,,,,2.429749966,2.130199909,,,1.503690004,1.990280032,2.825220108,,2.413000107,2.414089918,2.958790064,3.078419924,2.27854991,1.654850006,1.709789991,1.708019972,1.821470022,3.233809948,2.937809944,,,,,,
Lebanon,LBN,"Government expenditure on education, total (% of GDP)",EDSPENDPCGDP,,,,,,,,,,,,,,,,,,,,1.66652,1.93125999,2.224630117,2.084670067,,,,,2.841480017,2.552710056,,2.640949965,2.646189928,2.779759884,2.583570004,2.014790058,1.765709996,1.613309979,1.652519941,2.148089886,2.432450056,,,,,,,
Liberia,LBR,"Government expenditure on education, total (% of GDP)",EDSPENDPCGDP,,,,,,,,,,,,,,,,,,,,,,,,,,,,,,,,,,,1.701660037,,,,1.777119994,1.734660029,2.279099941,,,2.76128006,2.584120035,,
Libya,LBY,"Government expenditure on education, total (% of GDP)",EDSPENDPCGDP,,,,,,,,,,,,,,,,,,,,,,,,,,2.264169931,,,,,,,,,,,,,,,,,,,,,
St. Lucia,LCA,"Government expenditure on education, total (% of GDP)",EDSPENDPCGDP,,,,,,,,,5.538790226,,,,4.154679775,,,,,,,,6.532380104,,,,5.528940201,5.449940205,,5.707330227,,3.534490108,3.436460018,4.238959789,4.696690083,,4.483530045,3.067660093,3.482899904,3.588239908,3.272989988,3.85984993,3.880690098,3.867729902,5.208280087,,3.331799984,,
Latin America & Caribbean,LCN,"Government expenditure on education, total (% of GDP)",EDSPENDPCGDP,,,,,,,,,,,,,,,,,,,,,,2.99456501,,,3.340150118,3.764919996,3.77583003,3.844680071,3.883855104,3.535049915,3.745604992,,3.792889953,3.855165124,4.639089823,5.325745106,4.670629978,4.410675049,,5.004640102,5.260620117,4.937005043,4.618155003,4.535510063,,,
Least developed countries: UN classification,LDC,"Government expenditure on education, total (% of GDP)",EDSPENDPCGDP,,,,,,,,,,,,,,,,,,,,,,,,,,2.584830046,2.593400002,2.682824969,2.636595011,,2.812619925,2.978379965,,,2.777280092,2.95720005,3.421319962,2.585034966,2.872040033,3.259230018,3.384880066,3.67008996,3.060230017,3.909319997,3.696439981,,
Low income,LIC,"Government expenditure on education, total (% of GDP)",EDSPENDPCGDP,,,,,,,,,,,,,,,,,,,,,,,,,,2.819469929,2.645479918,3.168314934,,,3.107130051,,,,3.013295054,,3.04429996,3.102479935,3.040714979,3.067680001,3.336295009,3.632339954,3.025339961,3.449069977,,,
Liechtenstein,LIE,"Government expenditure on education, total (% of GDP)",EDSPENDPCGDP,,,,,,,,,,,,,,,,,,,,,,,,,,,,,,2.46013999,2.433330059,,2.053809881,1.921190023,2.048369884,,,2.556040049,,,,,,,,,
Sri Lanka,LKA,"Government expenditure on education, total (% of GDP)",EDSPENDPCGDP,,2.74454999,,,,2.567430019,2.704169989,2.442209959,2.558500051,2.39060998,2.165260077,2.576139927,2.805419922,2.644330025,2.826359987,2.755160093,2.410929918,2.915580034,,,3.108530045,2.957600117,3.343600035,,3.051419973,,,,,,,,,,,2.055900097,1.717740059,1.808609962,1.496170044,1.621070027,1.932880044,2.22874999,3.449199915,2.799249887,2.124209881,,
Lower middle income,LMC,"Government expenditure on education, total (% of GDP)",EDSPENDPCGDP,,,,,,,,,,,,,,,,,,,,,,,,,,3.85164988,3.001600027,,3.225579977,3.374040008,3.352540016,3.546250105,3.605360031,,4.339139938,4.661630154,4.547580004,4.137549877,4.693634987,4.668050051,4.534624815,,4.39289999,4.430510044,3.989439964,,
Low & middle income,LMY,"Government expenditure on education, total (% of GDP)",EDSPENDPCGDP,,,,,,,,,,,,,,,,,,,,,,,,,,3.70934999,3.430170059,3.684484959,3.271494985,,3.286334991,3.52218008,3.669059992,3.60984993,3.938780069,4.309355021,3.944570065,3.819399953,3.736819983,3.801490068,4.035249949,4.078430176,3.825239897,4.073729992,,,
Lesotho,LSO,"Government expenditure on education, total (% of GDP)",EDSPENDPCGDP,,,,,,,,,,10.09694004,6.428410053,7.088580132,,,7.216639996,6.202280045,,,,8.577030182,7.025430202,8.64097023,,11.36400986,,12.49934959,10.09154987,9.365050316,10.10044956,13.21957016,11.10900974,12.07966042,11.27128029,,12.08349991,,,,,,,,,7.963319778,6.985189915,,
Late-demographic dividend,LTE,"Government expenditure on education, total (% of GDP)",EDSPENDPCGDP,,,,,,,,,,,,,,,,,,,,,,3.814640045,3.794295073,,4.112339973,4.140850067,3.853990078,3.894940019,4.093625069,4.207555056,4.079349995,3.93859005,3.891489983,4.291189909,4.334774971,4.796509981,4.900140047,4.60902977,4.609699965,4.878550053,4.89528513,4.705900192,4.639220238,4.535510063,,,
Lithuania,LTU,"Government expenditure on education, total (% of GDP)",EDSPENDPCGDP,,,,,,,,,,,,,,,,,,,,,,4.764920235,4.843719959,5.449550152,6.116010189,,,5.840380192,5.79253006,5.108510017,5.169159889,4.873189926,4.820549965,4.590549946,4.83453989,5.577410221,5.312739849,5.127089977,4.769229889,4.609499931,4.49105978,4.22988987,4.003940105,3.812829971,,,
Luxembourg,LUX,"Government expenditure on education, total (% of GDP)",EDSPENDPCGDP,2.221940041,3.306469917,3.491549969,3.568030119,4.191579819,4.252870083,4.397019863,4.52835989,5.095980167,3.206640005,,,3.660769939,3.944000006,3.877629995,3.740530014,,,,,,3.534490108,3.336110115,,,,,3.555799961,,,,,,,,,,,4.090410233,,4.007890224,3.918200016,,3.569590092,,,
Latvia,LVA,"Government expenditure on education, total (% of GDP)",EDSPENDPCGDP,,,,,,,,,,,,,,,,,,,,,,,5.278110027,5.529270172,5.824299812,5.550980091,5.290649891,5.465030193,5.618460178,5.074510098,4.861130238,,4.71378994,4.656740189,5.395989895,5.55632019,5.072710037,4.932980061,6.582499981,6.980400085,5.27489996,5.314129829,4.712989807,4.397119999,,,
"Macao SAR, China",MAC,"Government expenditure on education, total (% of GDP)",EDSPENDPCGDP,,,,,,,,,,,,,,,,,,,,,,,,,3.377569914,3.36597991,3.340869904,2.734019995,2.861999989,2.797640085,2.245640039,2.290649891,2.206389904,2.054519892,2.207920074,2.546469927,2.629499912,2.685189962,3.337359905,2.049860001,2.032059908,2.981699944,3.077909946,2.689889908,2.738699913,,
St. Martin (French part),MAF,"Government expenditure on education, total (% of GDP)",EDSPENDPCGDP,,,,,,,,,,,,,,,,,,,,,,,,,,,,,,,,,,,,,,,,,,,,,,,
Morocco,MAR,"Government expenditure on education, total (% of GDP)",EDSPENDPCGDP,,5.212709904,6.027120113,6.084249973,6.20182991,6.315480232,5.104859829,5.689260006,6.122680187,6.174670219,5.190130234,5.102169991,5.259280205,5.162139893,4.577819824,4.757329941,4.510489941,4.303160191,,4.824969769,,4.734809875,,,5.115540028,5.140160084,,,,,,,,,5.342150211,5.260640144,,,,,,,,,,,
Monaco,MCO,"Government expenditure on education, total (% of GDP)",EDSPENDPCGDP,,,,,,,,,,,,,,,0.881030023,0.957520008,,,0.913600028,,,1.06456995,1.082239985,1.212419987,1.208829999,1.195279956,1.255360007,,,,1.243860006,,,,,1.354590058,1.31735003,1.589890003,1.780040026,1.334400058,1.021950006,,1.370929956,1.457929969,,,
Moldova,MDA,"Government expenditure on education, total (% of GDP)",EDSPENDPCGDP,,,,,,,,,,,,,,,,,,,,,,,9.896639824,,,4.662559986,4.486390114,4.846849918,5.497910023,5.424890041,6.771039963,7.162700176,7.498990059,8.293370247,8.237270355,9.509759903,7.592299938,7.136380196,6.983389854,,6.266019821,,5.608449936,5.618440151,5.439730167,,
Madagascar,MDG,"Government expenditure on education, total (% of GDP)",EDSPENDPCGDP,,2.516680002,3.25500989,5.053949833,,3.97033,3.357110023,2.879909992,2.32178998,1.989009976,2.204519987,2.071460009,,,,,,,,1.775449991,,,,1.538460016,1.588790059,2.405009985,2.438689947,2.70720005,2.231790066,2.610949993,2.812619925,3.309639931,2.830970049,2.902740002,2.554339886,2.825129986,,2.381680012,2.340670109,1.776939988,2.381230116,2.210119963,2.687190056,,2.825489998,,
Maldives,MDV,"Government expenditure on education, total (% of GDP)",EDSPENDPCGDP,,,,,,,,,,,,,,,,,,,,,,,,,,,,,5.791860104,5.324069977,4.661600113,5.016839981,4.64523983,4.417880058,4.470290184,5.77493,4.117469788,3.506599903,3.76038003,3.800120115,3.470459938,4.366549969,4.099709988,,,,
Middle East & North Africa,MEA,"Government expenditure on education, total (% of GDP)",EDSPENDPCGDP,,3.934509993,,4.982919931,,,4.840194941,5.27562499,5.608300209,5.339560032,5.727200031,,5.400839806,,,4.317100048,,,,4.569794893,,,4.671569824,,,,,6.20182991,,,5.371479988,,4.289989948,,4.466135025,,,,,,,,,,,,
Mexico,MEX,"Government expenditure on education, total (% of GDP)",EDSPENDPCGDP,,,,,,,,,,,,,,,,2.282010078,2.324980021,2.548000097,3.005019903,,3.647089958,3.692559958,,,3.365289927,3.535360098,3.992439985,4.24104023,4.454959869,5.072579861,4.726709843,4.845689774,4.699920177,4.690509796,4.82006979,5.187940121,5.159220219,5.105649948,5.103099823,4.696050167,5.260620117,5.235239983,4.909490108,4.522819996,,,
Marshall Islands,MHL,"Government expenditure on education, total (% of GDP)",EDSPENDPCGDP,,,,,,,,,,,,,,,,,,,,,,,,,,13.73182964,,,8.208979607,11.81980038,,,,,,,,,,,,,,,,,
Middle income,MIC,"Government expenditure on education, total (% of GDP)",EDSPENDPCGDP,,,,,,,,,,,,,,,,,,,,,,,,,,4.08521986,3.607439995,3.708529949,3.396905065,3.645974994,3.486520052,3.899299979,3.866260052,3.654980063,4.185910225,4.57174015,4.524564981,4.137549877,4.015854955,4.1240201,4.534624815,,4.081150055,4.394094944,,,
North Macedonia,MKD,"Government expenditure on education, total (% of GDP)",EDSPENDPCGDP,,,,,,,,,,,,,,,,,,,4.733449936,4.630569935,4.52628994,4.271230221,4.303110123,,,,,,3.300149918,,,,,,,,,,,,,,,,,,
Mali,MLI,"Government expenditure on education, total (% of GDP)",EDSPENDPCGDP,,,,,3.559590101,,3.470659971,3.447940111,3.278850079,,,,2.435369968,,,,,,,,,,,,2.649590015,2.231839895,2.971560001,2.658449888,2.896229982,3.805599928,3.859220028,3.52218008,,,3.403559923,3.869040012,3.343889952,3.754230022,3.479490042,3.284650087,3.648070097,3.801500082,3.096090078,3.787309885,,,
Malta,MLT,"Government expenditure on education, total (% of GDP)",EDSPENDPCGDP,,4.422210217,3.831890106,3.897609949,3.348829985,3.153640032,,2.865329981,2.854079962,3.314690113,3.078720093,3.248339891,3.105720043,3.16531992,3.338239908,3.58874011,3.831419945,3.920300007,4.314099789,,,,,,4.277430058,,,,4.146259785,,4.474339962,,,5.981349945,5.570610046,5.170370102,6.454889774,7.796120167,6.522429943,7.876140118,7.204949856,5.216350079,5.207540035,4.824379921,,,
Myanmar,MMR,"Government expenditure on education, total (% of GDP)",EDSPENDPCGDP,,1.987390041,1.726189971,1.637820005,1.643659949,,,,,,,,,,,,,,,,,1.202479959,,,,,,,,,,,,,,,,0.787440002,,,,,,2.087680101,1.922889948,1.93208003,
Middle East & North Africa (excluding high income),MNA,"Government expenditure on education, total (% of GDP)",EDSPENDPCGDP,,,,4.982919931,,,4.840194941,,5.705175161,,,,,,,4.317100048,,,,,,,4.185309887,,,,,,,,,,,,4.466135025,,,,,,,,,,,,
Montenegro,MNE,"Government expenditure on education, total (% of GDP)",EDSPENDPCGDP,,,,,,,,,,,,,,,,,,,,,,,,,,,,,,,,,,,,,,,,,,,,,,,
Mongolia,MNG,"Government expenditure on education, total (% of GDP)",EDSPENDPCGDP,,,,,,,,,,,,,,,,,,,,,,,,3.948970079,5.493020058,5.145659924,5.550370216,,7.210780144,,4.325729847,,,4.690130234,,5.144849777,4.645100117,4.60902977,5.19520998,4.940770149,4.714849949,4.176990032,5.18061018,4.088590145,,,
Northern Mariana Islands,MNP,"Government expenditure on education, total (% of GDP)",EDSPENDPCGDP,,,,,,,,,,,,,,,,,,,,,,,,,,,,,,,,,,,,,,,,,,,,,,,
Mozambique,MOZ,"Government expenditure on education, total (% of GDP)",EDSPENDPCGDP,,,,,,,,,,,,,,,,,,,,,,,,,1.78144002,2.819469929,,,,,3.345149994,4.019869804,3.883069992,,,,,,5.672160149,6.115330219,,,5.865039825,5.505559921,5.499849796,,
Mauritania,MRT,"Government expenditure on education, total (% of GDP)",EDSPENDPCGDP,,,,,,,,,,,,,,,,,,,,,,,,1.585800052,,1.722030044,,2.106839895,2.277149916,2.365010023,1.950799942,,1.958510041,,,,,2.331020117,2.158210039,2.293540001,,,1.944059968,,,1.89546001,
Mauritius,MUS,"Government expenditure on education, total (% of GDP)",EDSPENDPCGDP,,,,4.440899849,5.565969944,,,5.053979874,4.603779793,4.453730106,4.086810112,3.963089943,3.483570099,3.057359934,3.131449938,3.515670061,3.170340061,3.509890079,,,,,,,,3.93975997,3.769109964,3.114860058,3.060899973,4.415830135,4.31306982,4.078199863,3.697510004,3.185400009,3.063070059,3.047310114,3.551470041,3.332070112,3.418200016,3.61578989,4.916950226,4.886670113,5.013599873,5.02312994,4.834589958,4.719349861,
Malawi,MWI,"Government expenditure on education, total (% of GDP)",EDSPENDPCGDP,,2.703789949,2.422310114,,,,,,,,,,3.19866991,3.525079966,3.171439886,3.176350117,3.270539999,,,,,4.008850098,5.381259918,,,4.994909763,5.247970104,4.508979797,,3.215660095,,,,,,,3.539799929,4.152619839,,5.41617012,4.839839935,5.608660221,4.748569965,4.031330109,4.714839935,,
Malaysia,MYS,"Government expenditure on education, total (% of GDP)",EDSPENDPCGDP,,,,,,5.087609768,5.72619009,6.696969986,7.03278017,,5.66629982,6.11111021,7.243360043,6.326000214,,,,,5.111430168,4.654630184,4.705289841,4.342549801,4.913849831,4.620379925,,5.686789989,5.971610069,7.484469891,7.657929897,7.502880096,5.923890114,,4.485760212,4.372539997,3.958519936,5.974180222,4.966450214,5.76293993,5.739029884,5.481200218,5.212639809,4.894869804,4.75191021,4.677569866,4.481259823,4.163189888,
North America,NAC,"Government expenditure on education, total (% of GDP)",EDSPENDPCGDP,,6.442949772,6.720990181,6.733530045,7.097670078,6.714749813,6.484670162,6.43061018,6.519139767,6.880430222,6.644040108,6.212870121,6.04418993,6.32446003,6.176149845,6.098320007,5.991990089,6.884300232,6.770939827,7.704259872,6.680019855,6.324450016,,,5.511970043,5.549940109,5.441999912,4.969560146,5.01072979,,,4.782149792,,4.780360222,4.638259888,4.852640152,5.36992979,5.274439812,,4.931049824,4.961740017,,,,,,
Namibia,NAM,"Government expenditure on education, total (% of GDP)",EDSPENDPCGDP,,,,,,,,,,,,,,,,,,,,,,,,,,7.217549801,6.991390228,7.047440052,6.899199963,6.274879932,,,6.156459808,,6.483980179,,8.349610329,,,,,,,,,,
New Caledonia,NCL,"Government expenditure on education, total (% of GDP)",EDSPENDPCGDP,,,,,,,,,,,,,,,,,,,,,,,,,,,,,,,,,,,,,,,,,,,,,,,
Niger,NER,"Government expenditure on education, total (% of GDP)",EDSPENDPCGDP,,,,,,,,,,,,,,,,,2.060300112,2.292059898,2.226560116,2.049599886,2.254689932,2.318650007,2.134010077,,,2.584830046,2.562649965,2.281209946,2.401629925,1.936300039,,,2.563410044,3.03008008,2.741290092,3.356019974,2.744709969,3.102479935,3.209389925,3.714289904,5.127449989,4.494679928,2.990449905,2.581650019,3.547209978,,
Nigeria,NGA,"Government expenditure on education, total (% of GDP)",EDSPENDPCGDP,,3.063689947,,,,,,,,,,,,,,,,,,,,,,,,,,,,,,,,,,,,,,,,,,,,,
Nicaragua,NIC,"Government expenditure on education, total (% of GDP)",EDSPENDPCGDP,2.038589954,,,,,2.822779894,3.262409925,,3.792680025,,5.978899956,,,5.351749897,,,,,2.984970093,,,,,,2.225850105,2.923650026,3.001600027,,2.391010046,2.422009945,,,,,,,4.484220028,,,,4.083280087,4.078430176,4.081150055,4.357679844,,,
Netherlands,NLD,"Government expenditure on education, total (% of GDP)",EDSPENDPCGDP,6.221149921,6.371660233,6.312290192,6.182509899,6.184420109,6.090330124,5.892799854,5.749370098,5.695010185,5.500790119,5.090109825,5.472879887,5.56155014,5.897920132,5.471459866,,5.228789806,5.161650181,,4.756609917,4.663249969,4.578879833,4.494190216,,4.540569782,4.506999969,4.585120201,4.699649811,4.805900097,5.040420055,5.062970161,5.109399796,5.044020176,4.886829853,5.029049873,5.43156004,5.489089966,5.463039875,5.410220146,5.52655983,5.458899975,5.34815979,5.479599953,5.17509985,,,
Norway,NOR,"Government expenditure on education, total (% of GDP)",EDSPENDPCGDP,,5.550220013,6.163599968,5.972809792,6.444349766,,5.780149937,5.543640137,5.678850174,5.646299839,5.429369926,5.255670071,5.539830208,5.788070202,5.865970135,6.299860001,6.310379982,6.373219967,6.63613987,7.676640034,7.830430031,7.695680141,7.138050079,7.30343008,7.360779762,6.966479778,6.467269897,6.830629826,7.437290192,7.416359901,7.298270226,6.865069866,6.382760048,6.534399986,6.285220146,7.10337019,6.746339798,6.454520226,7.374700069,7.485350132,7.695040226,7.569330215,8.030550003,7.911980152,,,
Nepal,NPL,"Government expenditure on education, total (% of GDP)",EDSPENDPCGDP,,,,,,,,,,,,,,,,,,,,,,,,,2.892879963,2.89331007,2.975150108,3.708379984,3.152839899,3.11435008,3.171940088,3.364639997,3.605360031,3.517210007,3.805170059,4.663760185,3.631720066,3.842619896,3.76116991,3.474649906,3.993020058,3.703589916,4.440989971,5.518370152,5.102069855,,
Nauru,NRU,"Government expenditure on education, total (% of GDP)",EDSPENDPCGDP,,,,,,,,,,,,,,,,,,,,,,,,,,,,,,,,,,4.246150017,,,,,,,,,,,,,
New Zealand,NZL,"Government expenditure on education, total (% of GDP)",EDSPENDPCGDP,,5.16753006,5.454740047,4.452670097,4.532529831,4.46765995,4.232649803,4.44054985,4.532700062,,4.045680046,3.546299934,3.430310011,3.917390108,4.425859928,4.818240166,,,,,5.926050186,5.742129803,6.383719921,6.157219887,,6.636209965,,6.560490131,6.406990051,6.437530041,6.512030125,6.278960228,5.95276022,5.915939808,5.506169796,6.280670166,7.001289845,6.93487978,7.150629997,6.699979782,6.344449997,6.337389946,6.433350086,6.283669949,,,
OECD members,OED,"Government expenditure on education, total (% of GDP)",EDSPENDPCGDP,,5.080600023,5.0395751,,4.894410133,4.796909809,5.069419861,4.98935008,5.252715111,,,,4.852290154,4.846689939,4.568745136,4.707389832,4.559000015,4.794789791,4.999639988,5.10943985,5.055300236,4.802090168,5.065110207,,4.461870193,4.538949966,4.781400204,4.964684963,5.179230213,5.091510057,4.961864948,4.939139843,4.864109993,4.712240219,4.933449984,5.43156004,5.391209841,5.114490032,4.99497509,5.13511014,5.144385099,5.106850147,5.007110119,4.994495153,,,
Oman,OMN,"Government expenditure on education, total (% of GDP)",EDSPENDPCGDP,,,,,,,,,,,,,3.79282999,3.656260014,3.389889956,2.978240013,2.838920116,2.987940073,3.122580051,3.508219957,3.444489956,3.413259983,3.184520006,3.356800079,4.112339973,4.005949974,3.200239897,4.020309925,4.325069904,3.896970034,4.028379917,3.51722002,3.859339952,,,4.187749863,,,,4.97010994,,,,,,,
Other small states,OSS,"Government expenditure on education, total (% of GDP)",EDSPENDPCGDP,,,,,,,,,,7.275335073,5.551660061,5.650720119,,,6.151110172,,,,,,,,,,,5.246170044,5.332429886,5.031424999,4.936089993,5.543970108,5.139479876,6.286670208,6.243364811,,5.980679989,6.198935032,5.006520033,4.012239933,3.215800047,3.61578989,4.916950226,,,5.02312994,,,
Pakistan,PAK,"Government expenditure on education, total (% of GDP)",EDSPENDPCGDP,,1.980080009,2.237940073,2.149830103,2.204180002,2.198070049,2.130949974,1.972450018,2.013669968,1.995769978,2.069849968,2.43543005,2.678129911,2.977459908,,2.363820076,2.51680994,2.566760063,2.549679995,2.386440039,2.589309931,2.79531002,2.810570002,3.022300005,,2.611490011,1.837820053,,,,1.767590046,2.049720049,2.395509958,2.635270119,2.746229887,2.59078002,2.286870003,2.221750021,2.13628006,2.493439913,2.465929985,2.650019884,3.002919912,2.89951992,,,
Panama,PAN,"Government expenditure on education, total (% of GDP)",EDSPENDPCGDP,4.043280125,4.154510021,4.312729836,4.280960083,3.605979919,3.642549992,3.535670042,3.431799889,3.41850996,3.550909996,3.468709946,3.521460056,3.34574008,3.870120049,,,,,,,3.470540047,3.947809935,4.09431982,3.847110033,,4.567230225,4.759689808,4.105879784,4.1916399,4.168700218,3.578660011,,,,3.50229001,,,3.159009933,,,,,,,,,
Peru,PER,"Government expenditure on education, total (% of GDP)",EDSPENDPCGDP,,,,,,,,,,,,,,,,,,,,,,,3.118799925,,3.278179884,3.44133997,3.228029966,3.037120104,2.820569992,2.937799931,2.957870007,2.839030027,2.652810097,2.629400015,2.867749929,3.139940023,2.867300034,2.663500071,2.92276001,3.297290087,3.695990086,3.969330072,3.813169956,3.931309938,3.723160028,3.847290039,
Philippines,PHL,"Government expenditure on education, total (% of GDP)",EDSPENDPCGDP,,,,,,,1.717730045,,2.074929953,1.686069965,,,1.726209998,,,,,,,,,3.042259932,3.362869978,3.517159939,3.81449008,,3.164400101,2.92463994,2.89222002,2.935179949,2.469830036,2.328069925,2.425790071,2.485179901,2.582829952,2.537770033,,,,,,,,,,,
Palau,PLW,"Government expenditure on education, total (% of GDP)",EDSPENDPCGDP,,,,,,,,,,,,,,,,,,,,,,,,,,,8.02807045,7.715600014,7.529290199,,,,,,,,,,,,,,,,,,
Papua New Guinea,PNG,"Government expenditure on education, total (% of GDP)",EDSPENDPCGDP,,,,7.389709949,,,,,,,,,,,,,,,,,,,,,,,,,,,,,,,,,,,,,,,,1.964930058,1.930889964,,
Poland,POL,"Government expenditure on education, total (% of GDP)",EDSPENDPCGDP,,,,,,,,,,,,,,,,,,3.891449928,4.187930107,4.182759762,,4.335000038,6.267179966,,4.95043993,4.600289822,4.993619919,5.329750061,5.3979702,5.332180023,5.35574007,5.426119804,5.205780029,4.868370056,5.040470123,4.98913002,5.068429947,4.820119858,4.811810017,4.940110207,4.909180164,4.812260151,4.639220238,4.559569836,,,
Pre-demographic dividend,PRE,"Government expenditure on education, total (% of GDP)",EDSPENDPCGDP,,,,,,,,,,,,,,,,,,,,,,,,,,2.584830046,2.578024983,2.658449888,2.679320097,,3.02925992,2.887170076,,,2.67623508,,3.450384974,2.93462491,3.040714979,3.284650087,3.648070097,3.67008996,3.078160048,4.031330109,3.696439981,,
Puerto Rico,PRI,"Government expenditure on education, total (% of GDP)",EDSPENDPCGDP,,6.229740143,7.140490055,6.387569904,6.681029797,,,,,,,,,,,,,,,,,,,,,,,,,,,,,,,,,,,6.481080055,6.072659969,,,,,,
"Korea, Dem. People’s Rep.",PRK,"Government expenditure on education, total (% of GDP)",EDSPENDPCGDP,,,,,,,,,,,,,,,,,,,,,,,,,,,,,,,,,,,,,,,,,,,,,,,
Portugal,PRT,"Government expenditure on education, total (% of GDP)",EDSPENDPCGDP,,3.062459946,3.078730106,,2.900480032,2.699300051,3.067430019,3.185750008,3.329099894,3.23281002,3.142539978,3.262490034,3.049249887,3.157979965,3.387530088,3.475239992,3.56972003,4.07133007,4.337470055,4.840950012,4.671299934,4.61330986,5.065110207,,,5.046860218,5.163849831,5.33713007,5.258719921,5.281529903,5.046380043,5.073949814,4.907670021,4.921470165,4.696090221,5.563149929,5.412489891,5.123330116,4.949409962,5.270969868,5.124000072,4.885540009,,5.015610218,,,
Paraguay,PRY,"Government expenditure on education, total (% of GDP)",EDSPENDPCGDP,2.105190039,,,,,,,,,,,1.395849943,,,,,1.040709972,,,,,,,,4.198339939,4.230879784,4.230209827,3.833570004,3.407730103,3.382760048,2.869899988,,,2.739510059,,,2.77293992,3.69727993,3.667540073,,,,3.438339949,,,,
West Bank and Gaza,PSE,"Government expenditure on education, total (% of GDP)",EDSPENDPCGDP,,,,,,,,,,,,,,,,,,,,,,,,,,,,,,,,,,,,,6.725470066,5.702700138,5.132679939,5.302499771,,5.141359806,5.717730045,5.25233984,,,
Pacific island small states,PSS,"Government expenditure on education, total (% of GDP)",EDSPENDPCGDP,,,,,,,,,,,,,,,,,,,,,,,,,,,,,,,,,,,,,,,,,,,,,,,
Post-demographic dividend,PST,"Government expenditure on education, total (% of GDP)",EDSPENDPCGDP,,4.851114988,4.72892499,,4.532529831,4.796909809,5.038844824,4.833360195,5.046060085,,,,,4.623439789,4.544720173,,,5.103219986,,5.312155008,5.088480234,4.843374968,4.843719959,,4.461870193,4.890230179,4.868400097,4.945409775,5.179230213,5.19501996,5.169159889,5.109399796,4.985310078,4.886829853,4.867990017,5.085820198,5.36992979,5.123330116,4.956580162,5.040480137,5.144385099,5.205920219,5.05725503,5.069930077,,,
French Polynesia,PYF,"Government expenditure on education, total (% of GDP)",EDSPENDPCGDP,,,,,,,,,,,,,,,,,,,,,,,,,,,,,,,,,,,,,,,,,,,,,,,
Qatar,QAT,"Government expenditure on education, total (% of GDP)",EDSPENDPCGDP,,,1.746970057,1.970059991,2.77696991,,,,,,,,,,,,,,,,,,,,3.577670097,4.345300198,3.725980043,3.200190067,3.846560001,3.373939991,3.462589979,3.971879959,,,4.22755003,3.413150072,4.539659977,4.012239933,3.50744009,4.073840141,3.605350018,,,2.86383009,,2.695349932,
Romania,ROU,"Government expenditure on education, total (% of GDP)",EDSPENDPCGDP,,,,,,,,,,,,,,,,,,,,,,,3.241219997,,,,2.868629932,3.266289949,3.504129887,3.543970108,3.312730074,3.500390053,4.306509972,4.149539948,4.097199917,4.002130032,3.495379925,3.059429884,2.954099894,3.049380064,3.126420021,3.106760025,2.974109888,3.095390081,,,
Russian Federation,RUS,"Government expenditure on education, total (% of GDP)",EDSPENDPCGDP,,,,,,,,,,,,,,,,,,,,,,,,,,,2.93979001,3.106019974,3.835020065,3.678539991,3.547869921,3.771929979,3.866260052,,4.101749897,,,,3.793100119,3.763829947,4.013879776,3.834029913,3.760440111,4.689909935,,,
Rwanda,RWA,"Government expenditure on education, total (% of GDP)",EDSPENDPCGDP,,,,2.150209904,2.232470036,2.441279888,2.666330099,4.392970085,,,,,,3.505779982,3.335340023,3.746629953,,,,,,,,,,4.57848978,4.09510994,5.666069984,,,,,,3.972330093,3.489890099,,4.615290165,4.367219925,4.403659821,4.721940041,4.179780006,3.632339954,3.419300079,3.110830069,3.073750019,,
South Asia,SAS,"Government expenditure on education, total (% of GDP)",EDSPENDPCGDP,,1.980080009,,,,1.96894002,1.98593998,1.940810025,1.87182498,1.995769978,2.069849968,2.43543005,2.678129911,2.644330025,,,2.410929918,2.566760063,,,,,,3.022300005,3.051419973,2.752400041,2.550115108,,,3.11435008,2.556040049,3.188750029,2.76917994,2.635270119,2.746229887,2.59078002,3.377690077,2.841879964,2.389849901,2.973949909,3.080574989,2.952909946,3.449199915,3.47919488,,,
Saudi Arabia,SAU,"Government expenditure on education, total (% of GDP)",EDSPENDPCGDP,,,,,,,,3.890249968,4.142549992,5.977970123,6.109570026,,6.255350113,,,,,5.779459953,5.144629955,5.999289989,6.343820095,5.692470074,4.943749905,4.377079964,8.281310081,7.072269917,5.90982008,7.718870163,7.636889935,7.105090141,6.277470112,5.430920124,5.891170025,,5.13781023,,,,,,,,,,,,
Sudan,SDN,"Government expenditure on education, total (% of GDP)",EDSPENDPCGDP,,,,,,,,,,,,,,,,,,,,,,,,,,,1.012179971,,1.426440001,,1.629899979,1.563070059,1.963019967,,2.201430082,2.218679905,,,,,,,,,,,
Senegal,SEN,"Government expenditure on education, total (% of GDP)",EDSPENDPCGDP,,,,,,,,,,,,,,,,,,,,,,,,,2.527940035,2.48935008,2.494119883,2.602489948,2.679320097,2.772109985,3.044879913,4.057730198,3.769680023,,3.986789942,4.870130062,5.182519913,4.878950119,4.733160019,5.672500134,5.720210075,5.45637989,5.113090038,4.624969959,4.833280087,,
Singapore,SGP,"Government expenditure on education, total (% of GDP)",EDSPENDPCGDP,,2.43949008,2.692389965,2.450799942,2.290999889,2.249249935,2.559669971,2.583659887,3.267760038,3.947720051,,,,,3.652070045,,,,,,,,,,,,3.32130003,3.542490005,3.878530025,3.981940031,3.652760029,3.195960045,2.859119892,2.946749926,2.764600039,3.010129929,3.080440044,3.030770063,3.070859909,2.85435009,,,,,,,
Solomon Islands,SLB,"Government expenditure on education, total (% of GDP)",EDSPENDPCGDP,,,,,,,,,,,,,,,,,,2.753819942,,,,,,,2.248709917,,,,,,,,,9.87994957,8.800919533,8.973259926,9.860630035,,,,,,,,,,
Sierra Leone,SLE,"Government expenditure on education, total (% of GDP)",EDSPENDPCGDP,,,,,,,,,,,,,,,,,,,,,,,,,,,4.949369907,3.432719946,3.54527998,3.260610104,3.107130051,2.796979904,,2.558510065,2.413170099,2.778140068,2.588639975,2.668900013,2.872040033,2.379810095,2.662919998,,3.060230017,4.635769844,6.989630222,7.702280045,
El Salvador,SLV,"Government expenditure on education, total (% of GDP)",EDSPENDPCGDP,,0.904510021,,,,,,,,,,,,,,,,,,,,,,,2.547250032,2.562609911,2.838680029,,3.242840052,3.134670019,,3.177850008,3.492980003,3.60984993,4.458109856,4.659500122,4.048069954,3.898499966,3.712470055,3.801490068,3.824160099,3.909879923,3.825239897,3.725229979,3.592420101,,
San Marino,SMR,"Government expenditure on education, total (% of GDP)",EDSPENDPCGDP,,,,,,,,,,,,,,,,,,,,,,,,,,,,,,,,,,,,,2.62883997,2.702960014,,,,,,3.370330095,3.592859983,,
Somalia,SOM,"Government expenditure on education, total (% of GDP)",EDSPENDPCGDP,,,,,,,,,,,,,,,,,,,,,,,,,,,,,,,,,,,,,,,,,,,,,,,
Serbia,SRB,"Government expenditure on education, total (% of GDP)",EDSPENDPCGDP,,,,,,,,,,,,,,,,,,,,,,,,,,,,,,,,,,4.209839821,4.441999912,4.483980179,4.327809811,4.238359928,4.164209843,,3.926980019,3.789020061,3.640269995,3.715090036,3.585390091,,
Sub-Saharan Africa (excluding high income),SSA,"Government expenditure on education, total (% of GDP)",EDSPENDPCGDP,,,,,,,,,,,,,,,,,,,,,,,,,,3.227859974,2.646709919,3.550699949,3.106624961,,3.108380079,3.415910006,3.435009956,,3.34442997,3.867880106,3.521014929,3.102479935,3.479490042,3.306080103,4.017199993,3.801500082,3.096090078,3.917405009,3.989439964,,
South Sudan,SSD,"Government expenditure on education, total (% of GDP)",EDSPENDPCGDP,,,,,,,,,,,,,,,,,,,,,,,,,,,,,,,,,,,,,,0.962890029,,1.024500012,1.232460022,1.465559959,1.543900013,,,,
Sub-Saharan Africa,SSF,"Government expenditure on education, total (% of GDP)",EDSPENDPCGDP,,,,,,,,,,,,,,,,,,,,,,,,,,3.322654963,2.80913496,3.432719946,3.060899973,,3.109630108,3.52218008,3.56625998,,3.285300016,3.61195004,3.539799929,3.217275023,3.448845029,3.327510118,4.035249949,4.148090005,3.257695079,4.031330109,4.303765059,,
Small states,SST,"Government expenditure on education, total (% of GDP)",EDSPENDPCGDP,,,,,,,,,,5.766600132,5.712785006,5.650720119,,,5.045985103,4.691925049,4.216645002,,,,,3.558549881,,,,4.592965007,4.983469963,5.031424999,4.908049822,4.843500137,4.877349854,5.549915075,,,6.191319942,6.198480129,5.473380089,4.491080046,3.418200016,3.844815016,5.142015219,,,5.141875029,,,
Sao Tome and Principe,STP,"Government expenditure on education, total (% of GDP)",EDSPENDPCGDP,,,,,,,,,,,,,,,,,,,,,,,,,,,,,2.720580101,3.246929884,3.234709978,4.856450081,4.271180153,6.286829948,5.554490089,10.67790031,9.651470184,,6.339509964,5.939690113,3.74883008,3.864500046,5.173069954,5.084159851,5.149069786,,
Suriname,SUR,"Government expenditure on education, total (% of GDP)",EDSPENDPCGDP,,,,,,,,,,,,,,,,,,,,,,,,,,,,,,,,,,,,,,,,,,,,,,,
Slovak Republic,SVK,"Government expenditure on education, total (% of GDP)",EDSPENDPCGDP,,,,,,,,,,,,,,,,,,,5.356949806,4.44960022,3.712500095,4.297579765,4.124400139,4.122320175,,4.107299805,3.864680052,3.93569994,4.245399952,4.209569931,4.101570129,3.759959936,3.707700014,3.523210049,3.521650076,4.006410122,4.084710121,3.929640055,3.8677001,4.076489925,4.221360207,4.599540234,3.911710024,3.939130068,,,
Slovenia,SVN,"Government expenditure on education, total (% of GDP)",EDSPENDPCGDP,,,,,,,,,,,,,,,,,,4.438580036,5.145120144,5.402060032,5.121660233,4.905590057,,,,,,5.756830215,5.672860146,5.70333004,5.64425993,5.6040802,5.590660095,5.11661005,5.109519958,5.554969788,5.545460224,5.541259766,5.620230198,5.405729771,5.291699886,4.909530163,4.801780224,4.783239841,,,
Sweden,SWE,"Government expenditure on education, total (% of GDP)",EDSPENDPCGDP,,,,,,6.37237978,6.53704977,6.781199932,,,,,,,,,5.212190151,5.443809986,5.258500099,5.50703001,,6.148139954,6.838620186,,7.06125021,6.848730087,6.740149975,6.617640018,6.924349785,6.791429996,6.663109779,6.506400108,6.364290237,6.171589851,6.344550133,6.749710083,6.522689819,6.366919994,7.536970139,7.611209869,7.573729992,7.443900108,7.618619919,7.568830013,,,
Eswatini,SWZ,"Government expenditure on education, total (% of GDP)",EDSPENDPCGDP,,,3.714349985,3.944299936,5.796520233,6.364280224,5.297200203,6.58382988,6.753640175,,,,,5.802199841,5.511559963,5.661290169,5.484570026,,,,5.140289783,5.653140068,4.938159943,,,5.090950012,5.508480072,4.838240147,4.440869808,5.816770077,5.401609898,6.484620094,6.554759979,,6.618120193,6.471350193,6.118370056,6.864329815,,,7.070320129,,,,,,
Sint Maarten (Dutch part),SXM,"Government expenditure on education, total (% of GDP)",EDSPENDPCGDP,,,,,,,,,,,,,,,,,,,,,,,,,,,,,,,,,,,,,,,,,,,,,,,
Seychelles,SYC,"Government expenditure on education, total (% of GDP)",EDSPENDPCGDP,4.1884799,4.345019817,4.745960236,,,,,,,,12.02892971,10.23305035,9.713600159,,8.291890144,8.229519844,,,,,9.021710396,7.703690052,7.779220104,,5.992070198,5.261000156,,,5.193329811,5.374929905,,,4.770120144,,,,,3.606440067,2.613929987,3.608129978,4.083680153,,4.421020031,,,,
Syrian Arab Republic,SYR,"Government expenditure on education, total (% of GDP)",EDSPENDPCGDP,,3.934509993,5.831459999,5.714419842,5.514259815,4.966169834,4.575530052,5.383930206,5.897620201,,6.133890152,6.070049763,5.62293005,4.561840057,3.615859985,4.03414011,,,,,,,3.69904995,,,,,4.360489845,5.04693985,6.480840206,5.371479988,,5.346000195,4.871970177,4.59525013,5.130139828,,,,,,,,,,,
Turks and Caicos Islands,TCA,"Government expenditure on education, total (% of GDP)",EDSPENDPCGDP,,,,,,,,,,,,,,,,,,,,,,,,,,,4.718830109,4.843009949,5.069139957,4.728779793,,2.540999889,,,,,,,,,,3.157449961,,,2.914350033,,
Chad,TCD,"Government expenditure on education, total (% of GDP)",EDSPENDPCGDP,,,,,,,,,,,,,,,,,,,,,,,,2.27335,1.64902997,3.227859974,2.646709919,2.42614007,,,1.592949986,1.694769979,,,,2.311739922,1.981940031,2.2579,2.206150055,2.850709915,,,,2.454819918,,,
East Asia & Pacific (IDA & IBRD countries),TEA,"Government expenditure on education, total (% of GDP)",EDSPENDPCGDP,,,,,,,,,,,,,,,,,,,,,,2.442089975,2.896309972,3.733065009,,,4.208930016,2.69233501,2.89222002,,2.748470068,,,3.078419924,3.508500099,3.861939907,4.076770067,4.60902977,4.865959883,4.532395124,4.001429915,,,,3.165154934,,
Europe & Central Asia (IDA & IBRD countries),TEC,"Government expenditure on education, total (% of GDP)",EDSPENDPCGDP,,,,,,,,,,,,,,,,,,,,,,,3.512569904,,,3.75532496,3.343394995,3.384239912,3.343114972,3.61125505,3.380215049,3.642030001,3.866260052,3.965199947,4.162065029,4.322614908,4.242040157,4.150109768,3.905565143,4.319535017,4.818309784,3.811524987,3.861265063,4.004815102,,,
Togo,TGO,"Government expenditure on education, total (% of GDP)",EDSPENDPCGDP,2.113800049,,,,,6.679140091,,5.882080078,,,5.39357996,,,4.71762991,,,,,5.675139904,,,,4.412439823,,3.984240055,4.185719967,3.920900106,3.767040014,3.487449884,3.326090097,3.109630108,3.159780025,3.435009956,3.510629892,3.285300016,3.867880106,4.096350193,4.309299946,4.719200134,4.423649788,4.78455019,5.10860014,4.955580235,4.989759922,5.369569778,,
Thailand,THA,"Government expenditure on education, total (% of GDP)",EDSPENDPCGDP,,2.380880117,3.016720057,3.215120077,,2.845289946,2.5745399,2.883140087,3.273880005,3.463870049,3.437220097,,3.407979965,3.115819931,2.753420115,2.502429962,,3.08859992,3.045409918,,3.405230045,3.144979954,3.499609947,4.577189922,4.625699997,4.832670212,5.25345993,4.81787014,3.864919901,3.725610018,4.030889988,3.93859005,4.05038023,3.603149891,3.508500099,3.861939907,3.508440018,4.805550098,4.536709785,4.1240201,,,,,,,
Tajikistan,TJK,"Government expenditure on education, total (% of GDP)",EDSPENDPCGDP,,,,,,,,,,,,,,,,,,,,8.18558979,,2.065900087,2.043450117,,2.528490067,2.076519966,2.328710079,2.376590014,2.775789976,2.420789957,2.772030115,3.512130022,3.40350008,3.413269997,3.459830046,4.098309994,4.006750107,3.935110092,4.018030167,,,5.231389999,,,,,
Turkmenistan,TKM,"Government expenditure on education, total (% of GDP)",EDSPENDPCGDP,,,,,,,,,,,,,,,,,,,,,,,,,,,,,,,,,,,,,,,3.049249887,,,,,,,,
Latin America & the Caribbean (IDA & IBRD countries),TLA,"Government expenditure on education, total (% of GDP)",EDSPENDPCGDP,,,,,,,,,,,,,,,,,,,,,,2.99456501,,,3.309165001,3.729219913,3.643519998,3.839125037,3.750370026,3.458904982,3.578660011,,3.669059992,3.627320051,4.458109856,5.187940121,4.507430077,4.410675049,4.643070221,4.941595078,4.995784998,4.937005043,4.618155003,4.535510063,,,
Timor-Leste,TLS,"Government expenditure on education, total (% of GDP)",EDSPENDPCGDP,,,,,,,,,,,,,,,,,,,,,,,,,,,,,,,,,,,8.670590401,12.9034996,11.10764027,10.07569981,7.241869926,5.667150021,7.515470028,8.433259964,8.051939964,7.060490131,6.792950153,,
Middle East & North Africa (IDA & IBRD countries),TMN,"Government expenditure on education, total (% of GDP)",EDSPENDPCGDP,,,,4.982919931,,,4.840194941,,5.705175161,,,,,,,4.317100048,,,,,,,4.185309887,,,,,,,,,,,,4.466135025,,,,,,,,,,,,
Tonga,TON,"Government expenditure on education, total (% of GDP)",EDSPENDPCGDP,,,,,,,,,,,10.34650993,,,,,,,,,,,,,,5.590889931,5.460919857,4.940770149,4.532559872,3.792320013,4.16012001,3.908040047,,,,,,,,,,,,,,,,
South Asia (IDA & IBRD),TSA,"Government expenditure on education, total (% of GDP)",EDSPENDPCGDP,,1.980080009,,,,1.96894002,1.98593998,1.940810025,1.87182498,1.995769978,2.069849968,2.43543005,2.678129911,2.644330025,,,2.410929918,2.566760063,,,,,,3.022300005,3.051419973,2.752400041,2.550115108,,,3.11435008,2.556040049,3.188750029,2.76917994,2.635270119,2.746229887,2.59078002,3.377690077,2.841879964,2.389849901,2.973949909,3.080574989,2.952909946,3.449199915,3.47919488,,,
Sub-Saharan Africa (IDA & IBRD countries),TSS,"Government expenditure on education, total (% of GDP)",EDSPENDPCGDP,,,,,,,,,,,,,,,,,,,,,,,,,,3.322654963,2.80913496,3.432719946,3.060899973,,3.109630108,3.52218008,3.56625998,,3.285300016,3.61195004,3.539799929,3.217275023,3.448845029,3.327510118,4.035249949,4.148090005,3.257695079,4.031330109,4.303765059,,
Trinidad and Tobago,TTO,"Government expenditure on education, total (% of GDP)",EDSPENDPCGDP,,,,,,,3.768079996,,5.457399845,5.766600132,5.87390995,5.767749786,,,,4.19987011,3.654129982,,,,3.431809902,3.558549881,3.248769999,3.325210094,2.438920021,2.756119967,2.755650043,3.065289974,3.543009996,3.136600018,,,,,,,,,,,,,,,,,
Tunisia,TUN,"Government expenditure on education, total (% of GDP)",EDSPENDPCGDP,,,,,,,5.235159874,4.889359951,5.286049843,5.457630157,5.517449856,5.539720058,5.879489899,,,,5.790860176,6.027470112,5.754889965,5.983769894,6.176469803,6.429759979,6.287809849,6.679029942,,6.270989895,6.201980114,6.20182991,5.790030003,6.816730022,6.720779896,6.451570034,6.43859005,6.465519905,6.272190094,6.528480053,6.254809856,,6.250370026,,,6.596010208,,,,,
Turkey,TUR,"Government expenditure on education, total (% of GDP)",EDSPENDPCGDP,,,,,4.347740173,2.915199995,,2.208300114,1.754909992,2.647599936,2.029230118,1.738109946,1.509570003,,,,,,,3.365469933,3.42482996,2.251110077,,,0,2.886640072,2.529079914,2.654340029,2.748939991,2.876630068,3.020200014,,2.750629902,,,,,,,,,,,,,,
Tuvalu,TUV,"Government expenditure on education, total (% of GDP)",EDSPENDPCGDP,,,,,,,,,,,,,,,,,7.554180145,,,,,,,3.730829954,,,,,,,,,,,,,,,,,,,,,,,
Tanzania,TZA,"Government expenditure on education, total (% of GDP)",EDSPENDPCGDP,,,,,,,,,,,,,,,,2.249269962,2.138070107,,,,,,2.53283,2.458590031,2.175909996,,,,,,3.561229944,3.546250105,3.009919882,4.033420086,4.185910225,3.960760117,4.541699886,,,,3.384880066,,,4.430510044,3.696439981,,
Uganda,UGA,"Government expenditure on education, total (% of GDP)",EDSPENDPCGDP,,3.221029997,2.676589966,,,,,,2.515520096,1.689090014,2.428359985,3.431960106,,,5.103650093,,,,,,,,,,,,2.461669922,,,,4.952370167,,,,,,1.741510034,2.317689896,1.812160015,1.886430025,1.93035996,2.340490103,2.155359983,2.272049904,2.130520105,,
Ukraine,UKR,"Government expenditure on education, total (% of GDP)",EDSPENDPCGDP,4.572929859,,,,,,,,,,,,,,,,,,,,,,,5.456009865,4.448840141,3.618079901,4.166230202,4.685060024,5.438630104,5.607860088,5.313509941,6.06441021,6.214799881,6.157209873,6.436210155,7.318019867,,6.162370205,6.692329884,6.671659946,5.874939919,,5.00977993,5.412260056,,,
Upper middle income,UMC,"Government expenditure on education, total (% of GDP)",EDSPENDPCGDP,,,,,,,,,,,,,,,,,,,,,,,3.506089926,,,4.212140083,3.948930025,3.771124959,3.579050064,3.702075005,3.517194986,3.93859005,3.91008997,3.682640076,3.958519936,4.426460028,4.417619944,3.967819929,3.730320096,4.074200153,,,3.813169956,4.09250021,,,
Uruguay,URY,"Government expenditure on education, total (% of GDP)",EDSPENDPCGDP,,,,,,1.987130046,2.159509897,,,,2.373389959,2.566790104,3.102829933,,,,,2.479079962,2.411530018,,2.271719933,2.521399975,2.869869947,,2.243370056,,2.422549963,2.800960064,2.32220006,2.068209887,2.499540091,2.714750051,2.880259991,,,,,4.355269909,,,,,4.75909996,4.840300083,5.047589779,,
United States,USA,"Government expenditure on education, total (% of GDP)",EDSPENDPCGDP,,,,,,,,,,,,,,,,,,,,,,,,,,,,,,,,,,,,,,,,4.931049824,4.961740017,,,,,,
Uzbekistan,UZB,"Government expenditure on education, total (% of GDP)",EDSPENDPCGDP,,,,,,,,,,,,,,,,,,,,,,,,,,,,,,,,,,,,,,,,6.090010166,6.025269985,5.786379814,5.667729855,5.281340122,,,
St. Vincent and the Grenadines,VCT,"Government expenditure on education, total (% of GDP)",EDSPENDPCGDP,,,,,,,,,,,,,4.42911005,,,4.468689919,,4.873770237,,,,,,,4.033360004,5.752679825,7.913809776,,7.801990032,8.637829781,,6.350810051,,5.671030045,,5.689780235,5.085229874,,,,,,5.733399868,5.73195982,5.693779945,,
"Venezuela, RB",VEN,"Government expenditure on education, total (% of GDP)",EDSPENDPCGDP,4.16286993,5.19851017,,5.256659985,,,4.400720119,5.187439919,5.008950233,6.059820175,4.063729763,,,3.927510023,3.629410028,,2.44671011,,4.310679913,3.817830086,5.006030083,,,,,,,,,,,,3.669059992,3.627320051,,6.874680042,,,,,,,,,,,
British Virgin Islands,VGB,"Government expenditure on education, total (% of GDP)",EDSPENDPCGDP,10.57367039,,,,,,,,,,,,,,,,,,,,,,,,,,,2.904769897,,,,3.046329975,3.57675004,3.151900053,,3.476289988,3.816999912,,,,,5.134789944,,2.358989954,2.465990067,,
Virgin Islands (U.S.),VIR,"Government expenditure on education, total (% of GDP)",EDSPENDPCGDP,,,,,,,,,,,,,,,,,,,,,,,,,,,,,,,,,,,,,,,,,,,,,,,
Vietnam,VNM,"Government expenditure on education, total (% of GDP)",EDSPENDPCGDP,,,,,,,,,,,,,,,,,,,,,,,,,,,,,,,,,,,4.886740208,4.816500187,5.137219906,4.813720226,5.533289909,5.65199995,,,4.344810009,,4.167449951,,
Vanuatu,VUT,"Government expenditure on education, total (% of GDP)",EDSPENDPCGDP,,,,,,,,,,,,,,,,,,,,,4.388020039,,,,7.640820026,6.162829876,7.003630161,8.95114994,8.131750107,8.441729546,,,,,5.783030033,5.012949944,,,,,4.910830021,5.390810013,,4.533530235,,,
World,WLD,"Government expenditure on education, total (% of GDP)",EDSPENDPCGDP,,,,,,,,,,,,,,,,,,,,,,,,,,4.125610113,3.864680052,4.020309925,3.972559929,4.067439914,3.994359851,4.056509972,4.001780033,4.10503006,4.341259956,4.663760185,4.539659977,4.272140026,4.207535028,4.529429913,4.629459858,4.62432003,4.459100008,4.52916503,,,
Samoa,WSM,"Government expenditure on education, total (% of GDP)",EDSPENDPCGDP,,,,,,,,,,,,,,,,,,,,,,,,,,4.016250134,3.582930088,3.826289892,3.841389894,,,,,,5.144209862,,,,,,,,4.162220001,,,,
Kosovo,XKX,"Government expenditure on education, total (% of GDP)",EDSPENDPCGDP,,,,,,,,,,,,,,,,,,,,,,,,,,,,,,,,,,,,,,,,,,,,,,,
"Yemen, Rep.",YEM,"Government expenditure on education, total (% of GDP)",EDSPENDPCGDP,,,,,,,,,,,,,,,,,,,,,,,,,,,9.64552021,9.237660408,,,,,,,5.15143013,,,,,,,,,,,,
South Africa,ZAF,"Government expenditure on education, total (% of GDP)",EDSPENDPCGDP,,,,,,,,,,,,,,5.164330006,5.290589809,4.85255003,5.125790119,5.737349987,,5.886020184,5.806089878,,5.575749874,,,5.875229836,5.443580151,5.159480095,5.066219807,4.864850044,5.068910122,5.063199997,5.072569847,4.974140167,4.866000175,5.248690128,5.721739769,,,,,5.956190109,5.942850113,6.113059998,6.158989906,6.505050182,
Zambia,ZMB,"Government expenditure on education, total (% of GDP)",EDSPENDPCGDP,4.38781023,6.238540173,6.026939869,5.692510128,4.740749836,4.154940128,4.126709938,4.000720024,5.154870033,5.388020039,4.9885602,4.145840168,3.338989973,2.662260056,,,,2.740570068,2.091599941,1.942080021,1.793519974,1.838529944,,,2.118230104,1.774950027,1.788190007,,,,2.463429928,1.735530019,,1.240759969,1.099720001,,,,,,,4.62432003,3.747920036,3.729650021,4.618090153,,
Zimbabwe,ZWE,"Government expenditure on education, total (% of GDP)",EDSPENDPCGDP,,,,,,2.317840099,2.544179916,3.351540089,,4.145480156,5.791500092,7.419260025,,11.64476013,12.33728981,12.28423023,12.45425987,,22.32221031,,44.33398056,,,,,,,,,,,,,,,,1.544059992,,6.07020998,5.995979786,6.13835001,,,5.818779945,5.871349812,,
