Country Name,Country Code,Indicator Name,Indicator Code,1985,1986,1987,1988,1989,1990,1991,1992,1993,1994,1995,1996,1997,1998,1999,2000,2001,2002,2003,2004,2005,2006,2007,2008,2009,2010,2011,2012,2013,2014,2015,2016,2017,2018,2019,2020
Aruba,ABW,"Government expenditure on education, total (% of government expenditure)",EDSPENDPERC,,,,,,,,,,,,,,22.08238983,19.27891922,21.82275963,21.3203907,19.75715065,,14.89785957,18.90070915,,20.78879929,19.03619957,21.53726006,22.14365959,21.74546051,20.63408089,21.87458992,19.61272049,22.85499001,21.36655045,,,,
Afghanistan,AFG,"Government expenditure on education, total (% of government expenditure)",EDSPENDPERC,,,,,,,,,,,,,,,,,,,,,,,,,,17.0675602,16.04842949,10.35680008,14.10280037,14.46592999,12.50899982,16.21170044,15.66137981,,,
Angola,AGO,"Government expenditure on education, total (% of government expenditure)",EDSPENDPERC,,,,,,,,,,,,,,6.114679813,,5.255080223,,,,,7.992350101,7.454790115,,,,8.68476963,,,,,,,,,,
Albania,ALB,"Government expenditure on education, total (% of government expenditure)",EDSPENDPERC,,,,,,,,,,,,,11.15338993,9.624070168,9.682459831,10.13702965,10.58193016,9.886919975,10.57359982,10.70316029,11.35797024,10.93295002,11.17718983,,,,,,12.12390995,,11.31770039,13.59696007,12.39080048,,,
Andorra,AND,"Government expenditure on education, total (% of government expenditure)",EDSPENDPERC,,,,,,,,,,,,,,,,,,,,,,,,,,,,,,,19.4890995,19.22652054,18.9569397,19.32305908,,
Arab World,ARB,"Government expenditure on education, total (% of government expenditure)",EDSPENDPERC,,,,,,,,,,,,,,,,,,,,14.74870968,,,,12.48923969,,,,,,,,,,,,
United Arab Emirates,ARE,"Government expenditure on education, total (% of government expenditure)",EDSPENDPERC,,,,,,,,,,,,,,,,,,,,,,,,,,,,,,,,,,,,
Argentina,ARG,"Government expenditure on education, total (% of government expenditure)",EDSPENDPERC,,,,,,,,,,,,15.39877033,,15.62125969,15.87753963,16.22615051,16.35596085,16.44220924,14.35472012,15.13930035,15.8031702,15.50984001,15.10157013,15.74783993,16.02066994,15.04796982,15.1585598,14.51826,14.45792961,13.79932976,13.96331024,13.35554028,13.26391983,,,
Armenia,ARM,"Government expenditure on education, total (% of government expenditure)",EDSPENDPERC,,,,,,,,,,,,,,,,,,,,,13.64809036,13.57851982,13.46558952,14.26844978,13.45121956,12.40050983,12.59333992,12.36896992,11.13675976,9.367119789,10.65635967,10.19719982,10.40312958,,,
American Samoa,ASM,"Government expenditure on education, total (% of government expenditure)",EDSPENDPERC,,,,,,,,,,,,,,,,,,,,,,,,,,,,,,,,,,,,
Antigua and Barbuda,ATG,"Government expenditure on education, total (% of government expenditure)",EDSPENDPERC,,,,,,,,,,,,,,,12.43941021,,,11.70153999,,,,,,,6.928140163,,,,,,,,,,,
Australia,AUS,"Government expenditure on education, total (% of government expenditure)",EDSPENDPERC,,,,13.24973011,13.35091972,13.59171963,14.06530952,13.20401955,15.01692009,14.29701996,14.77005959,14.24612045,,,,13.36015987,,,,,13.58512974,13.17819977,13.03026962,12.59972,13.42166996,14.32400036,13.48499966,13.17440033,14.04139042,13.88379002,14.07971954,13.77106953,13.61341,,,
Austria,AUT,"Government expenditure on education, total (% of government expenditure)",EDSPENDPERC,,,,,11.28604031,11.51311016,11.75020981,11.75971031,11.0731802,,10.50611973,9.740949631,,11.29195023,12.15056992,11.03322029,10.85632038,10.53232956,10.73962021,9.873330116,10.26185036,10.37458038,10.45228958,10.55515003,10.58393002,10.78913021,10.9884901,10.70118046,10.74028969,10.41116047,10.69347954,10.95384979,10.95016003,,,
Azerbaijan,AZE,"Government expenditure on education, total (% of government expenditure)",EDSPENDPERC,,,,,,,,,,,41.40279007,24.11672974,,18.75694084,21.60498047,21.11907959,20.87755013,13.63072014,15.17084026,14.23503971,13.22315025,10.10042,9.779370308,7.763840199,9.343930244,8.700839996,7.219860077,5.643670082,6.464129925,7.238729954,7.631100178,8.206899643,6.950399876,7.435460091,,
Burundi,BDI,"Government expenditure on education, total (% of government expenditure)",EDSPENDPERC,,,,,,,18.86403084,18.12272072,,16.75643921,23.79244041,16.71360016,,,13.51863956,10.73526001,11.43313026,12.48608017,,9.179080009,10.95926952,,,12.61553955,16.30168915,16.58810043,14.97929955,16.42831993,17.24325943,19.68831062,24.21655083,20.90950012,20.40136909,19.91987038,,
Belgium,BEL,"Government expenditure on education, total (% of government expenditure)",EDSPENDPERC,,8.605830193,8.180009842,8.162130356,,,,,10.17572975,10.2769804,5.826600075,5.894609928,,,,,,,,,11.17420006,,,12.51251984,11.8473196,12.01315022,11.70030975,,11.89315033,12.01019001,12.17072964,12.32835007,12.49032974,,,
Benin,BEN,"Government expenditure on education, total (% of government expenditure)",EDSPENDPERC,,,,,,,,,,,,,,18.46174049,17.88518906,13.51319981,15.31058025,14.12907982,16.68252945,19.2139492,18.79039001,19.70960999,14.94869041,19.08857918,18.17561913,26.14396095,,25.02131081,22.34122086,22.22771072,17.4795208,18.79140091,19.87965012,17.70918083,,
Burkina Faso,BFA,"Government expenditure on education, total (% of government expenditure)",EDSPENDPERC,,,,8.33823967,,,,,,19.94968033,,7.34017992,,,,,,,,,19.49419022,18.20170021,17.86381912,,,16.17281914,19.50061035,15.89538002,16.16527939,19.36811066,18.02708054,,21.44400024,22.66116905,,
Bangladesh,BGD,"Government expenditure on education, total (% of government expenditure)",EDSPENDPERC,8.388629913,9.130049706,10.46842957,,,11.19102955,11.06210041,12.53666973,12.11384964,,,,15.19686985,,18.12978935,20.49041939,18.58477974,15.69379997,16.68162918,15.95312023,,17.33653069,18.15340042,17.81619072,14.02987003,,16.79397011,15.59323978,13.82281971,,,11.41942024,,,9.273750305,
Bulgaria,BGR,"Government expenditure on education, total (% of government expenditure)",EDSPENDPERC,,,,,,,,,,,,,,8.951020241,,,9.277739525,9.654319763,11.18025017,6.703000069,12.07252026,12.01047993,11.11392021,12.61225986,12.65674973,11.16341972,11.10004997,10.69091988,11.43980026,,,,12.73095036,,,
Bahrain,BHR,"Government expenditure on education, total (% of government expenditure)",EDSPENDPERC,,,,,,,,,,,,,,,,,,,,,,11.91866016,11.02672958,10.55867004,,,,8.288450241,7.215310097,8.684029579,7.297359943,,7.180349827,,,
"Bahamas, The",BHS,"Government expenditure on education, total (% of government expenditure)",EDSPENDPERC,,,,,,,,,,,,,,,,18.9228096,,,,,,,,,,,,,,,,,,,,
Bosnia and Herzegovina,BIH,"Government expenditure on education, total (% of government expenditure)",EDSPENDPERC,,,,,,,,,,,,,,,,,,,,,,,,,,,,,,,,,,,,
Belarus,BLR,"Government expenditure on education, total (% of government expenditure)",EDSPENDPERC,,,,,,,,,,,,,,,,,,,,12.55235004,12.62010956,12.45032024,10.1337204,,8.449549675,11.77812958,11.62664986,12.75230026,12.27398968,12.40672016,11.46173,12.1587801,12.28168964,,,
Belize,BLZ,"Government expenditure on education, total (% of government expenditure)",EDSPENDPERC,,,,,,,,,,,,,,,19.18408012,15.61225986,18.30537033,,16.13167,16.24847031,,,,18.05773926,21.57313919,22.3817997,,,22.23904991,22.15760994,21.61292076,20.55234909,21.29523087,21.36528969,,
Bermuda,BMU,"Government expenditure on education, total (% of government expenditure)",EDSPENDPERC,,,,,,,,,,,,,,,,,,,11.03660011,11.11384964,12.10540009,,,,13.97043037,12.93424034,,,,7.796440125,9.018799782,,7.773469925,,,
Bolivia,BOL,"Government expenditure on education, total (% of government expenditure)",EDSPENDPERC,,,,,,,,,,,,,,,,,,,,,,,,,,,,,,,,,,,,
Brazil,BRA,"Government expenditure on education, total (% of government expenditure)",EDSPENDPERC,,,,,,,,,,,,,,11.62985992,9.600270271,11.45215988,10.61096001,9.637299538,,10.41292,11.26515007,12.42689991,13.22305965,14.08374023,14.72692966,14.16016006,15.26900959,15.72766972,15.59278011,15.44382,16.21821976,15.92959023,16.51235962,,,
Barbados,BRB,"Government expenditure on education, total (% of government expenditure)",EDSPENDPERC,,,,,,,,,,,,,,,21.16819954,22.15035057,26.88882065,24.72448921,17.94845009,17.82022095,17.50704956,,16.62288094,15.17193985,15.54343987,17.45377922,,16.11517906,14.84482002,17.45105934,,14.0552597,12.87915039,,,
Brunei Darussalam,BRN,"Government expenditure on education, total (% of government expenditure)",EDSPENDPERC,,,9.586009979,11.84342957,10.06579018,8.710269928,8.226819992,9.18062973,9.276000023,,,,,8.760890007,8.893429756,8.920740128,,,,,,,,,,5.302080154,9.182189941,9.726420403,,9.984600067,,11.44194984,,,,
Bhutan,BTN,"Government expenditure on education, total (% of government expenditure)",EDSPENDPERC,,,,,,,,,,,,,,,,13.77200985,13.08500957,,,18.69831085,22.84906006,,,15.02171993,14.13973045,11.02577972,11.28501987,,16.16983032,17.82422066,26.35213089,26.18062019,24.04097939,22.76646042,,
Botswana,BWA,"Government expenditure on education, total (% of government expenditure)",EDSPENDPERC,15.4298296,15.49168968,16.69395065,16.03128052,,16.51087952,,16.31501961,,,,,,,,,,,,,25.8235302,,26.50778961,,20.47739983,,,,,,,,,,,
Central African Republic,CAF,"Government expenditure on education, total (% of government expenditure)",EDSPENDPERC,,,,,,11.14008045,9.923370361,,,,,,,,8.949319839,9.93076992,,9.214730263,12.02801991,12.0644598,9.680470467,10.05424023,9.869480133,7.860000134,7.836929798,6.475379944,7.825459957,,,,,,,,,
Canada,CAN,"Government expenditure on education, total (% of government expenditure)",EDSPENDPERC,13.2368803,12.68319988,13.45582962,13.53853989,13.56976986,13.19062042,14.26379967,13.11614037,14.62347984,12.93443012,12.86363029,,,12.63957977,12.74188042,12.98260021,12.21224022,12.14789963,,,12.17807007,,12.32855988,12.00996017,12.48363972,12.33596039,12.21914005,,,,,,,,,
Central Europe and the Baltics,CEB,"Government expenditure on education, total (% of government expenditure)",EDSPENDPERC,,,,,,,,,,,,14.72865009,,11.27880955,10.1390152,10.32361031,11.14327955,10.92234993,11.64437962,11.00590038,12.07252026,12.66541004,11.26714993,11.61622047,11.07647991,11.06464005,10.98486042,10.9589448,9.99503994,11.27431965,11.54798031,11.74520969,11.05910969,,,
Switzerland,CHE,"Government expenditure on education, total (% of government expenditure)",EDSPENDPERC,15.65256977,15.86462021,15.58489037,16.29343987,15.94884968,17.3263092,17.31715965,,16.31759071,15.68916035,15.47743034,15.44456005,,14.70215034,14.46687984,14.6406498,15.42770958,15.31151962,16.33489037,16.22230911,15.82069969,15.97004986,15.67512989,16.00963974,15.64361954,15.39087963,15.55350018,15.64387035,15.20899963,15.46179962,15.5288496,15.51253033,15.5774498,,,
Channel Islands,CHI,"Government expenditure on education, total (% of government expenditure)",EDSPENDPERC,,,,,,,,,,,,,,,,,,,,,,,,,,,,,,,,,,,,
Chile,CHL,"Government expenditure on education, total (% of government expenditure)",EDSPENDPERC,,,,,,,,,13.5188303,14.13241959,15.02462006,15.75998974,14.5041399,15.1703701,15.65221977,16.42790985,,17.45059967,17.63722038,17.0210495,16.19908905,16.23127937,16.74641037,17.40113068,17.0356102,17.84355927,17.7497406,,19.64569092,19.92071915,19.59404945,21.15547943,21.31155014,,,
China,CHN,"Government expenditure on education, total (% of government expenditure)",EDSPENDPERC,10.68737984,10.43900967,9.461580276,10.74394035,,,,12.2905302,14.77394962,20.0649395,18.71717072,19.50534058,,14.55140972,12.63156033,,,,,,,,,,,,,,,,,,,,,
Cote d'Ivoire,CIV,"Government expenditure on education, total (% of government expenditure)",EDSPENDPERC,,,,,,,,,,,,,19.22014999,18.81475067,21.67118073,20.80694962,23.20203018,22.59230042,22.6482296,22.10716057,21.84568977,20.01789093,20.75588036,21.52691078,22.19046974,22.77275085,22.42686081,20.85876083,21.57472992,21.76678085,21.17321968,22.51621056,20.68033028,18.33167076,,
Cameroon,CMR,"Government expenditure on education, total (% of government expenditure)",EDSPENDPERC,,,,,,,,,,,,,,,,11.68369961,15.73394012,,21.44202042,20.84712029,21.37760925,20.31265068,21.37933922,15.70061016,19.77979088,18.75388908,14.8677702,15.17621994,13.82495022,12.92924976,13.24398994,12.69468975,15.91162014,16.88315964,,
"Congo, Dem. Rep.",COD,"Government expenditure on education, total (% of government expenditure)",EDSPENDPERC,,,,,,,,,,,,,,,,,,,,,,,,,,9.578499794,,,16.17473984,10.55391979,11.73836994,14.63541985,14.00642014,,,
"Congo, Rep.",COG,"Government expenditure on education, total (% of government expenditure)",EDSPENDPERC,,,,,,,,,,22.41246986,14.70777988,,,14.12652969,,,,9.054849625,9.519949913,8.56180954,7.597819805,,,,,24.72777939,,,,6.555920124,7.950399876,,15.68220043,15.56768036,,
Colombia,COL,"Government expenditure on education, total (% of government expenditure)",EDSPENDPERC,16.40752029,,,,17.22545052,,,,,,,,,12.47535992,13.15192986,13.28682995,13.46772003,15.29955959,15.53726006,15.43978024,15.5356102,13.7688303,14.48145008,14.67728996,16.08116913,16.4185791,15.52914047,15.51282978,16.90078926,15.73606014,15.13377953,16.13978004,16.14031982,15.98262024,,
Comoros,COM,"Government expenditure on education, total (% of government expenditure)",EDSPENDPERC,,,,,,,,,,,,,,17.1350708,,,,15.78971958,,,,,,29.23311996,,,21.41486931,18.49151039,16.07073021,18.88953018,13.25364971,,,,,
Cabo Verde,CPV,"Government expenditure on education, total (% of government expenditure)",EDSPENDPERC,,,,,,,,,,,,,,17.25592041,16.76194,,,19.76622963,,20.8404808,,17.54058075,18.32875061,18.24098969,15.88654995,14.21689987,15.15328026,,14.77822971,16.28219032,16.74822998,17.84300995,16.41258049,,,
Costa Rica,CRI,"Government expenditure on education, total (% of government expenditure)",EDSPENDPERC,,30.32237053,,18.36396027,17.65909004,,,,,,16.74369049,19.11466026,,,21.9236908,18.81950951,19.15282059,19.2404995,20.15172005,20.43088913,,20.64333916,21.02189064,20.81096077,23.40822029,22.88088989,23.00962067,23.50156021,22.83090973,23.1095295,23.37343025,23.42320061,30.15142059,26.08666992,,
Caribbean small states,CSS,"Government expenditure on education, total (% of government expenditure)",EDSPENDPERC,,,,,12.90589046,13.85188007,16.3537693,12.75156975,12.79800034,16.70001984,15.12972021,14.41047525,13.71621513,8.926670074,11.2300396,14.26386023,16.07828999,16.3245697,13.6362052,11.73301983,14.26937008,,17.17304993,19.11938095,17.55283928,16.10293961,18.58193016,18.80925941,20.57386017,21.79748917,20.05147934,19.14512062,18.40254021,18.58399963,17.31398964,
Cuba,CUB,"Government expenditure on education, total (% of government expenditure)",EDSPENDPERC,,,,,,,,,,,,,,,,,,,,,,,,,,,,,,,,,,,,
Curacao,CUW,"Government expenditure on education, total (% of government expenditure)",EDSPENDPERC,,,,,,,,,,,,,,,,,,,,,,,,,,,,,,,,,,,,
Cayman Islands,CYM,"Government expenditure on education, total (% of government expenditure)",EDSPENDPERC,,,,,,,,,,,,,,,,,,,,,,,,,,,,,,,,,,,,
Cyprus,CYP,"Government expenditure on education, total (% of government expenditure)",EDSPENDPERC,,,,,,,,,,,,,,,13.90412045,14.26830959,14.3215704,14.91421032,16.51523018,15.83298016,15.83936024,16.17962074,16.72047997,17.59074974,17.20125008,15.64949036,15.49765015,,15.36213017,15.92778015,16.21095085,16.69228935,15.87238979,,,
Czech Republic,CZE,"Government expenditure on education, total (% of government expenditure)",EDSPENDPERC,,,,,,,,,,,,9.247540474,,8.548419952,8.908530235,8.912289619,8.676460266,8.864800453,8.382659912,9.433070183,9.202969551,10.19694042,9.576950073,9.214639664,9.437330246,9.340490341,9.92718029,9.556850433,9.60243988,9.413729668,13.88251972,14.15149975,9.89634037,,,
Germany,DEU,"Government expenditure on education, total (% of government expenditure)",EDSPENDPERC,,,,,,,,,9.582969666,9.395569801,9.504170418,8.270079613,,9.267519951,,,,,,,,9.492489815,10.06227016,10.03619957,10.18564034,10.26904011,10.66541958,11.03474045,11.03833008,11.14962006,10.97799015,10.92541027,11.0426302,,,
Djibouti,DJI,"Government expenditure on education, total (% of government expenditure)",EDSPENDPERC,,,,,,,,,,,,,,,22.89607048,29.38595009,26.28001976,25.48930931,24.2714901,24.70113945,22.71504974,24.70796013,22.52743912,,,12.32839966,,,,,8.576439857,12.00850964,13.25469971,13.99153042,,
Dominica,DMA,"Government expenditure on education, total (% of government expenditure)",EDSPENDPERC,,,,,,,,,,,,,,17.11160088,11.41961956,,,,,,,,,,,,,,,,10.52210045,,,,9.431170464,
Denmark,DNK,"Government expenditure on education, total (% of government expenditure)",EDSPENDPERC,,11.41569996,12.29430008,12.40993977,11.18605995,,10.60130024,,13.87736988,13.47953033,13.14820957,14.1424799,,14.63436985,14.54370975,15.34414959,15.54854012,15.43387985,15.14175034,15.48686028,15.77933979,15.51264,15.35669994,14.83026028,14.94417,15.10334015,15.03625965,12.4887104,15.21743965,13.82682037,,,15.25761986,,,
Dominican Republic,DOM,"Government expenditure on education, total (% of government expenditure)",EDSPENDPERC,,,,,,,,,,,,,,,,12.98847961,12.50728989,12.07971954,9.701809883,,,,12.57787991,,,,,,,,,,,,,
Algeria,DZA,"Government expenditure on education, total (% of government expenditure)",EDSPENDPERC,,,,,,,,,,,,,,,,,,,,,,,,11.42835045,,,,,,,,,,,,
East Asia & Pacific (excluding high income),EAP,"Government expenditure on education, total (% of government expenditure)",EDSPENDPERC,,,,,,,,,,,,,,,,15.64076519,12.75489998,15.26266003,,14.17029953,,,14.94431019,14.03864002,14.51142025,15.46687984,12.1508503,16.24882507,16.48568964,,,,,,,
Early-demographic dividend,EAR,"Government expenditure on education, total (% of government expenditure)",EDSPENDPERC,,,,,,,,,,,,,,,,16.47833061,16.49754524,16.18774986,16.31059456,15.57410002,,17.88367462,17.78655052,16.56399965,,16.16422081,,,,,,,,,,
East Asia & Pacific,EAS,"Government expenditure on education, total (% of government expenditure)",EDSPENDPERC,,,,,,,,,,,,,,,,,15.31310511,16.22293091,,15.87434959,,,14.96456528,14.05816507,15.23900032,15.68850994,14.63145971,17.76721954,16.55307007,14.27594519,,,,,,
Europe & Central Asia (excluding high income),ECA,"Government expenditure on education, total (% of government expenditure)",EDSPENDPERC,,,,,,,,,,,,,,,,,12.58645535,13.61711502,12.59358978,12.66704988,12.92162991,12.89538956,11.56083012,12.80049992,13.04090023,,12.10999489,12.56063509,,,11.38971519,12.50965977,12.73095036,,,
Europe & Central Asia,ECS,"Government expenditure on education, total (% of government expenditure)",EDSPENDPERC,,,,,,,,,,,,11.84667015,,11.44561529,11.797225,11.86929989,12.31025028,12.36966038,12.49293995,12.66565514,12.33590984,12.71961975,11.97471523,12.53077984,12.07574987,11.77812958,11.88770962,11.99120045,11.99369526,12.15079975,12.17072964,12.34412479,12.02299976,,,
Ecuador,ECU,"Government expenditure on education, total (% of government expenditure)",EDSPENDPERC,,,,,,,,,,,,,,10.84613991,6.665820122,4.957300186,,,,,,,,,13.17257023,12.9965601,11.97611046,11.53415012,11.44254017,12.06830978,12.59764957,,,,,
"Egypt, Arab Rep.",EGY,"Government expenditure on education, total (% of government expenditure)",EDSPENDPERC,,,,,,,,,,,,,,,,,,,15.3519001,14.74870968,15.04360962,11.01858997,11.20963955,10.94180012,,,,,,,,,,,,
Euro area,EMU,"Government expenditure on education, total (% of government expenditure)",EDSPENDPERC,,,9.091004848,9.593695164,,10.61633015,11.03258514,,10.42578983,10.40290499,10.63162994,10.70874977,,10.74722958,11.76006031,11.08148956,12.09582043,11.90019989,11.65633011,12.32795,11.71194983,11.97107983,11.95634985,12.11540031,11.84331989,11.66905022,11.88770962,11.77606964,11.89315033,12.01019001,12.17072964,12.17679501,11.84660006,,,
Eritrea,ERI,"Government expenditure on education, total (% of government expenditure)",EDSPENDPERC,,,,,,,,,,,,2.9151299,,6.250919819,5.565539837,,5.861609936,5.633379936,,5.741849899,,5.168069839,,,,,,,,,,,,,,
Spain,ESP,"Government expenditure on education, total (% of government expenditure)",EDSPENDPERC,,,8.821299553,9.615260124,10.31713009,10.11695004,10.00685978,9.706110001,10.02190018,10.24135971,10.63162994,10.70874977,,10.4872303,10.69392014,10.66263008,10.71261024,10.70899963,10.88755035,10.72426033,10.77912045,10.88591003,10.84698963,10.93640041,10.63257027,10.56192017,10.6181097,9.213410378,9.499910355,9.54349041,9.771039963,9.973239899,10.22509003,,,
Estonia,EST,"Government expenditure on education, total (% of government expenditure)",EDSPENDPERC,,,,,,,,,,,,19.68367958,17.69421005,16.02168083,16.35712051,14.67850018,14.9474802,15.14523029,15.0490303,14.30607986,14.25769997,,13.6823101,13.8797102,12.93008995,13.64278984,13.40620041,11.99120045,12.58261967,14.26601982,12.96660042,13.10830975,12.75030041,,,
Ethiopia,ETH,"Government expenditure on education, total (% of government expenditure)",EDSPENDPERC,10.0891304,10.32174969,,,,,,,13.26484013,,,13.04413986,14.86991978,,,14.9077301,14.46177006,16.18774986,,,,23.97537994,24.69944954,26.35573006,23.58374977,26.30404091,29.67443085,30.53953934,27.02109909,25.91838074,27.09870911,,,,,
European Union,EUU,"Government expenditure on education, total (% of government expenditure)",EDSPENDPERC,,,,,,,,,10.42578983,,10.63162994,10.79634953,,10.74722958,11.32598019,11.08148956,11.4944396,11.23149967,11.64437962,11.44142008,12.07252026,12.14715004,11.5149498,11.87849045,11.6184597,11.06464005,11.10004997,11.13085508,11.43980026,11.57975006,11.85935497,12.02523994,11.44172478,,,
Fragile and conflict affected situations,FCS,"Government expenditure on education, total (% of government expenditure)",EDSPENDPERC,,,,,,,,,,,,,,,,,,,,,,,,,,,,,14.10280037,,,,15.66137981,,,
Finland,FIN,"Government expenditure on education, total (% of government expenditure)",EDSPENDPERC,11.56015015,11.10585022,11.21802044,11.2560997,11.45681,12.07530975,12.85859966,11.4066,12.44587994,11.41804028,11.90163994,11.84667015,,,11.76006031,12.17092037,12.63444996,12.6825304,12.77597046,12.77896023,12.24969959,12.28382015,12.14995003,12.11540031,11.84331989,11.94548988,11.91888046,12.79728985,12.44550991,12.30714035,12.41213036,12.33512974,11.86886024,,,
Fiji,FJI,"Government expenditure on education, total (% of government expenditure)",EDSPENDPERC,,,,,,,,,,,,,,19.00093079,20.53511047,21.7585907,19.63863945,21.03780937,,23.74914932,20.26613045,20.84329033,23.17040062,17.36972046,15.85361958,,15.23478985,,14.30039024,,,,,,,
France,FRA,"Government expenditure on education, total (% of government expenditure)",EDSPENDPERC,10.06159019,9.675740242,9.360710144,9.572130203,9.483389854,9.640379906,10.00683975,9.568180084,10.42578983,10.52882957,10.94587994,10.79634953,,10.74722958,,,,,,,,,,,,,,,,,,,9.678580284,,,
Faroe Islands,FRO,"Government expenditure on education, total (% of government expenditure)",EDSPENDPERC,,,,,,,,,,,,,,,,,,,,,,,,,,,,,,,,,,,,
"Micronesia, Fed. Sts.",FSM,"Government expenditure on education, total (% of government expenditure)",EDSPENDPERC,,,,,,,,,,,,,,,8.78497982,9.965120316,,,,,,,,,,,,,,,22.31238937,,,,,
Gabon,GAB,"Government expenditure on education, total (% of government expenditure)",EDSPENDPERC,,,,,,,,10.20018005,,,,,,7.058110237,11.34815979,17.70648956,,,,,,,,,,13.33041954,13.74125004,12.58226967,8.737569809,11.22548962,,,,,,
United Kingdom,GBR,"Government expenditure on education, total (% of government expenditure)",EDSPENDPERC,10.4594202,10.21578979,10.50664997,10.78651047,11.13731956,11.16559982,10.9114399,11.19357014,,11.88866043,11.96907997,11.75599003,,12.22012043,11.74979973,12.02011013,12.25854015,13.51473999,13.60070992,12.93768024,13.17415047,13.13644028,13.03283978,12.95477009,12.61480999,13.02604008,12.69719982,,12.91604996,13.66837025,13.83660984,13.83110046,14.19027996,,,
Georgia,GEO,"Government expenditure on education, total (% of government expenditure)",EDSPENDPERC,,,,,,,,,,,,,,10.85142994,10.60486031,12.54071999,12.36196041,13.6035099,12.49293995,15.03676033,11.18124962,12.89538956,9.486650467,8.937600136,8.998250008,,9.269430161,6.707759857,,,,12.66619968,12.9533596,12.95149994,,
Ghana,GHA,"Government expenditure on education, total (% of government expenditure)",EDSPENDPERC,,34.30920029,24.66799927,23.93285942,,,,,,,,,,,14.8927002,,15.74110985,,,22.37924957,23.42996025,24.16197968,22.31702042,24.03750038,22.49513054,20.69614029,30.63430977,37.52096176,21.22220993,20.98513985,23.80879974,22.09332085,20.09763908,18.59816933,,
Gibraltar,GIB,"Government expenditure on education, total (% of government expenditure)",EDSPENDPERC,,,,,,,,,,,,,,,,,,,,,,,,,,,,,,,,,,,,
Guinea,GIN,"Government expenditure on education, total (% of government expenditure)",EDSPENDPERC,,,,,,,9.996529579,11.53744984,11.44849968,,,,,,14.65855026,15.19596958,10.31575966,13.06431961,11.62475014,12.31330013,10.94746971,,,15.67825985,13.58339977,12.43832016,14.25930977,9.46061039,14.13280964,11.98950958,11.59877968,15.76885986,13.37679005,14.87012005,,
"Gambia, The",GMB,"Government expenditure on education, total (% of government expenditure)",EDSPENDPERC,,,,,,,,,,,,,,,,11.92179966,8.205269814,10.94752026,8.468839645,5.029540062,5.344170094,5.360760212,7.297500134,18.88171005,13.29374027,17.61123085,15.11833,13.79553032,10.28876019,11.75232029,11.03293037,10.35778999,,11.18826962,,
Guinea-Bissau,GNB,"Government expenditure on education, total (% of government expenditure)",EDSPENDPERC,,,,,,,,,,,,,,,16.74309921,,,,,,,,,,,9.069239616,10.19974041,14.53979969,16.19137955,,,,,,,
Equatorial Guinea,GNQ,"Government expenditure on education, total (% of government expenditure)",EDSPENDPERC,,,,,,,,,,,,,,5.248139858,,,,,,,,,,,,,,,,,,,,,,
Greece,GRC,"Government expenditure on education, total (% of government expenditure)",EDSPENDPERC,,6.488709927,6.204490185,6.776410103,7.18171978,7.198430061,6.292029858,,,,,,,6.406680107,6.560050011,6.957769871,7.316520214,7.477159977,7.3604002,7.70182991,8.700209618,,,,,,,,,,,,,,,
Grenada,GRD,"Government expenditure on education, total (% of government expenditure)",EDSPENDPERC,,,,,,,,,,,,,,,,,,,10.80898952,,,,,,,,,,,,,,14.04117012,,,
Greenland,GRL,"Government expenditure on education, total (% of government expenditure)",EDSPENDPERC,,,,,,,,,,,,,,,,,,,,,,,,,,,,,,,,,,,,
Guatemala,GTM,"Government expenditure on education, total (% of government expenditure)",EDSPENDPERC,,,,,,,,,,,,18.72337914,,,,,,,,,,20.33844948,21.2781601,23.34815979,,19.29692078,20.24641037,21.10514069,20.6379509,21.95939064,24.08550072,23.4347496,23.08805084,23.74954033,24.2130394,
Guam,GUM,"Government expenditure on education, total (% of government expenditure)",EDSPENDPERC,,,,,,,,,,,,,,,,,,,,,,,,,,,,,,,,,,,,
Guyana,GUY,"Government expenditure on education, total (% of government expenditure)",EDSPENDPERC,,,,,,,,,,,,,,,22.68779945,17.65683937,16.55555916,16.90000916,13.81455994,11.08073997,13.8234396,13.48169041,11.52616024,,10.23917007,11.83872032,11.72072029,10.18669987,,18.73568916,17.80267906,18.71751022,17.63573074,15.99738026,,
High income,HIC,"Government expenditure on education, total (% of government expenditure)",EDSPENDPERC,,,,,,,,,,,11.96907997,12.57402039,,11.29195023,12.00977993,12.11190033,12.59372044,12.6825304,12.92092037,13.25188971,12.9684453,13.15732002,12.87083483,12.77724504,12.61480999,12.0801897,12.56875992,12.39737034,12.51406479,12.74314976,12.68936539,13.00079966,11.99531507,,,
"Hong Kong SAR, China",HKG,"Government expenditure on education, total (% of government expenditure)",EDSPENDPERC,18.57813072,,,,,18.54077911,,21.20813942,,,,16.66867065,,,,,22.41877937,22.20729065,23.2442894,23.1510601,22.47858047,23.2826004,22.63777924,22.92239952,23.7994709,19.90941048,20.14833069,18.64948082,20.30080032,17.62039948,18.6085701,18.12696075,17.84127998,18.78783989,20.31459045,
Honduras,HND,"Government expenditure on education, total (% of government expenditure)",EDSPENDPERC,,,,,,,,,,12.88875008,17.87564087,,,,,,,,,,,,,,,,,,19.86407089,25.65361977,24.64455986,,,22.95435905,,
Heavily indebted poor countries (HIPC),HPC,"Government expenditure on education, total (% of government expenditure)",EDSPENDPERC,,,,,,,,,,,,,,,,14.74071503,,,,14.9615097,16.97918987,,,16.21773529,17.79326916,17.54805946,15.23085499,15.89538002,16.39172459,17.34425545,17.22121525,15.76885986,16.13718462,17.70918083,,
Croatia,HRV,"Government expenditure on education, total (% of government expenditure)",EDSPENDPERC,,,,,,,,,,,,,,,,,,7.556119919,7.750870228,7.836619854,,,8.73112011,9.42539978,9.078769684,8.836779594,8.550589561,,9.563409805,,,,8.661589622,,,
Haiti,HTI,"Government expenditure on education, total (% of government expenditure)",EDSPENDPERC,,,,,,,,,,,,,,,,,,,,,,,,,,,,,,11.98414993,14.56777954,13.10692024,15.36769962,14.44034958,,
Hungary,HUN,"Government expenditure on education, total (% of government expenditure)",EDSPENDPERC,,,,,,,,,,,,9.59910965,,8.699799538,9.386130333,10.32361031,10.45506954,10.17914963,11.82977009,11.00590038,10.80056953,10.32771015,10.33817005,10.27056026,9.864379883,9.671019554,9.290220261,8.599439621,8.516059875,9.367899895,9.128669739,10.06791019,10.06933975,,,
IBRD only,IBD,"Government expenditure on education, total (% of government expenditure)",EDSPENDPERC,,,,,,,,,,,,,,,15.57511473,15.66257,13.91590977,14.57806015,14.9145751,14.23503971,14.0040102,13.67367506,14.14177036,14.48820496,14.89087486,15.04796982,13.84617043,14.51826,14.62346983,,,15.76724529,13.98241997,,,
IDA & IBRD total,IBT,"Government expenditure on education, total (% of government expenditure)",EDSPENDPERC,,,,,,,,,,,,,,,,15.20136499,15.48632002,15.14647007,15.85133505,14.74870968,15.04360962,15.57292509,15.78509045,15.63488483,15.89645958,16.10293961,15.03858995,15.39640999,15.36744976,15.92332029,16.49746037,15.76885986,15.5920496,,,
IDA total,IDA,"Government expenditure on education, total (% of government expenditure)",EDSPENDPERC,,,,,,,,,,,,,,,,14.74071503,15.72974014,,,16.09846544,16.76840019,,,16.21773529,16.95940971,16.3383646,15.09788036,15.89538002,16.19137955,16.70753002,16.66482449,15.76885986,15.7302599,16.83213997,,
IDA blend,IDB,"Government expenditure on education, total (% of government expenditure)",EDSPENDPERC,,,,,,,,,,,,,,,,,,,,16.03823519,17.57755947,,,,,15.30927467,,15.17621994,16.48032045,12.92924976,13.21563482,15.06348038,15.79691029,16.22542,,
Indonesia,IDN,"Government expenditure on education, total (% of government expenditure)",EDSPENDPERC,,,,,,,,,,5.863969803,6.146460056,7.496819973,7.71021986,,,,11.59389019,14.36905003,16.27817917,14.17029953,15.1487999,,14.94431019,13.67475033,19.30843925,16.65418053,18.00613022,18.09041977,17.60392952,17.67152023,20.50329971,,,,,
IDA only,IDX,"Government expenditure on education, total (% of government expenditure)",EDSPENDPERC,,,,,,,,,,,,,,,,14.9077301,15.66205978,15.47522497,,16.09846544,16.76840019,17.76235962,,17.81619072,17.18516445,16.3383646,15.11833,16.13294029,16.19137955,17.29710007,16.97628498,15.88008499,15.7302599,16.91456509,,
Isle of Man,IMN,"Government expenditure on education, total (% of government expenditure)",EDSPENDPERC,,,,,,,,,,,,,,,,,,,,,,,,,,,,,,,,,,,,
India,IND,"Government expenditure on education, total (% of government expenditure)",EDSPENDPERC,,,,,,,,,,,,,13.32223034,14.15927029,16.95982933,16.73051071,,,12.41079998,11.19686031,11.20845985,11.69371033,,,11.19120026,11.83368015,13.56490993,13.99211979,14.05018044,,,,,,,
Not classified,INX,"Government expenditure on education, total (% of government expenditure)",EDSPENDPERC,,,,,,,,,,,,,,,,,,,,,,,,,,,,,,,,,,,,
Ireland,IRL,"Government expenditure on education, total (% of government expenditure)",EDSPENDPERC,11.09214973,9.703220367,10.46805,10.41049004,10.79701042,11.56155968,11.2843504,11.65904045,11.89463997,12.64974976,12.58320999,12.78271008,,12.41674995,12.19676971,13.39741039,12.59372044,12.36966038,12.74792004,13.52982044,13.56241989,13.42975998,13.12242031,13.02136993,13.05177975,9.284009933,12.56875992,13.71611023,13.21434021,13.01700974,13.01198959,13.4112196,13.46893978,,,
"Iran, Islamic Rep.",IRN,"Government expenditure on education, total (% of government expenditure)",EDSPENDPERC,,,,,,,18.3469696,20.63261986,23.71528053,,14.54695988,13.56692028,,,20.11292076,20.6338501,24.42416954,26.33352089,21.65295982,21.47405052,22.32196045,20.21824074,19.8744297,20.57942963,18.0235405,18.8043499,19.12669945,17.39562035,21.67391014,19.66485977,18.56875038,19.30130959,20.04203033,21.14567947,,
Iraq,IRQ,"Government expenditure on education, total (% of government expenditure)",EDSPENDPERC,,,,,,,,,,,,,,,,,,,,,,,,,,,,,,,,,,,,
Iceland,ISL,"Government expenditure on education, total (% of government expenditure)",EDSPENDPERC,,,,,,11.57631016,,,11.90876007,11.27031994,11.02834988,12.68540001,,16.70634079,15.5717001,15.7391901,16.20940971,17.0873909,16.37590027,16.8060894,17.81014061,17.92557907,17.21785927,13.03326035,15.16024017,14.60396957,15.41711998,17.33144951,17.66942024,17.5488205,18.1579895,16.83942986,17.69028091,,,
Israel,ISR,"Government expenditure on education, total (% of government expenditure)",EDSPENDPERC,,,,,,,,,,,,,,,,12.9593401,12.92300987,12.56764984,13.56190968,13.44244957,13.19577026,13.42576981,13.30529022,13.17294025,13.05764961,13.71378994,13.99304962,14.1083498,14.58551979,14.86271,15.53670979,15.45475006,15.71827984,,,
Italy,ITA,"Government expenditure on education, total (% of government expenditure)",EDSPENDPERC,,,,,,,,,8.716790199,8.239609718,8.595170021,9.116140366,,9.238900185,9.549469948,9.222499847,9.825440407,9.505140305,9.640839577,9.388010025,9.013730049,9.527190208,8.801930428,9.205169678,8.867170334,8.723950386,8.392379761,8.041179657,8.155799866,8.006469727,8.120429993,7.808569908,8.313960075,,,
Jamaica,JAM,"Government expenditure on education, total (% of government expenditure)",EDSPENDPERC,,,,,,,16.3537693,12.75156975,12.79800034,18.38850975,15.36104012,15.53602028,15.39999008,,,16.79660034,19.9911499,18.36392975,13.36233997,11.73301983,14.26937008,,17.17304993,19.11938095,17.55283928,16.10293961,18.58193016,18.80925941,20.57386017,21.79748917,20.05147934,19.14512062,18.40254021,18.58399963,17.31398964,
Jordan,JOR,"Government expenditure on education, total (% of government expenditure)",EDSPENDPERC,,8.760239601,9.880080223,9.824379921,13.08642006,,,,,,,21.56406021,18.41102982,,14.66425991,,,,,,,,,,,,,,,,,12.15015984,11.18813038,9.821080208,10.04491997,
Japan,JPN,"Government expenditure on education, total (% of government expenditure)",EDSPENDPERC,,,18.05423927,17.79665947,17.64325905,,,,11.11497021,11.10641956,10.38097,,,9.965900421,8.741849899,9.724329948,9.457400322,9.61713028,9.671330452,9.639430046,9.689959526,9.622139931,9.774820328,9.759869576,,9.211290359,9.449170113,9.36686039,9.309249878,9.093319893,,8.379910469,8.378879547,,,
Kazakhstan,KAZ,"Government expenditure on education, total (% of government expenditure)",EDSPENDPERC,,,,,,,,,,,,,,,,,,14.75948048,,10.60968018,10.28594971,13.26669979,11.94447041,13.64694023,13.04090023,,,,,,12.19303989,13.83841991,11.41991043,13.88018036,,
Kenya,KEN,"Government expenditure on education, total (% of government expenditure)",EDSPENDPERC,15.55566025,17.66080093,,19.4657402,17.0876503,,18.64015007,15.95073032,13.86448002,14.95127964,,,,,24.54854965,23.3970108,22.39570999,25.62821007,24.98008919,26.66814995,27.46933937,25.08139992,,,,20.55599022,19.25283051,19.9239006,19.13569069,17.08102989,16.6646595,17.35457039,17.70870018,19.10403061,,
Kyrgyz Republic,KGZ,"Government expenditure on education, total (% of government expenditure)",EDSPENDPERC,,,,,,,,,,,,18.76004982,,13.69270039,11.38731956,11.61130047,13.72138977,15.14647007,15.93953037,16.24381065,16.76840019,19.05260086,21.8514595,21.2062397,19.15300941,15.6813097,18.17252922,18.19500923,17.77379036,14.19719028,15.6386404,16.51057053,15.7302599,,,
Cambodia,KHM,"Government expenditure on education, total (% of government expenditure)",EDSPENDPERC,,,,,,,,,,,,,,9.392000198,,11.07901001,11.38078976,10.13757038,,12.40431023,,,11.1035099,,8.165240288,7.337470055,7.335400105,7.199850082,9.59706974,8.791600227,,,,8.838979721,,
Kiribati,KIR,"Government expenditure on education, total (% of government expenditure)",EDSPENDPERC,,,,,,,,,,,,,,,12.50751019,15.26541996,11.51613998,,,,,,,,,,,,,,,,,,,
St. Kitts and Nevis,KNA,"Government expenditure on education, total (% of government expenditure)",EDSPENDPERC,19.16773987,,13.00741005,,9.140000343,,11.2264204,15.21413994,,,13.37852955,,,14.53252029,10.32295036,13.68505001,14.20753002,11.05932999,12.28806019,11.79026031,11.05620956,12.47840977,13.05181026,,,,,,,,8.635499954,,,,,
"Korea, Rep.",KOR,"Government expenditure on education, total (% of government expenditure)",EDSPENDPERC,,,,,,,,,,,,,,,,,,,,,,,,,,,,,,,,,,,,
Kuwait,KWT,"Government expenditure on education, total (% of government expenditure)",EDSPENDPERC,,,,,,,,8.397489548,,,,11.32546043,13.09107018,,,,18.01417923,15.25835991,,14.95361042,13.85410976,13.37001038,,,,,,,,,,,,,,
Latin America & Caribbean (excluding high income),LAC,"Government expenditure on education, total (% of government expenditure)",EDSPENDPERC,,,,,,,,,,,,,,,14.71679974,14.91203499,16.35596085,15.68778992,14.77265501,,,,16.43733025,17.38015938,16.08116913,16.29139996,15.87257957,15.72766972,16.90078926,16.21989059,17.57485962,17.89484024,17.04454517,,,
Lao PDR,LAO,"Government expenditure on education, total (% of government expenditure)",EDSPENDPERC,,,,,,,,,,,,,,,,7.295569897,9.946570396,15.26266003,,15.87434959,14.12779045,17.76235962,18.10178947,13.00520992,7.463099957,7.246960163,8.259579659,7.36868,13.34101009,11.75734997,,,,,,
Lebanon,LBN,"Government expenditure on education, total (% of government expenditure)",EDSPENDPERC,,,,,,,,,6.80824995,10.44340038,5.916369915,8.106699944,,,,,7.421249866,7.056300163,,7.931230068,8.421310425,7.693190098,7.341040134,5.86977005,5.502999783,5.534289837,5.733809948,7.109159946,8.575519562,,,,,,,
Liberia,LBR,"Government expenditure on education, total (% of government expenditure)",EDSPENDPERC,,,,,,,,,,,,,,,,,,,,,,,,6.454070091,,,,5.18434,4.673270226,6.893489838,,,8.258210182,8.062680244,,
Libya,LBY,"Government expenditure on education, total (% of government expenditure)",EDSPENDPERC,,,,,,,,,,,,,,,8.138730049,,,,,,,,,,,,,,,,,,,,,
St. Lucia,LCA,"Government expenditure on education, total (% of government expenditure)",EDSPENDPERC,,23.2560997,,,,,,,,31.31318092,,,,29.43382072,26.03627014,,25.85462952,,15.42216015,15.04104042,16.3069706,19.01137924,,19.94337082,13.89531994,14.20207977,13.83675957,12.19244957,13.84786034,15.30152035,16.45298004,21.97570038,,14.36386013,,
Latin America & Caribbean,LCN,"Government expenditure on education, total (% of government expenditure)",EDSPENDPERC,,,,,,,,,,,,,,,15.18450975,14.91203499,15.57609558,15.68778992,14.77265501,,,,16.59187031,,,16.4185791,15.70086002,,16.90338993,17.51291561,18.11458015,17.89484024,17.04454517,,,
Least developed countries: UN classification,LDC,"Government expenditure on education, total (% of government expenditure)",EDSPENDPERC,,,,,,,,,,,,,,,,15.05184984,15.5201602,15.26266003,,15.87434959,15.89345503,,,16.17733002,16.09907436,16.03235054,15.03858995,15.59323978,15.6837945,15.09173965,16.66498947,15.34716034,15.36769962,15.32516003,,
Low income,LIC,"Government expenditure on education, total (% of government expenditure)",EDSPENDPERC,,,,,,,,,,,,,,,,15.05184984,14.49349976,,,12.96076965,,,,15.63488483,,15.7521348,15.09788036,15.85542488,16.17000961,14.77883482,16.39336014,14.99129009,15.36769962,15.7802,,
Liechtenstein,LIE,"Government expenditure on education, total (% of government expenditure)",EDSPENDPERC,,,,,,,,,,,,,,,,,,,,,,,,,,,,,,,,,,,,
Sri Lanka,LKA,"Government expenditure on education, total (% of government expenditure)",EDSPENDPERC,,,,,,,10.87623024,,,12.70728016,11.56567001,12.69388962,,11.66882992,,,,,,,,,,,8.2707901,8.605660439,9.110159874,8.394029617,9.419949532,10.8239603,10.95026016,17.72875977,14.49975967,11.3308897,,
Lower middle income,LMC,"Government expenditure on education, total (% of government expenditure)",EDSPENDPERC,,,,,,,,,,,,,,,,14.57369995,,,,16.24381065,18.14314079,17.95463943,,18.41631031,17.35310459,17.11449051,15.37017488,15.59323978,15.55898952,17.18906498,,16.51057053,15.7302599,16.88315964,,
Low & middle income,LMY,"Government expenditure on education, total (% of government expenditure)",EDSPENDPERC,,,,,,,,,,,,,,,,15.20676041,15.73184013,15.29955959,,15.08803034,15.09620476,15.75177002,16.43733025,15.72422504,16.05091953,16.16851997,15.11833,15.59323978,15.57588482,15.92332029,16.49746037,15.84922504,15.66137981,,,
Lesotho,LSO,"Government expenditure on education, total (% of government expenditure)",EDSPENDPERC,22.92170906,,,15.29199028,15.38955975,,,,23.02207947,18.58789063,20.50745964,,26.44453049,,23.55234909,19.20038033,23.84892082,24.36375999,32.10572815,27.64990044,32.40491867,28.23381042,,24.69754982,,,,,,,,,15.11530972,13.89303017,,
Late-demographic dividend,LTE,"Government expenditure on education, total (% of government expenditure)",EDSPENDPERC,,,,,,,,,,,,16.27794981,,,14.09593964,13.28682995,13.23923969,14.28520966,15.0490303,14.27055979,13.56241989,13.39988518,13.57394981,14.17609501,13.9813199,14.36665487,13.40620041,14.0616703,14.00167513,14.19719028,13.2795496,13.83841991,13.46508026,,,
Lithuania,LTU,"Government expenditure on education, total (% of government expenditure)",EDSPENDPERC,,,,,,,,,47.27873993,21.93460083,20.65736008,18.32267952,16.7170105,16.61293983,,,16.67028046,17.46509933,15.93097973,15.5721302,14.57956028,14.28964996,13.32594013,13.0529604,12.77760983,12.85881996,12.33635044,13.53596973,13.28802013,13.19013977,12.28826046,12.02523994,11.82433987,,,
Luxembourg,LUX,"Government expenditure on education, total (% of government expenditure)",EDSPENDPERC,,,,,,,,,,,,8.68914032,,,,,9.30109024,,,,,,,,,,,9.281709671,,9.550499916,9.437210083,,8.534049988,,,
Latvia,LVA,"Government expenditure on education, total (% of government expenditure)",EDSPENDPERC,,,,,,,,,,,,,,15.66432953,14.09593964,14.60147953,15.87751961,16.37018013,15.37675953,14.50181007,,13.91162968,14.06704998,14.76309967,13.02513981,11.80902958,12.7153101,17.73654938,18.74402046,13.97237015,14.12740993,12.89328957,11.96763039,,,
"Macao SAR, China",MAC,"Government expenditure on education, total (% of government expenditure)",EDSPENDPERC,,,,,,,,,,,,,,,,,9.828530312,12.48313046,11.70368004,10.77219009,10.47488976,9.546620369,12.9701004,12.16699982,12.31346989,15.41310024,17.33551025,21.24386978,16.4289093,13.39206982,13.37409973,13.51698017,13.47624969,14.66703033,,
St. Martin (French part),MAF,"Government expenditure on education, total (% of government expenditure)",EDSPENDPERC,,,,,,,,,,,,,,,,,,,,,,,,,,,,,,,,,,,,
Morocco,MAR,"Government expenditure on education, total (% of government expenditure)",EDSPENDPERC,,,,,,,19.89277077,,20.46423912,,20.47270966,,,25.21153069,25.76847076,,,,,,,,,17.47064018,17.29528999,,,,,,,,,,,
Monaco,MCO,"Government expenditure on education, total (% of government expenditure)",EDSPENDPERC,,,,5.134119987,5.484159946,,,5.163430214,,,5.767749786,5.842339993,6.401110172,6.489769936,5.071700096,6.327899933,,,,5.92595005,,,,,6.598810196,6.363220215,8.076169968,8.87594986,7.059219837,5.008860111,,6.596549988,6.980629921,,,
Moldova,MDA,"Government expenditure on education, total (% of government expenditure)",EDSPENDPERC,,,,,,,,,,,,28.3399601,,,14.12242031,12.92393017,16.42476082,17.88434029,16.19259071,19.45202065,19.29664993,18.60881996,19.4169693,19.85008049,20.99263,22.26700974,21.9158802,20.74197006,,18.76510048,,18.49181938,18.33230019,17.46109962,,
Madagascar,MDG,"Government expenditure on education, total (% of government expenditure)",EDSPENDPERC,16.62018013,,,,,,,,12.31729984,,,,10.64441013,9.382769585,15.5387001,15.89050961,17.68247032,17.93675995,15.76313972,12.96076965,18.03303909,15.32419014,18.04454994,16.25814056,22.58583069,,19.77969933,20.32579994,13.98937988,18.96677017,16.9629097,19.83818054,,19.81822014,,
Maldives,MDV,"Government expenditure on education, total (% of government expenditure)",EDSPENDPERC,,,,,,,,,,,,,,,,,,21.23990059,20.34620094,19.47924042,13.01498032,13.34757996,12.74641037,12.61970997,15.63228035,12.46061039,11.71210003,12.8332901,13.91374016,10.34891033,12.89076042,11.28151035,,,,
Middle East & North Africa,MEA,"Government expenditure on education, total (% of government expenditure)",EDSPENDPERC,,,,,,,,,,,,,,,,,18.01417923,,,14.95361042,,13.42576981,,14.11423016,,,,,,,,,,,,
Mexico,MEX,"Government expenditure on education, total (% of government expenditure)",EDSPENDPERC,,,,,,,12.15458965,15.09570026,,21.5629406,24.12129974,,,16.31761932,16.69396019,19.64612961,20.62428093,21.46491051,22.47187042,22.05382919,21.90378952,20.82431984,19.88907051,17.38015938,18.66511917,18.64258957,18.42102051,18.08719063,16.9059906,18.80594063,19.01874924,17.93932915,17.57673073,,,
Marshall Islands,MHL,"Government expenditure on education, total (% of government expenditure)",EDSPENDPERC,,,,,,,,,,,,,,,28.54380989,,,14.8142004,22.50875092,,,,,,,,,,,,,,,,15.04273987,
Middle income,MIC,"Government expenditure on education, total (% of government expenditure)",EDSPENDPERC,,,,,,,,,,,,,,,,15.25037003,,15.48563957,,15.27385044,15.04360962,15.75177002,15.27354527,16.56399965,16.05091953,16.19342041,15.21378469,15.51282978,15.46321964,16.16523552,,16.12648964,15.70623016,,,
North Macedonia,MKD,"Government expenditure on education, total (% of government expenditure)",EDSPENDPERC,,,,,,,,,,,,,,,,,,8.640879631,,,,,,,,,,,,,,,,,,
Mali,MLI,"Government expenditure on education, total (% of government expenditure)",EDSPENDPERC,,,,,,,,,,,,,,,,15.32380962,14.49349976,14.52521038,18.28376007,17.73634911,16.28030014,,,18.0316906,16.95940971,16.50391006,18.25834084,22.40337944,16.62344933,18.22426033,18.15549088,13.90388012,16.53433037,,,
Malta,MLT,"Government expenditure on education, total (% of government expenditure)",EDSPENDPERC,,,,,,,,,,,,,,,,,,9.535340309,,10.55488968,,,14.53678989,13.06567955,12.34494019,15.71920967,18.90480042,15.26156044,18.77519989,17.53776932,13.15089035,14.25105953,13.46864986,,,
Myanmar,MMR,"Government expenditure on education, total (% of government expenditure)",EDSPENDPERC,,,,,,,,,,,,,,,,,,,,,,,,,,,5.928639889,,,,,,10.09710026,10.34902954,10.45750999,
Middle East & North Africa (excluding high income),MNA,"Government expenditure on education, total (% of government expenditure)",EDSPENDPERC,,,,,,,,,,,,,,,,,,,,,,,,14.97993994,,,,,,,,,,,,
Montenegro,MNE,"Government expenditure on education, total (% of government expenditure)",EDSPENDPERC,,,,,,,,,,,,,,,,,,,,,,,,,,,,,,,,,,,,
Mongolia,MNG,"Government expenditure on education, total (% of government expenditure)",EDSPENDPERC,,,,,,,,,,,,,12.80766964,15.17901039,15.49800968,16.07476997,,20.31151009,,13.59445,,,13.28645039,,14.51142025,14.71113968,12.1508503,14.40723038,15.36744976,14.66810036,13.5471096,13.06311035,12.64562035,,,
Northern Mariana Islands,MNP,"Government expenditure on education, total (% of government expenditure)",EDSPENDPERC,,,,,,,,,,,,,,,,,,,,,,,,,,,,,,,,,,,,
Mozambique,MOZ,"Government expenditure on education, total (% of government expenditure)",EDSPENDPERC,,,,,,,,,,,,,,12.05375004,16.92332077,,,,,18.00153923,22.7181797,18.55003929,,,,,,19.70182037,18.97809029,,,19.94601059,18.33186913,17.88060951,,
Mauritania,MRT,"Government expenditure on education, total (% of government expenditure)",EDSPENDPERC,,,,,,,,,,,,,,,,,,,,8.17580986,,10.31007957,,,,,13.68274975,10.01766014,11.40542984,,,9.330610275,,,9.545490265,
Mauritius,MUS,"Government expenditure on education, total (% of government expenditure)",EDSPENDPERC,,,,,,11.1949501,14.34508038,,,,,,,,19.23760033,17.54190063,13.23923969,12.91514015,17.92271996,17.38710022,17.08813095,15.17617035,14.18327999,14.03944016,13.24722958,14.57314968,13.84617043,14.96061993,14.78901005,20.90517998,19.45709038,19.96249962,19.9340992,19.64781952,18.67692947,
Malawi,MWI,"Government expenditure on education, total (% of government expenditure)",EDSPENDPERC,,,,,,,,,,,,,,,,,,,16.55257034,,,,,,,12.51795959,15.09788036,,20.42420006,16.33403015,21.55158043,17.10360909,14.34010983,15.7802,,
Malaysia,MYS,"Government expenditure on education, total (% of government expenditure)",EDSPENDPERC,,,,,,,,19.10503006,17.31287956,19.92374992,19.50259018,22.77094078,20.05298042,,21.18855095,21.39068031,24.34852028,25.90360069,24.54244041,21.01292038,,16.74556923,16.12466049,14.03864002,18.46463013,18.40623093,20.97702026,19.85116005,19.45430946,19.80056,19.81078911,20.93572044,21.67765045,19.73863983,17.93574905,
North America,NAC,"Government expenditure on education, total (% of government expenditure)",EDSPENDPERC,13.2368803,12.68319988,13.45582962,13.53853989,13.56976986,13.19062042,14.26379967,13.11614037,14.62347984,12.93443012,12.86363029,,,12.63957977,12.74188042,12.98260021,12.21224022,12.14789963,,,12.17807007,,12.32855988,12.00996017,12.48363972,12.33596039,12.21914005,,,,,,,,,
Namibia,NAM,"Government expenditure on education, total (% of government expenditure)",EDSPENDPERC,,,,,,,,,,,,,,,23.04277039,21.92506027,22.77570915,21.83686066,20.32821083,,,21.6029892,,24.86161041,,26.12351036,,,,,,,,,,
New Caledonia,NCL,"Government expenditure on education, total (% of government expenditure)",EDSPENDPERC,,,,,,,,,,,,,,,,,,,,,,,,,,,,,,,,,,,,
Niger,NER,"Government expenditure on education, total (% of government expenditure)",EDSPENDPERC,,,,,,,,,,,,17.74954033,,,17.1178093,18.7831707,16.59556961,16.65246964,13.84549999,,,16.88376999,17.37597084,16.17733002,18.91293907,18.10404015,21.67580986,19.19202042,18.08452988,21.66150093,18.51086044,15.34716034,13.21516037,16.7811203,,
Nigeria,NGA,"Government expenditure on education, total (% of government expenditure)",EDSPENDPERC,,,,,,,,,,,,,,,,,,,,,,,,,,,,,,,,,,,,
Nicaragua,NIC,"Government expenditure on education, total (% of government expenditure)",EDSPENDPERC,,,0,,,,,11.93350029,,,,,,13.38181973,14.71679974,14.57369995,,15.68778992,14.88700008,,,,,,,22.75366974,,,,19.3138504,18.65430069,17.91958046,,,,
Netherlands,NLD,"Government expenditure on education, total (% of government expenditure)",EDSPENDPERC,10.50205994,10.83491993,11.2973299,10.55998039,,10.98548985,11.07083988,,9.666669846,9.561429977,9.667949677,8.887470245,,10.42018986,10.56879044,11.08148956,11.15738964,11.23149967,11.53141022,11.87693977,12.33590984,11.97107983,11.76274967,11.87849045,11.6184597,11.66905022,11.88770962,11.77606964,12.09424019,12.15079975,12.20965004,12.80685997,12.19252968,,,
Norway,NOR,"Government expenditure on education, total (% of government expenditure)",EDSPENDPERC,14.18848038,14.1571703,14.38885975,13.30521011,14.01607037,14.02106953,13.84698009,13.79061985,15.88271999,16.49991989,16.89079094,15.98694038,16.19953918,15.53133965,15.12919044,15.7726202,15.92199039,16.25832939,15.68492985,16.43959999,16.5483799,15.86487007,15.99489021,15.85855007,15.64056969,15.22733021,14.95734978,17.42964935,17.26890945,17.04335022,15.72807026,15.97161007,16.01365089,,,
Nepal,NPL,"Government expenditure on education, total (% of government expenditure)",EDSPENDPERC,,,,,,,,,,,,,,,,19.15604019,21.65620041,20.44404984,21.31265068,21.61335945,22.29421997,25.50064087,21.14613914,22.23003006,19.87293053,16.03235054,17.98384094,17.43708038,17.56963921,18.28129005,16.98966026,19.12849998,17.09638977,14.10186958,,
Nauru,NRU,"Government expenditure on education, total (% of government expenditure)",EDSPENDPERC,,,,,,,,,,,,,,,,,,,,,,,,,,,,,,,,,,,,
New Zealand,NZL,"Government expenditure on education, total (% of government expenditure)",EDSPENDPERC,8.192350388,8.092690468,8.877570152,9.700209618,10.13755035,,,,,14.07855988,13.99979973,16.0999794,15.78923035,,16.22986031,,16.71030045,16.77153015,16.75843048,17.00461006,16.25795937,15.16337013,14.98482037,14.07769012,15.34360027,15.68850994,15.77791977,17.76721954,16.55307007,16.27685928,16.37508011,16.82011032,16.65535927,,,
OECD members,OED,"Government expenditure on education, total (% of government expenditure)",EDSPENDPERC,,,,,,,,,11.11497021,12.26920509,11.93535995,11.80133009,,12.31843519,12.15056992,12.17092037,12.42613029,12.56764984,12.84844542,12.99950504,12.76274014,12.97156,12.89665985,12.57437992,12.61480999,12.04666996,12.27774525,12.56027508,12.58261967,13.01700974,12.96660042,12.89328957,12.10776472,,,
Oman,OMN,"Government expenditure on education, total (% of government expenditure)",EDSPENDPERC,,,,,,,6.93073988,7.986430168,7.649610043,7.756030083,8.004639626,8.039019585,9.125559807,9.991800308,10.32785988,8.983440399,10.5839901,11.06247997,10.03896046,10.31647015,10.05364037,11.22463036,,,10.94917965,,,,11.08018017,,,,,,,
Other small states,OSS,"Government expenditure on education, total (% of government expenditure)",EDSPENDPERC,,,,,,,,,,,,,,,17.99034977,17.70648956,17.30182981,16.21950006,19.12546539,16.61004019,17.08813095,18.89130497,,16.3231349,14.06469536,14.19520998,13.74125004,12.44414997,12.58261967,12.74314976,,,12.75030041,,,
Pakistan,PAK,"Government expenditure on education, total (% of government expenditure)",EDSPENDPERC,,,,,,,,,7.80284977,9.376429558,10.31326962,10.06898975,11.75339985,,11.30733013,8.489879608,,,,11.22935009,13.77750969,15.28909969,15.4455204,14.09696007,12.08263016,11.86466026,10.92461014,11.04063034,11.51397991,11.30066013,13.1872797,15.06348038,14.54477978,,,
Panama,PAN,"Government expenditure on education, total (% of government expenditure)",EDSPENDPERC,,,,,,,,,,,18.19721031,18.15498924,17.35391045,,18.97315025,19.8319397,16.63912964,16.95750046,16.34300995,14.56826973,,,,14.88982964,,,13.01972008,,,,,,,,,
Peru,PER,"Government expenditure on education, total (% of government expenditure)",EDSPENDPERC,,,,,,,,,,,,,,,,15.25037003,14.79623032,14.57806015,14.65830994,15.27385044,14.27851963,14.03530025,14.14177036,14.53442001,14.59630966,13.55558014,13.55255032,14.36907005,15.22387981,16.21989059,17.57485962,17.87010002,18.23591995,17.13195038,17.49128914,
Philippines,PHL,"Government expenditure on education, total (% of government expenditure)",EDSPENDPERC,,,,,,,,,,,15.24298,17.56657028,15.17012978,18.18099022,,15.20676041,13.91590977,14.06892967,14.38022041,12.75084972,12.42236042,13.26852989,13.66701984,14.4419899,13.21115971,,,,,,,,,,,
Palau,PLW,"Government expenditure on education, total (% of government expenditure)",EDSPENDPERC,,,,,,,,,,,,,,,,13.96440983,15.30784988,15.53765965,,,,,,,,,,,,,,,,,,
Papua New Guinea,PNG,"Government expenditure on education, total (% of government expenditure)",EDSPENDPERC,,,,,,,,,,,,,,,,,,,,,,,,,,,,,,,,,10.69820023,8.725239754,,
Poland,POL,"Government expenditure on education, total (% of government expenditure)",EDSPENDPERC,,,,,,,,,,,,16.79590988,,11.27880955,10.89190006,11.86929989,11.83148956,11.88938046,11.64437962,12.28658962,12.22227955,12.66541004,11.26714993,11.37921047,11.07647991,11.06464005,10.98486042,11.22696972,11.59794044,11.57975006,11.54798031,11.28602982,11.05910969,,,
Pre-demographic dividend,PRE,"Government expenditure on education, total (% of government expenditure)",EDSPENDPERC,,,,,,,,,,,,,,,,13.51319981,,,,14.9615097,16.28030014,,,15.93897009,,16.54600525,15.03858995,15.53579998,16.16527939,16.33403015,16.6646595,15.58533001,16.13718462,17.37859535,,
Puerto Rico,PRI,"Government expenditure on education, total (% of government expenditure)",EDSPENDPERC,,,,,,,,,,,,,,,,,,,,,,,,,,,,,,,,,,,,
"Korea, Dem. People’s Rep.",PRK,"Government expenditure on education, total (% of government expenditure)",EDSPENDPERC,,,,,,,,,,,,,,,,,,,,,,,,,,,,,,,,,,,,
Portugal,PRT,"Government expenditure on education, total (% of government expenditure)",EDSPENDPERC,,,7.197800159,8.983369827,9.848679543,10.24717045,10.99433041,10.56231022,10.50772953,10.89422989,11.63337994,12.57402039,,,11.86898994,12.05288029,12.09582043,11.90019989,11.65633011,10.96745968,10.85811996,10.87094975,11.0546999,10.37182999,11.07481003,10.4265604,10.23923016,10.19303036,10.56847954,9.905690193,10.15200043,,11.05803967,,,
Paraguay,PRY,"Government expenditure on education, total (% of government expenditure)",EDSPENDPERC,8.363329887,,,,,7.858059883,,,,,,,,17.08778954,21.87684059,21.55938911,19.87921906,18.81539917,20.89402962,18.21824074,,,19.42472076,,,18.76240921,23.29774094,19.63422966,,,,18.15431976,,,,
West Bank and Gaza,PSE,"Government expenditure on education, total (% of government expenditure)",EDSPENDPERC,,,,,,,,,,,,,,,,,,,,,,,,,,,,,,,,,,,,
Pacific island small states,PSS,"Government expenditure on education, total (% of government expenditure)",EDSPENDPERC,,,,,,,,,,,,,,,,,,,,,,,,,,,,,,,,,,,,
Post-demographic dividend,PST,"Government expenditure on education, total (% of government expenditure)",EDSPENDPERC,,,,,,,,,11.0731802,11.41804028,11.63337994,11.55960989,,10.74722958,11.81452513,12.02011013,12.25854015,12.41521502,12.77597046,12.66565514,12.4780097,12.62849998,12.23925495,12.53077984,12.39390993,11.97932005,11.91888046,12.63183975,12.18411493,12.30714035,12.24895525,12.33512974,12.10776472,,,
French Polynesia,PYF,"Government expenditure on education, total (% of government expenditure)",EDSPENDPERC,,,,,,,,,,,,,,,,,,,,,,,,,,,,,,,,,,,,
Qatar,QAT,"Government expenditure on education, total (% of government expenditure)",EDSPENDPERC,,,,,,,,,,,,,,7.843699932,9.526630402,9.676050186,10.55130959,12.00745964,10.70005989,12.05313015,13.74475956,,,15.05552006,14.83565044,13.81727028,13.10684967,12.30603027,13.14710045,12.74314976,,,8.560850143,,8.577349663,
Romania,ROU,"Government expenditure on education, total (% of government expenditure)",EDSPENDPERC,,,,,,,,,,,,14.72865009,,,,8.187580109,9.848819733,10.92234993,11.13906002,9.843310356,10.83668041,12.71961975,12.00496006,11.61622047,11.02128983,9.129130363,8.329779625,8.435790062,8.979000092,9.256950378,9.094510078,9.5105896,10.05265045,,,
Russian Federation,RUS,"Government expenditure on education, total (% of government expenditure)",EDSPENDPERC,,,,,,,,,,,,,,,,8.951849937,9.213359833,10.58384037,10.53168964,11.17591,11.95057011,12.42580032,,11.95923042,,,,11.14675999,10.86184025,11.48851967,10.86946964,10.98528004,13.46508026,,,
Rwanda,RWA,"Government expenditure on education, total (% of government expenditure)",EDSPENDPERC,,,,,,,,,,,,,,,17.25066948,18.83532906,25.31314087,,,,,,17.78655052,15.59150982,,17.54805946,15.34337997,15.81546974,16.85963058,13.73431969,12.5390501,12.27838993,11.07960987,10.80461025,,
South Asia,SAS,"Government expenditure on education, total (% of government expenditure)",EDSPENDPERC,,,,,,,,,,,,,13.32223034,,16.95982933,17.94327545,,,16.68162918,13.59123516,13.77750969,16.31281519,18.15340042,17.81619072,12.08263016,11.86466026,14.80666971,12.51637506,13.93650007,12.88329506,12.84813976,16.21170044,15.1030798,,,
Saudi Arabia,SAU,"Government expenditure on education, total (% of government expenditure)",EDSPENDPERC,,,,,,,14.71302032,14.72169018,14.57367039,16.81303024,16.84456062,15.25230026,12.29582024,23.9824295,23.32939911,17.83658981,20.89613914,21.29412079,21.45521927,20.18865967,19.29228973,21.60387039,,19.25741959,,,,,,,,,,,,
Sudan,SDN,"Government expenditure on education, total (% of government expenditure)",EDSPENDPERC,,,,,,,,,,,,,,,,9.116889954,,11.0448904,,7.949240208,5.966800213,8.253160477,,9.392780304,10.7818203,,,,,,,,,,,
Senegal,SEN,"Government expenditure on education, total (% of government expenditure)",EDSPENDPERC,,,,,,,,,,,,,,18.73254013,16.82036018,17.61849022,15.72974014,16.72192001,16.11750984,16.96224976,21.77096939,17.95463943,,19.22613907,23.30044937,24.04635048,21.08696938,20.79524994,25.74234962,24.76247025,23.75856018,21.33721924,21.04521942,21.52940941,,
Singapore,SGP,"Government expenditure on education, total (% of government expenditure)",EDSPENDPERC,,,,,,,,,,,,,,,,20.30553055,21.5566597,21.41607094,24.75983047,22.74440956,22.27878952,22.5367794,23.23229027,30.0994091,21.85297012,18.57172966,28.86183929,31.37174988,28.83914948,,,,,,,
Solomon Islands,SLB,"Government expenditure on education, total (% of government expenditure)",EDSPENDPERC,,,,,,,15.86093044,,,,,,,13.11647987,,,,,,,,,22.16813087,18.81775093,16.78565025,17.47849083,,,,,,,,,,
Sierra Leone,SLE,"Government expenditure on education, total (% of government expenditure)",EDSPENDPERC,,,,,,,,,,,,,,,,20.73130035,17.9708004,17.70318985,17.31936073,17.1487999,15.50660992,,19.75021935,14.93089962,15.89645958,12.8019104,12.41145992,14.12596035,15.20230961,15.09173965,,12.47358036,19.89410019,32.47322083,33.8590889,
El Salvador,SLV,"Government expenditure on education, total (% of government expenditure)",EDSPENDPERC,,,,,,,,,,,,,,14.53232956,13.60801983,13.29633999,,15.48563957,14.06818962,,14.65581989,15.75177002,16.43733025,19.44882965,18.5469799,16.16422081,15.87257957,15.2799902,15.55898952,16.11058044,16.60156059,16.11319923,15.5920496,14.94499969,,
San Marino,SMR,"Government expenditure on education, total (% of government expenditure)",EDSPENDPERC,,,,,,,,,,,,,,,,,,,,,,,,,,10.78129005,10.64035988,,,,,,13.10361004,13.99802017,,
Somalia,SOM,"Government expenditure on education, total (% of government expenditure)",EDSPENDPERC,,,,,,,,,,,,,,,,,,,,,,,,,,,,,,,,,,,,
Serbia,SRB,"Government expenditure on education, total (% of government expenditure)",EDSPENDPERC,,,,,,,,,,,,,,,,,,,,,,,9.976639748,10.39081955,10.48217964,10.09823036,10.1795702,9.227009773,,8.763999939,8.87635994,8.692990303,9.25646019,8.804280281,,
Sub-Saharan Africa (excluding high income),SSA,"Government expenditure on education, total (% of government expenditure)",EDSPENDPERC,,,,,,,,,,,,,,,,15.32380962,16.16833973,16.65246964,,17.4425745,18.08808994,18.00498962,,17.96899986,18.30625916,17.57964516,15.11833,16.42831993,16.39172459,17.29710007,16.9629097,15.76885986,16.53433037,17.79489517,,
South Sudan,SSD,"Government expenditure on education, total (% of government expenditure)",EDSPENDPERC,,,,,,,,,,,,,,,,,,,,,,,,,,,3.950700045,,3.228019953,4.131360054,3.275510073,0.907649994,1.073699951,0.875440001,,
Sub-Saharan Africa,SSF,"Government expenditure on education, total (% of government expenditure)",EDSPENDPERC,,,,,,,,,,,,,,,,15.60715961,15.74110985,16.42010975,,17.38710022,18.03303909,17.97981453,,17.90630913,18.24093914,17.54805946,15.10810518,16.16184998,16.19137955,17.34425545,17.22121525,15.88008499,17.12151527,17.88060951,,
Small states,SST,"Government expenditure on education, total (% of government expenditure)",EDSPENDPERC,,,,,,,,,,,,,,,16.74309921,17.54190063,17.30182981,16.21950006,16.48587513,15.83298016,16.46374559,,,17.59074974,14.83565044,14.57314968,13.79371023,12.58226967,12.86486006,13.50458479,,,13.93280506,,,
Sao Tome and Principe,STP,"Government expenditure on education, total (% of government expenditure)",EDSPENDPERC,,,,,,,,,,,,,,,,,,6.420430183,6.692009926,5.853590012,12.1254797,14.08423042,16.65735054,18.24863052,20.56077957,19.32740974,,13.72161961,18.82966995,12.32466984,11.29734039,15.96667957,18.39999962,20.11654091,,
Suriname,SUR,"Government expenditure on education, total (% of government expenditure)",EDSPENDPERC,,,,,,,,,,,,,,,,,,,,,,,,,,,,,,,,,,,,
Slovak Republic,SVK,"Government expenditure on education, total (% of government expenditure)",EDSPENDPERC,,,,,,,,,,,,9.586700439,8.527830124,,8.593270302,7.442820072,8.87773037,9.417570114,10.56774044,10.86330986,9.466119766,9.580109596,9.712280273,9.548270226,9.098380089,9.766160011,9.70746994,9.621310234,9.861310005,10.06451035,10.28055,9.415140152,9.761619568,,,
Slovenia,SVN,"Government expenditure on education, total (% of government expenditure)",EDSPENDPERC,,,,,,,,,,,,,,,,,13.81725025,13.72527027,13.69596004,13.49901962,13.29055023,13.31970024,12.89665985,12.54903984,12.30418015,12.0801897,12.07168007,12.63183975,9.99503994,11.27431965,11.21850967,11.74520969,12.02299976,,,
Sweden,SWE,"Government expenditure on education, total (% of government expenditure)",EDSPENDPERC,,,,,,8.337030411,8.430029869,8.012220383,8.153800011,,10.23042965,11.36322975,,12.75800037,12.49201965,12.98766994,12.87802982,13.21271038,12.92092037,13.06132984,12.76274014,12.80667973,12.8450098,13.02608013,13.26278019,13.30597973,13.1773901,15.22918034,15.14365005,15.32901955,15.50146008,15.73223019,15.79839993,,,
Eswatini,SWZ,"Government expenditure on education, total (% of government expenditure)",EDSPENDPERC,,,20.46323013,21.77708054,25.08986092,23.47705078,,,,20.03243065,20.65967941,21.84551048,,,20.43320084,18.74508095,19.65617943,17.29376984,22.06381989,21.10407066,20.89185905,22.70756912,,21.81324005,19.38637924,18.28302956,22.33392906,,,24.79544067,,,,,,
Sint Maarten (Dutch part),SXM,"Government expenditure on education, total (% of government expenditure)",EDSPENDPERC,,,,,,,,,,,,,,,,,,,,,,,,,,,,,,,,,,,,
Seychelles,SYC,"Government expenditure on education, total (% of government expenditure)",EDSPENDPERC,22.83296013,19.51612091,,18.25662994,19.83613014,,,,,14.97165966,11.91291046,15.13588047,,9.872570038,9.373760223,,,9.220159531,12.04319954,,,10.95452023,,,,,10.38640976,6.77120018,9.547659874,12.08458042,,11.72342968,,,,
Syrian Arab Republic,SYR,"Government expenditure on education, total (% of government expenditure)",EDSPENDPERC,,,,,,,,,,,,15.04076004,,,,,15.66205978,16.82607079,19.85540009,17.14539909,,20.04847908,18.92593002,20.04079056,19.18404961,,,,,,,,,,,
Turks and Caicos Islands,TCA,"Government expenditure on education, total (% of government expenditure)",EDSPENDPERC,,,,,,,,,,,,,,,,,,,,,,,,,,,,,,,14.26222038,,,12.1232996,,
Chad,TCD,"Government expenditure on education, total (% of government expenditure)",EDSPENDPERC,,,,,,,,,,,,,12.89865971,11.07153034,17.05998039,12.84449005,13.78684998,,,11.03190041,14.67282009,,,,9.541589737,8.119279861,10.08325958,9.212409973,12.46146011,,,,16.3627491,,,
East Asia & Pacific (IDA & IBRD countries),TEA,"Government expenditure on education, total (% of government expenditure)",EDSPENDPERC,,,,,,,,,,,,,,,,15.64076519,12.75489998,15.26266003,,14.17029953,,,14.94431019,14.03864002,14.51142025,15.46687984,12.1508503,16.24882507,16.48568964,13.21272516,,,,9.594004631,,
Europe & Central Asia (IDA & IBRD countries),TEC,"Government expenditure on education, total (% of government expenditure)",EDSPENDPERC,,,,,,,,,,,,,,,,11.61130047,12.09672499,11.88938046,11.64437962,12.28658962,12.42119455,12.71961975,11.26714993,12.28574514,11.86661482,11.16341972,11.10004997,11.79796982,11.51887035,11.57975006,11.38971519,12.25594997,12.33624506,,,
Togo,TGO,"Government expenditure on education, total (% of government expenditure)",EDSPENDPERC,,,,,,,,22.54920959,,,,23.29256058,,20.98232079,23.4187603,24.42370987,25.73135948,30.70002937,27.75642967,21.83069038,17.67807961,17.2866497,18.15452003,19.24566078,19.37198067,19.6157608,16.90378952,17.68042946,16.59206963,17.39141083,16.66498947,15.99131012,23.14003944,21.76909065,,
Thailand,THA,"Government expenditure on education, total (% of government expenditure)",EDSPENDPERC,,,,,,,,,,,18.90245056,20.03906059,21.20360947,19.4810009,18.97901917,28.3885994,24.24134064,16.22293091,20.86635017,21.45767021,20.54681969,22.00279045,18.48467064,18.16284943,18.17830086,16.22262001,22.63023949,21.39679909,19.12593079,,,,,,,
Tajikistan,TJK,"Government expenditure on education, total (% of government expenditure)",EDSPENDPERC,,,,,,,,,,,,,,15.07244968,11.83438969,12.02513981,13.18852997,14.59364033,12.69423962,13.67675972,15.29337978,15.63601017,12.21487999,12.80049992,14.31215954,15.33145046,14.56050968,16.37050056,,,16.39336014,,,,,
Turkmenistan,TKM,"Government expenditure on education, total (% of government expenditure)",EDSPENDPERC,,,,,,,,,,,,,,,,,,,,,,,,,,,,20.79550934,,,,,,,22.84321022,
Latin America & the Caribbean (IDA & IBRD countries),TLA,"Government expenditure on education, total (% of government expenditure)",EDSPENDPERC,,,,,,,,,,,,,,,15.18450975,14.91203499,15.57609558,15.68778992,14.77265501,15.27385044,,,16.59187031,17.38015938,,16.4185791,15.70086002,15.72766972,16.90338993,17.51291561,18.11458015,17.89484024,17.04454517,,,
Timor-Leste,TLS,"Government expenditure on education, total (% of government expenditure)",EDSPENDPERC,,,,,,,,,,,,,,,,,,,,,,,,7.090539932,10.58611965,9.154210091,7.650899887,5.537690163,5.893179893,6.772870064,8.636969566,7.362959862,8.28357029,7.934100151,,
Middle East & North Africa (IDA & IBRD countries),TMN,"Government expenditure on education, total (% of government expenditure)",EDSPENDPERC,,,,,,,,,,,,,,,,,,,,,,,,14.97993994,,,,,,,,,,,,
Tonga,TON,"Government expenditure on education, total (% of government expenditure)",EDSPENDPERC,,,,,,,,,,,,,,,22.60827065,22.95586014,19.78190041,15.46275043,18.41225052,18.10252953,,,,,,,,,,,,,,,,
South Asia (IDA & IBRD),TSA,"Government expenditure on education, total (% of government expenditure)",EDSPENDPERC,,,,,,,,,,,,,13.32223034,,16.95982933,17.94327545,,,16.68162918,13.59123516,13.77750969,16.31281519,18.15340042,17.81619072,12.08263016,11.86466026,14.80666971,12.51637506,13.93650007,12.88329506,12.84813976,16.21170044,15.1030798,,,
Sub-Saharan Africa (IDA & IBRD countries),TSS,"Government expenditure on education, total (% of government expenditure)",EDSPENDPERC,,,,,,,,,,,,,,,,15.60715961,15.74110985,16.42010975,,17.38710022,18.03303909,17.97981453,,17.90630913,18.24093914,17.54805946,15.10810518,16.16184998,16.19137955,17.34425545,17.22121525,15.88008499,17.12151527,17.88060951,,
Trinidad and Tobago,TTO,"Government expenditure on education, total (% of government expenditure)",EDSPENDPERC,,,,,12.90589046,13.85188007,,,,15.01152992,14.89840031,13.28493023,12.03244019,8.926670074,11.2300396,11.73112011,12.16543007,14.28520966,13.91007042,,,,,,,,,,,,,,,,,
Tunisia,TUN,"Government expenditure on education, total (% of government expenditure)",EDSPENDPERC,,,,,,,,20.72396088,21.67490005,21.81670952,23.35724068,23.13492966,25.95521927,,24.90078926,24.59177971,24.64776039,22.88013077,27.68428993,27.83381081,26.69569016,26.86130905,26.42863083,25.25867081,25.26201057,24.84683037,,20.99101067,,,22.62495041,,,,,
Turkey,TUR,"Government expenditure on education, total (% of government expenditure)",EDSPENDPERC,,,,,,,,,,,,,,,,6.375830173,5.982659817,6.651649952,7.419879913,8.651720047,,8.017009735,,,,,,,,,,,,,,
Tuvalu,TUV,"Government expenditure on education, total (% of government expenditure)",EDSPENDPERC,,,,,,,,,,,,,,,,,,,,,,,,,,,,,,,,,,,,
Tanzania,TZA,"Government expenditure on education, total (% of government expenditure)",EDSPENDPERC,,,,,,,,,,,,12.50030994,12.62788963,11.79397011,,,,,,19.49263954,18.14314079,15.0141201,19.43173981,18.77840996,17.41091919,19.64801025,,,,17.29710007,,,24.39653969,20.56001091,,
Uganda,UGA,"Government expenditure on education, total (% of government expenditure)",EDSPENDPERC,,,,,,,,,,,,,,,,10.35486984,,,,20.30834007,,,,,,10.10488987,13.61137009,11.45189953,11.74312019,10.87596035,12.13617992,11.37934017,12.46216011,10.91701031,,
Ukraine,UKR,"Government expenditure on education, total (% of government expenditure)",EDSPENDPERC,,,,,,,,,,,,,12.92467022,11.59928036,13.53417015,11.35896969,12.81095028,14.36096001,14.41952038,12.78174973,13.73865032,13.92323017,14.03619003,13.55782986,15.05482006,,13.48431969,13.66551971,13.86763954,13.12135029,,12.35311985,13.05142021,,,
Upper middle income,UMC,"Government expenditure on education, total (% of government expenditure)",EDSPENDPERC,,,,,,,,,,,,,,,,16.51137543,15.57609558,14.66877031,15.35405016,14.63590002,13.95873022,13.67367506,14.48145008,14.4014349,15.3737998,16.10293961,15.21378469,15.01554489,15.22387981,,,15.92959023,13.46508026,,,
Uruguay,URY,"Government expenditure on education, total (% of government expenditure)",EDSPENDPERC,,,,,,,,,,,,,,,,8.358960152,9.229200363,7.712220192,6.836009979,8.609009743,9.471199989,9.841279984,,,,,15.16271973,,,,,14.64527988,14.93610954,15.19997025,,
United States,USA,"Government expenditure on education, total (% of government expenditure)",EDSPENDPERC,,,,,,,,,,,,,,,,,,,,,,,,,,,,,,,,,,,,
Uzbekistan,UZB,"Government expenditure on education, total (% of government expenditure)",EDSPENDPERC,,,,,,,,,,,,,,,,,,,,,,,,,,,,,23.32052994,23.51730919,23.64583969,23.85045052,23.03091049,,,
St. Vincent and the Grenadines,VCT,"Government expenditure on education, total (% of government expenditure)",EDSPENDPERC,,22.89880943,,,18.24648094,,20.69968987,,,,,,,14.84941959,21.14543915,30.78919983,,28.7013092,31.47550964,,22.59198952,,20.03841019,,17.33849907,15.48563004,,,,,,20.1484108,18.94894981,18.81189919,,
"Venezuela, RB",VEN,"Government expenditure on education, total (% of government expenditure)",EDSPENDPERC,,,,,,,,,,,,,,,,,,,,,,,,,,,,,,,,,,,,
British Virgin Islands,VGB,"Government expenditure on education, total (% of government expenditure)",EDSPENDPERC,,,,,,,,,,,,,,,,,,,,,,,,,,,,,,,,,,,,
Virgin Islands (U.S.),VIR,"Government expenditure on education, total (% of government expenditure)",EDSPENDPERC,,,,,,,,,,,,,,,,,,,,,,,,,,,,,,,,,,,,
Vietnam,VNM,"Government expenditure on education, total (% of government expenditure)",EDSPENDPERC,,,,,,,,,,,,,,,,,,,,,,,,18.05421066,15.23900032,17.11449051,17.81126976,18.78495979,18.51551056,,,15.60490036,,14.46829987,,
Vanuatu,VUT,"Government expenditure on education, total (% of government expenditure)",EDSPENDPERC,,,,,,,,,,17.5349102,,,,27.40110016,25.82177925,27.5241909,40.07754898,36.40961838,44.80179977,,,,,21.40563011,18.72315025,,,,,18.20824051,13.73379993,,12.69207954,,,
World,WLD,"Government expenditure on education, total (% of government expenditure)",EDSPENDPERC,,,,,,,,,,,,,,,,13.36015987,14.46177006,14.55163527,15.0490303,14.20266962,13.99095011,14.03530025,14.06704998,14.18270493,14.02987003,14.16016006,13.64705992,14.36907005,14.117805,13.97237015,14.34759474,14.64034986,14.34010983,,,
Samoa,WSM,"Government expenditure on education, total (% of government expenditure)",EDSPENDPERC,,,,,,,,,,,,,,,13.41716957,10.4612999,12.77033043,12.79380035,,,,,,16.06422997,,,,,,,,10.47922039,,,,
Kosovo,XKX,"Government expenditure on education, total (% of government expenditure)",EDSPENDPERC,,,,,,,,,,,,,,,,,,,,,,,,,,,,,,,,,,,,
"Yemen, Rep.",YEM,"Government expenditure on education, total (% of government expenditure)",EDSPENDPERC,,,,,,,,,,,,,,,,30.4892807,30.32127953,,,,,,,12.48923969,,,,,,,,,,,,
South Africa,ZAF,"Government expenditure on education, total (% of government expenditure)",EDSPENDPERC,,,,,,,,,,,,,,,,,20.47204971,20.09569931,19.59230042,19.93462944,19.9249897,18.00498962,18.02706909,17.90630913,18.30625916,18.04437065,,,,,18.69935036,18.04874039,18.71529961,18.8735199,19.45059013,
Zambia,ZMB,"Government expenditure on education, total (% of government expenditure)",EDSPENDPERC,,,,,,,,,,,,,,,,8.352620125,,,,10.58498955,7.729730129,,6.227910042,5.651800156,,,,,,,16.33527946,15.40180016,14.80745029,17.04800987,,
Zimbabwe,ZWE,"Government expenditure on education, total (% of government expenditure)",EDSPENDPERC,,,,,,,,,,,,,,,,,,,,,,,,,,8.536720276,,29.7510891,28.66033936,30.01515007,,,20.78960037,19.0398407,,
