Country Name,Country Code,Indicator Name,Indicator Code,1990,1991,1992,1993,1994,1995,1996,1997,1998,1999,2000,2001,2002,2003,2004,2005,2006,2007,2008,2009,2010,2011,2012,2013,2014,2015,2016,2017,2018,2019,2020
Aruba,ABW,"GDP, PPP (current international $)",GDPPPP,1448632316,1616875214,1751000102,1923475579,2125718764,2225571947,2293196644,2497125592,2575533499,2645065705,2910162905,2885630125,2835314410,2945022088,3263578403,3406102722,3546046053,3706854418,3775529800,3404108437,3316870714,3502845775,3442855767,3763011244,3781966851,3836108976,3917952211,4050523376,,,
Afghanistan,AFG,"GDP, PPP (current international $)",GDPPPP,,,,,,,,,,,,,19821201272,21972474899,22883102404,26245649895,28488533287,33298540652,35278625596,43151385723,49924017472,51184181904,59667003515,65039839449,69058343420,71831696728,70097956090,74711922905,77442045726,82033979456,
Angola,AGO,"GDP, PPP (current international $)",GDPPPP,38878269806,40591495320,39092686254,30421001342,31486753258,36969023956,42744843255,46644927779,49382736267,51188559061,53931438614,57432494667,66313630686,69564636251,79261910489,94014137044,1.08044E+11,1.2649E+11,1.43349E+11,1.45683E+11,1.53871E+11,1.62539E+11,1.86124E+11,1.99866E+11,2.20365E+11,2.04604E+11,2.04875E+11,2.17987E+11,2.18823E+11,2.21679E+11,
Albania,ALB,"GDP, PPP (current international $)",GDPPPP,8376888655,6235140214,5918894513,6638346867,7343043432,8495791945,9438625547,8552914713,9451071924,10792608913,11931318530,13162975598,14221914380,15182653015,16415700682,17663327676,19624528717,21605461982,24251465014,25819283364,28070187015,29655456332,30530546078,30603925190,32529279134,33585730435,34739850854,36814039833,40054771493,41808952984,
Andorra,AND,"GDP, PPP (current international $)",GDPPPP,,,,,,,,,,,,,,,,,,,,,,,,,,,,,,,
Arab World,ARB,"GDP, PPP (current international $)",GDPPPP,1.5256E+12,1.69705E+12,1.822E+12,1.91827E+12,2.01565E+12,2.11244E+12,2.24887E+12,2.38265E+12,2.54359E+12,2.63223E+12,2.83578E+12,2.94483E+12,3.00585E+12,3.21007E+12,3.59801E+12,3.91977E+12,4.28641E+12,4.5973E+12,4.96135E+12,5.03557E+12,5.33512E+12,5.63366E+12,6.14845E+12,6.26895E+12,6.29179E+12,5.78939E+12,5.66678E+12,5.99821E+12,6.29069E+12,6.52773E+12,
United Arab Emirates,ARE,"GDP, PPP (current international $)",GDPPPP,1.59488E+11,1.66299E+11,1.75779E+11,1.82213E+11,1.98938E+11,2.16693E+11,2.33455E+11,2.56932E+11,2.60582E+11,2.72016E+11,3.08278E+11,3.19448E+11,3.32397E+11,3.68366E+11,4.14471E+11,4.48132E+11,5.07112E+11,5.37316E+11,5.65252E+11,5.39699E+11,5.54739E+11,6.05575E+11,6.31707E+11,6.47296E+11,6.78339E+11,6.01179E+11,5.98811E+11,6.37385E+11,6.6068E+11,6.8481E+11,
Argentina,ARG,"GDP, PPP (current international $)",GDPPPP,2.34714E+11,2.64813E+11,2.92346E+11,3.23833E+11,3.50051E+11,3.47223E+11,3.73122E+11,4.10342E+11,4.30937E+11,4.22359E+11,4.28394E+11,4.18489E+11,3.78795E+11,4.19926E+11,4.70169E+11,5.27729E+11,5.87452E+11,6.57569E+11,6.97558E+11,6.61276E+11,7.36718E+11,7.97264E+11,8.19698E+11,8.49616E+11,8.39897E+11,8.67177E+11,8.85228E+11,1.03933E+12,1.03734E+12,1.0354E+12,
Armenia,ARM,"GDP, PPP (current international $)",GDPPPP,9814665773,8959424810,5333216051,4979132362,5360070445,5850061875,6306590694,6628399563,7192322811,7536939293,8160045755,9139577172,10509650581,12203500269,13847909044,16264081044,18968092453,22146063400,24134635012,20889699219,21598045116,23085520248,27009096449,28500152360,29231468082,29166842741,31429192104,35676528915,38445981548,42171217645,
American Samoa,ASM,"GDP, PPP (current international $)",GDPPPP,,,,,,,,,,,,,,,,,,,,,,,,,,,,,,,
Antigua and Barbuda,ATG,"GDP, PPP (current international $)",GDPPPP,725018275.8,765850876.2,792378297.6,853979800,930450777.5,908546390.9,986285438.4,1058189113,1120726981,1179060284,1280195144,1248774864,1281560907,1384681527,1503964937,1651209568,1917366845,2152280699,2193830739,1946113356,1814425572,1816047262,1771798543,1720170789,1762288335,1769549897,1882863522,1893259104,2082683465,2222037123,
Australia,AUS,"GDP, PPP (current international $)",GDPPPP,2.95756E+11,3.07388E+11,3.17976E+11,3.37751E+11,3.57998E+11,3.77283E+11,4.02078E+11,4.24498E+11,4.52278E+11,4.78153E+11,5.04135E+11,5.31401E+11,5.64354E+11,5.91584E+11,6.30153E+11,6.64362E+11,7.09707E+11,7.61142E+11,7.9598E+11,8.74192E+11,8.65877E+11,9.37507E+11,9.73601E+11,1.06163E+12,1.10055E+12,1.1024E+12,1.1452E+12,1.19647E+12,1.28387E+12,1.35398E+12,
Austria,AUT,"GDP, PPP (current international $)",GDPPPP,1.49145E+11,1.59496E+11,1.66546E+11,1.7139E+11,1.79255E+11,1.87896E+11,1.94998E+11,2.0253E+11,2.12772E+11,2.2064E+11,2.3545E+11,2.38982E+11,2.51985E+11,2.60788E+11,2.7577E+11,2.88087E+11,3.10999E+11,3.26699E+11,3.43813E+11,3.41644E+11,3.5161E+11,3.73031E+11,3.91635E+11,4.0637E+11,4.1706E+11,4.30976E+11,4.60283E+11,4.78086E+11,5.20271E+11,5.36335E+11,
Azerbaijan,AZE,"GDP, PPP (current international $)",GDPPPP,38372744919,39392724403,31184807123,24549296765,20134034153,18130578048,18702567635,20128527266,22390585979,24394687745,27708367370,31119426599,34595460527,38835124894,43571124847,57490995236,79645398626,1.0261E+11,1.15685E+11,1.27488E+11,1.35151E+11,1.35804E+11,1.4834E+11,1.61865E+11,1.66329E+11,1.44146E+11,1.4023E+11,1.39153E+11,1.44681E+11,1.50763E+11,
Burundi,BDI,"GDP, PPP (current international $)",GDPPPP,3345350710,3631297002,3751562788,3600803880,3536838975,3325009279,3115019926,3118352162,3303238720,3317086594,3362180906,3506563883,3720415742,3743134143,4029708576,4192628760,4553356026,4837073840,5170900206,5408976901,5752399508,6109378664,6386094258,7069203706,7649427871,8551152239,8358351140,8375481077,8717632291,9050663437,
Belgium,BEL,"GDP, PPP (current international $)",GDPPPP,1.85821E+11,1.95626E+11,2.03147E+11,2.0596E+11,2.17146E+11,2.26986E+11,2.30442E+11,2.4154E+11,2.48626E+11,2.60169E+11,2.8495E+11,2.96259E+11,3.129E+11,3.20633E+11,3.33857E+11,3.47658E+11,3.71415E+11,3.90458E+11,4.05729E+11,4.07863E+11,4.34412E+11,4.51933E+11,4.69721E+11,4.87344E+11,5.03619E+11,5.20878E+11,5.50678E+11,5.75545E+11,6.20835E+11,6.47109E+11,
Benin,BEN,"GDP, PPP (current international $)",GDPPPP,6270776393,6756790491,7115172194,7708842783,8032531108,8696724039,9238920764,9937195423,10447084303,11164002187,12082144946,13005648454,13824774839,14566421817,15621198734,16383743021,17545233924,19095081332,20419698276,21052570733,21748137021,22860459983,24308499989,26709146743,29146860809,30530995255,32668486802,34023063768,37185986156,40510770475,
Burkina Faso,BFA,"GDP, PPP (current international $)",GDPPPP,5198089865,5861286333,6008810363,6364091798,6585464593,7107893967,8035293452,8690182135,9430193719,10273801311,10701824789,11659840500,12359848401,13571668357,14561210413,16315345255,17860180506,19093979820,20594373474,21366020199,23440650603,25515102555,26835475975,28735314121,29760893894,31032905190,35340335155,39238401912,42899819804,46225439607,
Bangladesh,BGD,"GDP, PPP (current international $)",GDPPPP,87748279415,93877361053,1.01243E+11,1.08524E+11,1.15154E+11,1.23589E+11,1.31545E+11,1.39821E+11,1.48715E+11,1.57907E+11,1.69983E+11,1.82531E+11,1.92525E+11,2.05395E+11,2.21976E+11,2.43851E+11,2.67992E+11,2.94616E+11,3.18409E+11,3.37023E+11,3.59947E+11,3.9122E+11,4.43599E+11,4.80219E+11,5.20423E+11,5.5557E+11,6.08047E+11,6.64404E+11,7.34108E+11,8.09376E+11,
Bulgaria,BGR,"GDP, PPP (current international $)",GDPPPP,65674733034,62161659701,58954608720,59458078177,61831770328,64930622794,57134779099,47781252465,51005656932,47685776727,52491359570,55759428502,61023403660,65377717601,70947507153,78821953319,86597505830,96548947214,1.07411E+11,1.05648E+11,1.10041E+11,1.15129E+11,1.18702E+11,1.20521E+11,1.26862E+11,1.31667E+11,1.42696E+11,1.51818E+11,1.66031E+11,1.76571E+11,
Bahrain,BHR,"GDP, PPP (current international $)",GDPPPP,13328441546,15326578269,16724571520,19324274620,19687578476,20890337553,22147161352,23225888942,24612343436,26041308042,28034516576,29363075269,30826319473,33375800391,36667026446,40368485987,44279752027,49240429590,53333105095,55104616846,58162953475,60555691597,65875368138,67716644747,68275971746,62523275420,63831285346,71282082008,74317830753,77139267899,
"Bahamas, The",BHS,"GDP, PPP (current international $)",GDPPPP,5508065650,5456210139,5367063572,5511135919,5806066321,6187373828,6566777120,6817788470,7219668832,7847170107,8355467689,8762894151,9142258720,9194285983,9525162367,10155343568,10725995043,11173470267,11126142709,10742814847,11035187274,11334803748,11713379202,11702558409,12287968303,12507352353,12907953054,13856896226,14623974434,15089524206,
Bosnia and Herzegovina,BIH,"GDP, PPP (current international $)",GDPPPP,,,,,3752248338,4627759337,8904620673,12173237604,14230648467,15821977689,17065336100,17843042648,19310193061,20216341050,23342173200,24398081341,27879617163,30804348842,33896568904,33755250256,34666329769,36525544936,37145916733,39027244947,39811669774,41189080577,44265677702,46243666455,51147237634,53769428555,
Belarus,BLR,"GDP, PPP (current international $)",GDPPPP,53309645724,54451100762,50345559506,47621468561,42947676408,39288001961,41127585824,46606182101,51089722659,53589487606,57965141853,62035672868,66196302883,72174548287,82603919632,93183621912,1.05604E+11,1.17767E+11,1.32303E+11,1.33578E+11,1.45673E+11,1.56715E+11,1.71038E+11,1.79366E+11,1.79598E+11,1.71204E+11,1.68422E+11,1.7363E+11,1.83461E+11,1.89309E+11,
Belize,BLZ,"GDP, PPP (current international $)",GDPPPP,625475000.1,720756595.4,826082035.7,898724888.8,919120660,944552200.6,975475089.7,1027819633,1078099160,1189739226,1374697076,1470698418,1564624614,1742436407,1875010512,1971153833,2128671657,2197009025,2317853460,2340650007,2439004887,2537811117,2458230065,2498480518,2533821315,2614739805,2644913918,2671291731,2793252077,2855288542,
Bermuda,BMU,"GDP, PPP (current international $)",GDPPPP,2071022028,2065385729,2111192013,2226233586,2287405966,2438105341,2547311061,2710433554,2847836733,2986677004,3337937503,3657520988,3660468859,3855613632,4051323501,4247460229,4618596478,4901313626,4903415338,4662792840,4599062134,4519405327,4370872662,4484628780,4479895050,4688793779,4929475867,5227044137,5331201226,5459724012,
Bolivia,BOL,"GDP, PPP (current international $)",GDPPPP,16301788738,17740647250,18443696234,19686750733,21045591902,22492097385,23902853789,25519649912,27104797639,27613515807,28938783244,30071493289,31306422345,32752399650,35037816369,37726654228,40732857821,43736202919,47328355788,49290089324,51922209247,55765337780,61452959665,69841188330,75554052849,77543289208,82736157918,94285208488,1.00661E+11,1.04891E+11,
Brazil,BRA,"GDP, PPP (current international $)",GDPPPP,9.98502E+11,1.04788E+12,1.06675E+12,1.14297E+12,1.22965E+12,1.31089E+12,1.36436E+12,1.435E+12,1.45606E+12,1.48399E+12,1.58374E+12,1.64097E+12,1.71783E+12,1.76969E+12,1.92201E+12,2.04534E+12,2.19073E+12,2.38612E+12,2.55645E+12,2.5727E+12,2.79862E+12,2.97063E+12,2.99853E+12,3.13389E+12,3.18716E+12,3.01475E+12,2.93909E+12,3.01772E+12,3.13195E+12,3.22906E+12,
Barbados,BRB,"GDP, PPP (current international $)",GDPPPP,2499682342,2483433495,2395437010,2471639173,2575178585,2682127282,2839844910,3025747724,3173886818,3230486447,3449580617,3441856192,3523828108,3667352806,3819247738,4093989532,4466850968,4687849280,4812536630,4602990809,4550155553,4613928269,4343448701,4359599661,4322360546,4425610430,4559037886,4519281463,4602505469,4687373036,
Brunei Darussalam,BRN,"GDP, PPP (current international $)",GDPPPP,14466035683,15425724799,16528036747,16971164872,17878772973,19071188715,19979368540,20024891666,20137176324,21051409730,22135261425,23241505277,24523299249,25704091177,26529220187,27461594985,29536870001,30377197857,30367382091,30058959575,31199547022,33044207206,35209872644,33885246844,33344140243,25948980973,23633069099,25891019750,26535579845,28097514783,
Bhutan,BTN,"GDP, PPP (current international $)",GDPPPP,800098724.3,823782337.2,881320645.3,920122636.7,986303519,1078219915,1159065964,1242413189,1330700493,1457689891,1593597379,1764518791,1989458177,2184936046,2378580863,2631404631,2900801762,3525644809,3766726573,4051571321,4588418545,5058193225,5551018264,5674556894,6231640988,6915381146,7703914682,8307416844,8769770677,9428607227,
Botswana,BWA,"GDP, PPP (current international $)",GDPPPP,7311440395,8122476551,8549918310,8920196921,9441204617,10316843996,11118212732,12251586973,12444448687,13844526348,14435356005,14788949379,15934693577,16981427227,17910460788,19309899100,21558186098,23969551061,25961912381,24158001447,26532411467,28724946391,27718549539,30335164692,34046222231,32971120138,37281291597,38045692207,40717999939,42739922025,
Central African Republic,CAF,"GDP, PPP (current international $)",GDPPPP,1783507772,1833633739,1754942088,1802544885,1931245880,2113707087,2066311326,2213344226,2343457079,2462873910,2455248640,2621127572,2758881203,2658440644,2893672534,3010908030,3250024497,3491097826,3632110886,3974076864,4206561537,4474567487,4889047037,3284695705,3215650001,3536183568,3861897992,4195263791,4460310338,4681983391,
Canada,CAN,"GDP, PPP (current international $)",GDPPPP,5.57984E+11,5.64826E+11,5.83031E+11,6.12795E+11,6.54101E+11,6.85759E+11,7.09561E+11,7.52639E+11,7.90667E+11,8.43508E+11,8.98026E+11,9.33968E+11,9.67559E+11,1.01955E+12,1.07946E+12,1.16758E+12,1.23755E+12,1.29754E+12,1.33906E+12,1.30465E+12,1.36087E+12,1.42747E+12,1.4681E+12,1.55413E+12,1.6214E+12,1.59485E+12,1.67809E+12,1.772E+12,1.8877E+12,1.9422E+12,
Central Europe and the Baltics,CEB,"GDP, PPP (current international $)",GDPPPP,7.85936E+11,7.34925E+11,7.36116E+11,7.65498E+11,8.1345E+11,8.76116E+11,9.18528E+11,9.52004E+11,9.93386E+11,1.02445E+12,1.08616E+12,1.1626E+12,1.24344E+12,1.31384E+12,1.43157E+12,1.51663E+12,1.68069E+12,1.868E+12,2.06444E+12,2.0647E+12,2.17217E+12,2.31073E+12,2.38664E+12,2.48436E+12,2.58429E+12,2.6973E+12,2.86922E+12,3.07963E+12,3.37503E+12,3.59716E+12,
Switzerland,CHE,"GDP, PPP (current international $)",GDPPPP,1.85151E+11,1.8966E+11,1.93897E+11,1.98241E+11,2.05045E+11,2.10351E+11,2.15734E+11,2.25461E+11,2.34046E+11,2.41567E+11,2.56946E+11,2.65903E+11,2.74769E+11,2.768E+11,2.89476E+11,3.01741E+11,3.37472E+11,3.75547E+11,4.02151E+11,4.01104E+11,4.156E+11,4.44549E+11,4.62615E+11,4.86239E+11,5.06895E+11,5.29426E+11,5.50353E+11,5.65517E+11,6.03477E+11,6.20612E+11,
Channel Islands,CHI,"GDP, PPP (current international $)",GDPPPP,,,,,,,,,,,,,,,,,,,,,,,,,,,,,,,
Chile,CHL,"GDP, PPP (current international $)",GDPPPP,59884081816,66835784909,77143487280,85334370562,93055581462,1.05726E+11,1.16868E+11,1.27713E+11,1.34736E+11,1.36118E+11,1.46574E+11,1.54737E+11,1.62068E+11,1.71831E+11,1.89179E+11,2.06274E+11,2.57648E+11,2.80052E+11,2.75716E+11,2.72874E+11,3.09886E+11,3.50575E+11,3.74242E+11,3.94292E+11,4.04667E+11,4.07878E+11,4.26777E+11,4.53416E+11,4.77833E+11,5.11748E+11,
China,CHN,"GDP, PPP (current international $)",GDPPPP,1.11532E+12,1.25984E+12,1.47184E+12,1.7159E+12,1.98102E+12,2.24411E+12,2.51195E+12,2.79129E+12,3.04417E+12,3.32473E+12,3.68763E+12,4.08265E+12,4.52602E+12,5.07283E+12,5.73626E+12,6.58893E+12,7.65186E+12,8.97559E+12,1.00332E+13,1.10599E+13,1.23788E+13,1.38444E+13,1.51245E+13,1.61851E+13,1.71213E+13,1.77967E+13,1.87121E+13,1.9887E+13,2.17465E+13,2.34878E+13,
Cote d'Ivoire,CIV,"GDP, PPP (current international $)",GDPPPP,24493303203,25331969784,25845898317,26407331880,27190020837,29738267098,32623439465,34428330483,36532485324,37659397374,37704903409,38578699257,38535391862,38717398903,40249503256,42217625713,44154536392,46140929547,48234544140,50182540179,51791592985,50553775704,56584389144,62472328771,70830156790,1.08069E+11,1.1261E+11,1.18051E+11,1.29259E+11,1.39981E+11,
Cameroon,CMR,"GDP, PPP (current international $)",GDPPPP,21856882109,21735436261,21541612452,20302814811,21176783633,22371022744,23774126625,25449232598,26894363671,28453642063,30123382460,32128792499,34019889759,36234280995,39732963803,41798500650,44552398863,47991918659,50632335350,52140052682,54552906079,57992159983,61350020204,66289532991,72249773159,75964910602,81471243201,87320624933,93081560370,98419704863,
"Congo, Dem. Rep.",COD,"GDP, PPP (current international $)",GDPPPP,30554562462,28927814575,26480409872,23456641044,23023186298,23670484997,23857274380,22905484734,22787083116,22128994490,21060176245,21070113823,22034314860,23695372343,25972970912,28425131023,30843600276,33654656303,36445343420,37771654916,40927874364,44655249523,46214046396,53767800425,62684684446,69035657197,75926663565,86267287184,93512812466,99508497967,
"Congo, Rep.",COG,"GDP, PPP (current international $)",GDPPPP,8189654925,8669415443,9098584481,9222906232,8902410703,9451308524,10037296500,10146583050,10644287164,10519144650,11569040903,12272373163,13037691534,13387813833,14226217916,15807076329,17586024129,16864049913,18276274961,20558681191,22863769887,23856263886,28575641891,28055516787,27892643350,22650392318,19344097903,21844655234,20988533736,20637813210,
Colombia,COL,"GDP, PPP (current international $)",GDPPPP,1.65917E+11,1.74962E+11,1.86187E+11,2.00863E+11,2.17081E+11,2.33163E+11,2.42314E+11,2.54948E+11,2.59286E+11,2.51972E+11,2.65139E+11,2.75501E+11,2.86867E+11,3.03643E+11,3.28447E+11,3.55032E+11,3.90345E+11,4.27839E+11,4.50482E+11,4.59089E+11,4.85314E+11,5.29875E+11,5.53768E+11,5.91784E+11,6.25019E+11,6.304E+11,6.67662E+11,6.95475E+11,7.47681E+11,8.06058E+11,
Comoros,COM,"GDP, PPP (current international $)",GDPPPP,653375808.2,639025396.8,709345690.5,747980654.7,723640739.1,765486984.5,769434529.7,814246706.6,833971598.3,862293248,977201192.3,1021932606,1062232345,1104722039,1156241340,1226088471,1296628558,1342111858,1422946027,1479676881,1553800743,1651292301,1817991276,1954973713,2063131654,2106508753,2278472094,2467927827,2614777912,2718496318,
Cabo Verde,CPV,"GDP, PPP (current international $)",GDPPPP,359431219.6,376803922.7,427543640.3,475787305.4,579164670.6,675343429,765740267.2,865551005.3,984855878.5,1111197968,1298320125,1356407351,1450212562,1538833770,1741402948,1919769965,2135774029,2525862346,2746244180,2732025196,2804400161,2976609860,2939948400,2964468795,2979100326,3145505183,3358352136,3570702548,3823420548,4118579528,
Costa Rica,CRI,"GDP, PPP (current international $)",GDPPPP,15776650517,16679710659,18628743284,20421707790,21793733259,23167773327,23884007821,25647912964,27742212794,29252524210,31052821239,32841605250,34459246075,36592824856,39207578597,41993822492,46396020620,51533724574,54978842054,54860309157,58247832307,62025773108,66061087414,69477332173,74918138321,80407388574,91169870107,97757470348,1.01862E+11,1.09722E+11,
Caribbean small states,CSS,"GDP, PPP (current international $)",GDPPPP,36940565517,39024340227,41187274818,43562352323,45775715458,48089223199,50689874207,53243309431,55339389147,58434881701,61926502372,64691364165,68241759123,73963937782,79215349457,84626030338,93554257289,99468921791,1.02991E+11,1.0022E+11,1.02957E+11,1.0637E+11,1.06867E+11,1.0938E+11,1.10939E+11,1.09279E+11,1.09373E+11,1.14204E+11,1.18962E+11,1.22499E+11,
Cuba,CUB,"GDP, PPP (current international $)",GDPPPP,,,,,,,,,,,,,,,,,,,,,,,,,,,,,,,
Curacao,CUW,"GDP, PPP (current international $)",GDPPPP,,,,,,,,,,,3038884425,3083933199,3145152627,3212793282,3306166251,3432211819,3593925477,3781621516,3939532072,3948474420,3997771738,4106283623,3980978517,3987244429,3956860925,3963751080,3961008963,4080536557,4089395558,4027069861,
Cayman Islands,CYM,"GDP, PPP (current international $)",GDPPPP,,,,,,,,,,,,,,,,,3622388323,3837335818,3897995593,3644897739,3587234354,3704981270,3702634776,3742217002,3837526343,3964557970,4169236841,4409643996,4703458958,,
Cyprus,CYP,"GDP, PPP (current international $)",GDPPPP,7721996236,8042170663,8998636055,9276321881,10033396346,11100412674,11425642631,11922451010,12737398222,13501982860,14781142813,16045518213,16716270316,17422389737,18871595510,20504253211,22510419328,25193704020,27398488322,27400251815,27744210912,28345798721,27503447269,26181499623,25643576078,26968548608,30416963880,32809874274,36328662360,37705562489,
Czech Republic,CZE,"GDP, PPP (current international $)",GDPPPP,1.31987E+11,1.20602E+11,1.22726E+11,1.25711E+11,1.32131E+11,1.42784E+11,1.51156E+11,1.52702E+11,1.5418E+11,1.58334E+11,1.66568E+11,1.80105E+11,1.8612E+11,1.98966E+11,2.1327E+11,2.25621E+11,2.44625E+11,2.70349E+11,2.90504E+11,2.90153E+11,2.9227E+11,3.04401E+11,3.0749E+11,3.2403E+11,3.421E+11,3.57504E+11,3.8142E+11,4.12641E+11,4.50976E+11,4.72625E+11,
Germany,DEU,"GDP, PPP (current international $)",GDPPPP,1.54227E+12,1.67587E+12,1.74703E+12,1.77095E+12,1.85203E+12,1.92006E+12,1.96754E+12,2.01511E+12,2.07941E+12,2.15851E+12,2.23705E+12,2.33716E+12,2.4069E+12,2.4659E+12,2.58341E+12,2.62204E+12,2.81024E+12,2.98162E+12,3.10396E+12,3.01752E+12,3.18786E+12,3.41502E+12,3.48723E+12,3.62856E+12,3.80711E+12,3.88908E+12,4.16517E+12,4.3909E+12,4.69985E+12,4.78266E+12,
Djibouti,DJI,"GDP, PPP (current international $)",GDPPPP,,,,,,,,,,,,,,,,,,,,,,,,3624994849,3854585104,4181038016,4359928619,4612122077,5121691250,5626861138,
Dominica,DMA,"GDP, PPP (current international $)",GDPPPP,302734908.7,317186753.1,331000730.1,346169303.3,353681543.3,372039517.9,390614732.6,406033756.1,426099307.1,433784886.5,453857331.7,463521068.8,457533017.7,495638542.2,524509675.6,544397072.3,587001302.6,641068337.4,700074712.3,697160127.6,710028908.2,723240297.8,705767394.6,720553048.3,775558493.9,792974988,852085425.2,807786936.2,846480442.6,893610429.3,
Denmark,DNK,"GDP, PPP (current international $)",GDPPPP,93563363865,98075475821,1.02274E+11,1.04708E+11,1.12647E+11,1.18491E+11,1.24645E+11,1.317E+11,1.36918E+11,1.41846E+11,1.5309E+11,1.57816E+11,1.6472E+11,1.65968E+11,1.7787E+11,1.85074E+11,2.02726E+11,2.12771E+11,2.26767E+11,2.22918E+11,2.38749E+11,2.47352E+11,2.50525E+11,2.62368E+11,2.70331E+11,2.78748E+11,2.97719E+11,3.20149E+11,3.43425E+11,3.61273E+11,
Dominican Republic,DOM,"GDP, PPP (current international $)",GDPPPP,26168364886,27308735919,31065204356,34143231557,35779122696,38606201450,41663160850,46147315539,49800139036,53520017837,57267194696,59962698187,63649185866,63958774213,67368761761,76016797715,85502321818,94310295421,99230524884,1.00933E+11,1.10625E+11,1.16474E+11,1.18183E+11,1.25424E+11,1.36976E+11,1.5156E+11,1.67506E+11,1.75941E+11,1.92811E+11,2.06486E+11,
Algeria,DZA,"GDP, PPP (current international $)",GDPPPP,1.78161E+11,1.81976E+11,1.89473E+11,1.89889E+11,1.92198E+11,2.03685E+11,2.15919E+11,2.22058E+11,2.3601E+11,2.47079E+11,2.62201E+11,2.75991E+11,2.96056E+11,3.23266E+11,3.46244E+11,3.78094E+11,3.96158E+11,4.20631E+11,4.39104E+11,4.49531E+11,4.71141E+11,4.94931E+11,4.9733E+11,4.97988E+11,5.06135E+11,4.77357E+11,4.71383E+11,4.85802E+11,5.03608E+11,5.17495E+11,
East Asia & Pacific (excluding high income),EAP,"GDP, PPP (current international $)",GDPPPP,2.32204E+12,2.58495E+12,2.91436E+12,3.29352E+12,3.70828E+12,4.14773E+12,4.59409E+12,4.9863E+12,5.0809E+12,5.45381E+12,5.98433E+12,6.51112E+12,7.11948E+12,7.8679E+12,8.78255E+12,9.90775E+12,1.12685E+13,1.29297E+13,1.42628E+13,1.54359E+13,1.71117E+13,1.89099E+13,2.06527E+13,2.2005E+13,2.31987E+13,2.40384E+13,2.52799E+13,2.68576E+13,2.92684E+13,3.15198E+13,
Early-demographic dividend,EAR,"GDP, PPP (current international $)",GDPPPP,5.92117E+12,6.41784E+12,6.84544E+12,7.18445E+12,7.56281E+12,7.99649E+12,8.6026E+12,9.13021E+12,9.20997E+12,9.56789E+12,1.02415E+13,1.06595E+13,1.10407E+13,1.18583E+13,1.29964E+13,1.42175E+13,1.56322E+13,1.70514E+13,1.81339E+13,1.87032E+13,2.01738E+13,2.16708E+13,2.30962E+13,2.41561E+13,2.51778E+13,2.58321E+13,2.70993E+13,2.88177E+13,3.06617E+13,3.20403E+13,
East Asia & Pacific,EAS,"GDP, PPP (current international $)",GDPPPP,5.85602E+12,6.39504E+12,6.898E+12,7.44027E+12,8.07619E+12,8.78715E+12,9.51771E+12,1.01302E+13,1.02346E+13,1.0819E+13,1.17417E+13,1.24644E+13,1.33463E+13,1.43282E+13,1.56673E+13,1.71763E+13,1.89899E+13,2.11462E+13,2.26615E+13,2.36902E+13,2.58925E+13,2.80391E+13,3.01217E+13,3.19197E+13,3.33223E+13,3.45013E+13,3.58723E+13,3.78319E+13,4.08172E+13,4.33299E+13,
Europe & Central Asia (excluding high income),ECA,"GDP, PPP (current international $)",GDPPPP,2.54494E+12,2.50126E+12,2.31606E+12,2.23915E+12,2.02343E+12,2.02693E+12,2.0569E+12,2.1544E+12,1.97198E+12,2.03896E+12,2.28768E+12,2.41794E+12,2.58892E+12,2.86481E+12,3.20485E+12,3.61392E+12,4.32483E+12,4.82131E+12,5.53637E+12,5.37003E+12,5.78053E+12,6.4169E+12,6.84176E+12,7.42449E+12,7.62978E+12,7.50085E+12,7.70621E+12,8.24167E+12,8.98259E+12,9.21514E+12,
Europe & Central Asia,ECS,"GDP, PPP (current international $)",GDPPPP,9.94093E+12,1.02329E+13,1.03053E+13,1.04145E+13,1.06147E+13,1.10376E+13,1.14369E+13,1.19715E+13,1.22326E+13,1.27209E+13,1.37178E+13,1.44282E+13,1.51483E+13,1.57563E+13,1.6781E+13,1.77407E+13,1.96867E+13,2.11721E+13,2.27211E+13,2.21882E+13,2.3211E+13,2.46385E+13,2.54158E+13,2.6703E+13,2.75029E+13,2.80127E+13,2.94468E+13,3.11728E+13,3.366E+13,3.48312E+13,
Ecuador,ECU,"GDP, PPP (current international $)",GDPPPP,49414727009,53278079467,55644373295,58086743628,61853412777,64572867462,66893930913,70992445181,74136569429,71642608048,74043841105,78706481798,83226863414,87080715749,96767828101,1.05062E+11,1.13008E+11,1.18585E+11,1.28577E+11,1.30291E+11,1.36456E+11,1.50267E+11,1.5956E+11,1.75196E+11,1.86847E+11,1.7931E+11,1.81967E+11,1.95011E+11,2.02337E+11,2.06377E+11,
"Egypt, Arab Rep.",EGY,"GDP, PPP (current international $)",GDPPPP,2.08455E+11,2.17929E+11,2.32866E+11,2.45298E+11,2.6049E+11,2.78299E+11,2.97533E+11,3.19286E+11,3.40882E+11,3.66737E+11,3.98819E+11,4.21975E+11,4.38895E+11,4.61322E+11,4.93128E+11,5.31227E+11,5.84759E+11,6.43028E+11,7.02447E+11,7.40882E+11,7.88095E+11,8.18754E+11,9.5866E+11,9.92022E+11,9.85262E+11,1.06424E+12,1.05709E+12,1.06227E+12,1.14597E+12,1.23315E+12,
Euro area,EMU,"GDP, PPP (current international $)",GDPPPP,5.28335E+12,5.60745E+12,5.81447E+12,5.91219E+12,6.1867E+12,6.47138E+12,6.68706E+12,6.98378E+12,7.33437E+12,7.63528E+12,8.1373E+12,8.54913E+12,8.92441E+12,9.11016E+12,9.52052E+12,9.90675E+12,1.0752E+13,1.14354E+13,1.1937E+13,1.16753E+13,1.20347E+13,1.25574E+13,1.27084E+13,1.31498E+13,1.3522E+13,1.39311E+13,1.48264E+13,1.56064E+13,1.67682E+13,1.73649E+13,
Eritrea,ERI,"GDP, PPP (current international $)",GDPPPP,,,1837600883,2134241556,2642403353,2774923731,3087363532,3388982048,3487874373,3538709388,3504145057,3894538510,4075039893,4040494309,4209509457,4452380662,4542659680,4731244989,4351411598,4554553073,4708725100,5224331270,,,,,,,,,
Spain,ESP,"GDP, PPP (current international $)",GDPPPP,5.30638E+11,5.6255E+11,5.80717E+11,5.88344E+11,6.15227E+11,6.45448E+11,6.75656E+11,7.17288E+11,7.68102E+11,8.05891E+11,8.76008E+11,9.37889E+11,1.00975E+12,1.05555E+12,1.1212E+12,1.20513E+12,1.36207E+12,1.46671E+12,1.52858E+12,1.48899E+12,1.47681E+12,1.4896E+12,1.48365E+12,1.51207E+12,1.55831E+12,1.62107E+12,1.73321E+12,1.84766E+12,1.96575E+12,2.04765E+12,
Estonia,EST,"GDP, PPP (current international $)",GDPPPP,,,,8652349308,8691923919,9275894856,9719976411,11149014859,11696509484,11705259424,13184474181,14334129421,16097518741,17989106964,19787596218,22523014813,26003466995,29715835043,30525884544,27502880564,29041482805,32890578577,34642139242,36432843820,38300195487,38658832174,41548791416,44744044036,49538780936,53045342275,
Ethiopia,ETH,"GDP, PPP (current international $)",GDPPPP,19874593252,19080186650,17822571548,20642727017,21756084478,23573332414,26987866367,28313601759,27642133144,29488760481,31978926213,35393256880,36497685089,36371985955,42420726704,48911885237,55851901029,63922607129,72196432560,79150399769,90122255177,1.02289E+11,1.12533E+11,1.22434E+11,1.48486E+11,1.67119E+11,1.94651E+11,2.15094E+11,2.35352E+11,2.5999E+11,
European Union,EUU,"GDP, PPP (current international $)",GDPPPP,6.21987E+12,6.52069E+12,6.73641E+12,6.86144E+12,7.19551E+12,7.55146E+12,7.81562E+12,8.15005E+12,8.54846E+12,8.89628E+12,9.48052E+12,9.96327E+12,1.04212E+13,1.06721E+13,1.12156E+13,1.16787E+13,1.27096E+13,1.3589E+13,1.42901E+13,1.40359E+13,1.45206E+13,1.51936E+13,1.54205E+13,1.59664E+13,1.6445E+13,1.6989E+13,1.80801E+13,1.90941E+13,2.05724E+13,2.14067E+13,
Fragile and conflict affected situations,FCS,"GDP, PPP (current international $)",GDPPPP,7.69991E+11,8.34012E+11,9.0399E+11,9.47394E+11,9.69592E+11,1.01704E+12,1.07869E+12,1.16823E+12,1.26178E+12,1.31272E+12,1.38724E+12,1.47377E+12,1.51864E+12,1.51136E+12,1.77038E+12,1.96028E+12,2.16893E+12,2.37073E+12,2.56193E+12,2.68647E+12,2.8688E+12,2.91481E+12,3.2114E+12,3.39953E+12,3.52534E+12,3.44419E+12,3.4467E+12,3.64119E+12,3.8192E+12,3.97667E+12,
Finland,FIN,"GDP, PPP (current international $)",GDPPPP,90265848549,87825382131,86867337299,88336815286,93798773316,99803833600,1.02689E+11,1.11981E+11,1.21499E+11,1.27935E+11,1.38704E+11,1.44267E+11,1.48764E+11,1.5129E+11,1.62993E+11,1.68147E+11,1.81207E+11,1.99873E+11,2.12981E+11,2.02878E+11,2.09097E+11,2.20471E+11,2.21286E+11,2.2568E+11,2.28059E+11,2.32867E+11,2.46928E+11,2.62436E+11,2.83048E+11,2.93524E+11,
Fiji,FJI,"GDP, PPP (current international $)",GDPPPP,3060644161,3078715564,3340958208,3492964428,3749497608,3923821146,4187459580,4165955093,4267610755,4710198561,4733630525,4934208367,5172647993,5321396046,5754286243,5975063669,6269918031,6383577453,6574958071,6533256125,6804670601,7134734867,7646755789,8254663160,9831527181,10781765043,11020155973,11783674116,12530937582,12717393219,
France,FRA,"GDP, PPP (current international $)",GDPPPP,1.02547E+12,1.07126E+12,1.1132E+12,1.13241E+12,1.18386E+12,1.23415E+12,1.27311E+12,1.33338E+12,1.40586E+12,1.47052E+12,1.58994E+12,1.68745E+12,1.76293E+12,1.7518E+12,1.82072E+12,1.92688E+12,2.06293E+12,2.18167E+12,2.25926E+12,2.24557E+12,2.33646E+12,2.44648E+12,2.474E+12,2.60852E+12,2.66203E+12,2.7185E+12,2.86411E+12,2.99254E+12,3.22348E+12,3.41958E+12,
Faroe Islands,FRO,"GDP, PPP (current international $)",GDPPPP,,,,,,,,,,,,,,,,,,,,,,,,,,,,,,,
"Micronesia, Fed. Sts.",FSM,"GDP, PPP (current international $)",GDPPPP,170531149.7,189392357.8,201472301.2,223035499.5,226580522.8,247558203.2,244068595.8,233229361.3,242577472.6,249462030.1,267367014.9,279154083.6,285120759,294981392.3,293592427.6,308919163.4,318009716.7,320556238.5,318920730.9,324864719.6,336075697.3,354035867.5,354089774.7,347045410.6,345315038.2,365037641.1,372136778.5,389316095.4,399643917.1,,
Gabon,GAB,"GDP, PPP (current international $)",GDPPPP,11769492035,12911246819,12797413669,13617643451,14424817686,15459794348,16313554632,17547138371,18361763869,16963003476,17015659146,17760178208,17996173810,18742324018,19379622850,20518080321,20545716837,22365200622,22045903325,22242921984,24097481835,26345487004,26868451929,27463881945,28955844877,28630139365,28684983156,30986311651,32008701020,33917539948,
United Kingdom,GBR,"GDP, PPP (current international $)",GDPPPP,9.72727E+11,9.9453E+11,1.02127E+12,1.0715E+12,1.13647E+12,1.18965E+12,1.26955E+12,1.34329E+12,1.38243E+12,1.43271E+12,1.55565E+12,1.641E+12,1.72582E+12,1.80517E+12,1.91765E+12,1.9732E+12,2.11483E+12,2.18254E+12,2.26586E+12,2.18105E+12,2.2829E+12,2.3508E+12,2.44048E+12,2.56327E+12,2.66587E+12,2.76788E+12,2.89787E+12,3.03576E+12,3.23601E+12,3.33715E+12,
Georgia,GEO,"GDP, PPP (current international $)",GDPPPP,27519829491,22447430790,12650402057,9155738499,8378718944,8776820833,9938530347,11173375015,11649960738,12157256763,12657517074,13556742862,14524990238,16430841718,17850911490,20172105875,22740224101,26288412674,27447928250,26647548493,28642799807,31404963201,36640112635,39451053058,43054252353,45035492645,47930061167,50662483514,54423954244,58245087399,
Ghana,GHA,"GDP, PPP (current international $)",GDPPPP,18279898801,19896244105,21139109921,22689492608,23938741138,25445799961,27104297258,28728687625,30417594053,32214461016,34153187523,36298404713,38531824474,41288261816,44774219850,48892878543,53596271560,57428333028,63902175212,67508666326,73690444262,85797385076,98315093257,1.39946E+11,1.48486E+11,1.42514E+11,1.39277E+11,1.45509E+11,1.5839E+11,1.71926E+11,
Gibraltar,GIB,"GDP, PPP (current international $)",GDPPPP,,,,,,,,,,,,,,,,,,,,,,,,,,,,,,,
Guinea,GIN,"GDP, PPP (current international $)",GDPPPP,5608354449,5949541959,6284167853,6757550116,7175859666,7663898464,8152418248,8722708076,9142327641,9627862528,10089469458,10687978290,11417760327,11775008822,12374984422,13142923761,13698325836,15026674183,15952649475,15894612313,16854986941,18172750191,19125167503,19730520885,20122408008,20799124961,24399990226,29176885980,31740601535,34168977885,
"Gambia, The",GMB,"GDP, PPP (current international $)",GDPPPP,1487913576,1586024624,1676976703,1768417996,1808968185,1863186043,1939488921,2069607007,2166152359,2338062672,2521797590,2726583801,2679696255,2916974709,3206689019,3228813826,3308042803,3500282386,3791601188,4075170887,4366237248,4095033765,4190620610,4165986164,4102796585,4311179262,4446016237,4588632823,5040481660,5449583787,
Guinea-Bissau,GNB,"GDP, PPP (current international $)",GDPPPP,987615090.5,1073085525,1109613102,1159756909,1222426819,1302973645,1480743947,1604185817,1166391792,1195366686,1288411408,1345492468,1353309810,1386278645,1462911531,1572833648,1657852361,1757935025,1849541241,1926426825,2038736561,2249594251,2175252519,2248857564,2332574695,2774674411,3113471484,3519615667,3742357007,3990526569,
Equatorial Guinea,GNQ,"GDP, PPP (current international $)",GDPPPP,274120341.2,280493494.3,386565033.1,439384896.7,523571733,628022997.5,1065316217,2708923093,3390693734,4322400661,5223898643,8722003541,10584365244,12285432330,17410170853,20959296045,23257333797,27531778949,33063039147,33762635649,31107908524,33829572382,38742501085,37422586821,37816353966,28095292742,24861119032,28459489607,27299714816,26277981474,
Greece,GRC,"GDP, PPP (current international $)",GDPPPP,1.35408E+11,1.44327E+11,1.48649E+11,1.49736E+11,1.55993E+11,1.62608E+11,1.7091E+11,1.8284E+11,1.93324E+11,1.98712E+11,2.1098E+11,2.27712E+11,2.46559E+11,2.60875E+11,2.78692E+11,2.81028E+11,3.14201E+11,3.23551E+11,3.41818E+11,3.37448E+11,3.13312E+11,2.90297E+11,2.79267E+11,2.86169E+11,2.92336E+11,2.91031E+11,2.99854E+11,3.144E+11,3.37732E+11,3.48349E+11,
Grenada,GRD,"GDP, PPP (current international $)",GDPPPP,455559386.4,477490731.6,484215533.1,485978343.3,504761885.5,526320053.2,559744171.4,597954392.8,675756101.3,732801841.6,785803167.2,786786462.8,826703734.6,921748404.8,940435296.7,1098472404,1086498721,1184003537,1218471126,1146564909,1153994997,1187113040,1199574282,1285879277,1420279858,1551090813,1656762122,1798099078,1918176733,1992859147,
Greenland,GRL,"GDP, PPP (current international $)",GDPPPP,,,,,,,,,,,,,,,,,,,,,,,,,,,,,,,
Guatemala,GTM,"GDP, PPP (current international $)",GDPPPP,30575241984,32765565923,35133699999,37378552660,39716676772,42556078181,44617055686,47367132713,50292172243,52980997826,56120131739,58688841913,61922332928,64668517786,68502814173,72939470892,79189496965,86442999154,91015862226,92192154184,95942692367,1.02023E+11,1.08206E+11,1.12026E+11,1.18754E+11,1.27566E+11,1.30131E+11,1.33805E+11,1.41471E+11,1.49763E+11,
Guam,GUM,"GDP, PPP (current international $)",GDPPPP,,,,,,,,,,,,,,,,,,,,,,,,,,,,,,,
Guyana,GUY,"GDP, PPP (current international $)",GDPPPP,2268175761,2486929611,2740934387,3035258030,3364583571,3607970102,3966321499,4284088719,4259563050,4448972789,4486396792,4689314124,4817440509,4875882266,5085430766,5141533928,5568849201,6129672940,6358582072,6638448256,6993732490,7510831415,7916300208,8369731951,8360291166,8593946181,8713910376,9306806134,9956901899,10693585696,
High income,HIC,"GDP, PPP (current international $)",GDPPPP,1.85292E+13,1.94822E+13,2.03804E+13,2.11628E+13,2.23411E+13,2.34915E+13,2.46874E+13,2.59802E+13,2.70276E+13,2.8297E+13,3.02712E+13,3.14672E+13,3.27101E+13,3.4038E+13,3.6204E+13,3.82478E+13,4.10476E+13,4.3427E+13,4.49448E+13,4.4112E+13,4.60586E+13,4.8188E+13,4.98101E+13,5.17327E+13,5.34276E+13,5.46643E+13,5.65641E+13,5.92967E+13,6.29869E+13,6.52419E+13,
"Hong Kong SAR, China",HKG,"GDP, PPP (current international $)",GDPPPP,1.04222E+11,1.1389E+11,1.23748E+11,1.34536E+11,1.45703E+11,1.52289E+11,1.61682E+11,1.72858E+11,1.6452E+11,1.71079E+11,1.88307E+11,1.93517E+11,1.99835E+11,2.09767E+11,2.34155E+11,2.59288E+11,2.85921E+11,3.12582E+11,3.25443E+11,3.1986E+11,3.45487E+11,3.69685E+11,3.73483E+11,3.85448E+11,3.96044E+11,4.11294E+11,4.19811E+11,4.42388E+11,4.66068E+11,4.69182E+11,
Honduras,HND,"GDP, PPP (current international $)",GDPPPP,10168938113,10163873611,11026889140,12021393273,12304113263,13339616988,13837993300,14723868834,15424159924,15531748233,17036736965,17884544594,18849502623,20072566940,21897625327,23945932321,26290762653,28667668913,30461990353,29947848188,31427232362,33314349144,34844289142,36445584467,39875503508,43955139193,47719049298,52444135530,55707620735,58295920224,
Heavily indebted poor countries (HIPC),HPC,"GDP, PPP (current international $)",GDPPPP,3.58313E+11,3.7349E+11,3.80208E+11,3.93598E+11,4.02664E+11,4.31906E+11,4.62819E+11,4.90717E+11,5.13489E+11,5.38298E+11,5.65696E+11,6.03638E+11,6.34546E+11,6.76277E+11,7.32794E+11,8.0184E+11,8.78343E+11,9.60515E+11,1.03891E+12,1.09509E+12,1.174E+12,1.25536E+12,1.32233E+12,1.44828E+12,1.57923E+12,1.6977E+12,1.76959E+12,1.88169E+12,2.00863E+12,2.135E+12,
Croatia,HRV,"GDP, PPP (current international $)",GDPPPP,,,,,,36940735427,39758796190,42932896317,44512699021,44528562734,47307816903,49665113363,54408853260,58310171926,62559845878,65947858417,75104731453,83267880181,89507453401,86145069841,85112176300,89055724751,90339300421,92861349145,93502002544,96704335181,1.03842E+11,1.10891E+11,1.2041E+11,1.26625E+11,
Haiti,HTI,"GDP, PPP (current international $)",GDPPPP,14468971471,15239573820,14759217418,14289050757,12850080222,14418056904,15290006631,15974348301,16506600458,17198752286,17736210477,18064657162,18520045311,19497694428,19775696548,21129391024,22148580072,24010397194,25084054565,26870883750,26149570845,28338730487,28317570997,29872706670,30562742046,31053001979,32798870135,32738003150,34094815564,34172312015,
Hungary,HUN,"GDP, PPP (current international $)",GDPPPP,,86153044159,85416346115,86936351391,91409628025,94716455205,96196504213,1.01067E+11,1.06749E+11,1.11315E+11,1.21085E+11,1.34615E+11,1.47568E+11,1.56657E+11,1.64042E+11,1.72222E+11,1.84681E+11,1.91473E+11,2.07758E+11,2.07359E+11,2.17167E+11,2.29348E+11,2.30214E+11,2.42367E+11,2.53001E+11,2.63571E+11,2.73926E+11,2.89325E+11,3.20971E+11,3.41619E+11,
IBRD only,IBD,"GDP, PPP (current international $)",GDPPPP,1.0144E+13,1.06997E+13,1.11785E+13,1.17974E+13,1.24366E+13,1.3255E+13,1.4231E+13,1.51982E+13,1.5526E+13,1.63472E+13,1.76725E+13,1.87369E+13,1.98905E+13,2.1476E+13,2.37955E+13,2.63382E+13,2.9711E+13,3.31949E+13,3.62058E+13,3.76682E+13,4.10515E+13,4.4646E+13,4.78668E+13,5.06083E+13,5.26195E+13,5.35495E+13,5.5977E+13,5.94491E+13,6.40106E+13,6.76774E+13,
IDA & IBRD total,IBT,"GDP, PPP (current international $)",GDPPPP,1.12373E+13,1.1851E+13,1.23811E+13,1.30401E+13,1.37171E+13,1.461E+13,1.56772E+13,1.67171E+13,1.71117E+13,1.80099E+13,1.94433E+13,2.06319E+13,2.19159E+13,2.36501E+13,2.61808E+13,2.89566E+13,3.25826E+13,3.63356E+13,3.95752E+13,4.12393E+13,4.48784E+13,4.87271E+13,5.21672E+13,5.52473E+13,5.76142E+13,5.88099E+13,6.14383E+13,6.52366E+13,7.02269E+13,7.42601E+13,
IDA total,IDA,"GDP, PPP (current international $)",GDPPPP,1.11347E+12,1.1723E+12,1.22458E+12,1.26407E+12,1.3014E+12,1.3767E+12,1.46891E+12,1.54162E+12,1.61102E+12,1.68892E+12,1.79736E+12,1.92412E+12,2.05725E+12,2.2078E+12,2.42148E+12,2.65723E+12,2.91099E+12,3.18113E+12,3.41046E+12,3.61698E+12,3.87391E+12,4.12837E+12,4.34844E+12,4.69307E+12,5.06053E+12,5.33719E+12,5.53942E+12,5.86974E+12,6.30386E+12,6.6759E+12,
IDA blend,IDB,"GDP, PPP (current international $)",GDPPPP,5.50724E+11,5.82182E+11,6.156E+11,6.29245E+11,6.49683E+11,6.7942E+11,7.23509E+11,7.50525E+11,7.79762E+11,8.09955E+11,8.60244E+11,9.16788E+11,9.91454E+11,1.06331E+12,1.17484E+12,1.28513E+12,1.40154E+12,1.52109E+12,1.61145E+12,1.71251E+12,1.82678E+12,1.9496E+12,2.03234E+12,2.16211E+12,2.31726E+12,2.40578E+12,2.45443E+12,2.56981E+12,2.73873E+12,2.85285E+12,
Indonesia,IDN,"GDP, PPP (current international $)",GDPPPP,5.59131E+11,6.17993E+11,6.73146E+11,7.33861E+11,8.06047E+11,8.90594E+11,9.77805E+11,1.04141E+12,9.14893E+11,9.35445E+11,1.00341E+12,1.06278E+12,1.12817E+12,1.20405E+12,1.29867E+12,1.41535E+12,1.5384E+12,1.67996E+12,1.81563E+12,1.91415E+12,2.05698E+12,2.22951E+12,2.41344E+12,2.53504E+12,2.62225E+12,2.64771E+12,2.7449E+12,2.89413E+12,3.11789E+12,3.33814E+12,
IDA only,IDX,"GDP, PPP (current international $)",GDPPPP,5.56145E+11,5.82767E+11,5.99999E+11,6.26607E+11,6.42992E+11,6.8919E+11,7.36965E+11,7.83489E+11,8.2396E+11,8.72377E+11,9.30358E+11,1.00064E+12,1.05717E+12,1.1353E+12,1.23564E+12,1.36046E+12,1.49738E+12,1.64799E+12,1.78815E+12,1.89263E+12,2.03512E+12,2.16572E+12,2.30433E+12,2.52117E+12,2.73466E+12,2.92754E+12,3.08707E+12,3.30654E+12,3.57525E+12,3.84058E+12,
Isle of Man,IMN,"GDP, PPP (current international $)",GDPPPP,,,,,,,,,,,,,,,,,,,,,,,,,,,,,,,
India,IND,"GDP, PPP (current international $)",GDPPPP,1.04939E+12,1.09634E+12,1.1828E+12,1.26835E+12,1.3817E+12,1.51752E+12,1.66197E+12,1.7591E+12,1.88891E+12,2.08568E+12,2.21421E+12,2.37193E+12,2.50111E+12,2.7478E+12,3.04534E+12,3.38902E+12,3.77302E+12,4.17119E+12,4.38358E+12,4.76425E+12,5.22933E+12,5.61838E+12,6.15316E+12,6.47752E+12,6.78102E+12,7.1598E+12,7.735E+12,8.28094E+12,9.00176E+12,9.56022E+12,
Not classified,INX,"GDP, PPP (current international $)",GDPPPP,,,,,,,,,,,,,,,,,,,,,,,,,,,,,,,
Ireland,IRL,"GDP, PPP (current international $)",GDPPPP,48233943874,50827336930,53723682045,56477341617,61003508075,68283213517,74405183502,83109921652,93035892280,1.01361E+11,1.14866E+11,1.25833E+11,1.38452E+11,1.44836E+11,1.57407E+11,1.68218E+11,1.88857E+11,2.05642E+11,1.98814E+11,1.8887E+11,1.97599E+11,2.05441E+11,2.12759E+11,2.21468E+11,2.37861E+11,3.24612E+11,3.42046E+11,3.75224E+11,4.22486E+11,4.43167E+11,
"Iran, Islamic Rep.",IRN,"GDP, PPP (current international $)",GDPPPP,4.06818E+11,4.72657E+11,4.97133E+11,5.14204E+11,5.17246E+11,5.40146E+11,5.78491E+11,5.91303E+11,6.10981E+11,6.25104E+11,6.76516E+11,6.96738E+11,7.59181E+11,8.40823E+11,9.01232E+11,9.58948E+11,1.03736E+12,1.15211E+12,1.17746E+12,1.19839E+12,1.28265E+12,1.34409E+12,1.20487E+12,1.16817E+12,1.18025E+12,1.06659E+12,1.11481E+12,1.17267E+12,1.12885E+12,1.0727E+12,
Iraq,IRQ,"GDP, PPP (current international $)",GDPPPP,,47841898378,64880246417,86535172515,91789777590,95701221053,1.08194E+11,1.33434E+11,1.8197E+11,2.17054E+11,2.25027E+11,2.35264E+11,2.22495E+11,1.51612E+11,2.40013E+11,2.58381E+11,2.93241E+11,3.05266E+11,3.3681E+11,3.50847E+11,3.7766E+11,4.14644E+11,4.83131E+11,5.1513E+11,4.90957E+11,3.69659E+11,3.62371E+11,4.12028E+11,4.19686E+11,4.46665E+11,
Iceland,ISL,"GDP, PPP (current international $)",GDPPPP,5597321831,5773675034,5706014875,5917927680,6262427956,6401194452,6657039792,7294393490,7861733060,8189172050,8357232600,9055033977,9351404883,9444718531,10401049204,11048355862,11872473369,12820951756,13749851535,13353902858,12597717999,13005318870,13446448574,14296625702,14966383106,16157415211,17788597247,18981156544,20791221950,21726637459,
Israel,ISR,"GDP, PPP (current international $)",GDPPPP,70874111577,78931929735,86994834598,92722194676,1.01736E+11,1.10343E+11,1.18029E+11,1.24925E+11,1.31635E+11,1.38333E+11,1.56786E+11,1.60447E+11,1.65727E+11,1.59338E+11,1.71642E+11,1.72084E+11,1.81181E+11,1.97327E+11,2.00503E+11,2.05756E+11,2.19751E+11,2.37167E+11,2.50715E+11,2.75197E+11,2.81083E+11,2.96979E+11,3.23333E+11,3.40018E+11,3.68366E+11,3.88367E+11,
Italy,ITA,"GDP, PPP (current international $)",GDPPPP,1.05456E+12,1.10699E+12,1.14167E+12,1.15875E+12,1.20895E+12,1.26993E+12,1.30792E+12,1.35783E+12,1.42381E+12,1.45719E+12,1.54223E+12,1.59789E+12,1.63968E+12,1.67164E+12,1.70346E+12,1.74666E+12,1.88446E+12,1.99273E+12,2.08972E+12,2.04638E+12,2.08569E+12,2.17317E+12,2.17238E+12,2.18738E+12,2.20026E+12,2.24092E+12,2.42067E+12,2.52522E+12,2.68707E+12,2.75695E+12,
Jamaica,JAM,"GDP, PPP (current international $)",GDPPPP,11533097219,12499987322,13034863769,14600285785,15118349061,15798079551,16069050927,16159722979,15960100464,16360156939,16872854998,17474853986,18105809167,19118195450,19892783423,20695771854,21940221748,22852210775,23107608374,22274033603,22203226227,23059255171,23269052381,24133311549,24565823799,25415826989,26718138075,28035430606,29275762877,30053192134,
Jordan,JOR,"GDP, PPP (current international $)",GDPPPP,15650418256,16439932201,19227438399,20566163932,22049604608,23907885200,24853744553,26118779702,27208349641,28536735316,30413339132,32718358485,35158185316,37301445394,41587409198,46376323639,51646570670,57370086835,62715905442,66368704575,68696293738,72050912827,74340200697,79416620118,81884118517,87705169048,90248991291,97893384071,1.02218E+11,1.0624E+11,
Japan,JPN,"GDP, PPP (current international $)",GDPPPP,2.41653E+12,2.58363E+12,2.66492E+12,2.71393E+12,2.79941E+12,2.93648E+12,3.08295E+12,3.16985E+12,3.16936E+12,3.20702E+12,3.4043E+12,3.49311E+12,3.58886E+12,3.6942E+12,3.8773E+12,4.04573E+12,4.23071E+12,4.41623E+12,4.45643E+12,4.25098E+12,4.48078E+12,4.57319E+12,4.7467E+12,4.96705E+12,4.98657E+12,5.13504E+12,5.07524E+12,5.21007E+12,5.41684E+12,5.50433E+12,
Kazakhstan,KAZ,"GDP, PPP (current international $)",GDPPPP,1.35211E+11,1.24407E+11,1.20498E+11,1.12005E+11,99982546321,93708532659,95901486625,99213641682,98424035546,1.02541E+11,1.15107E+11,1.33512E+11,1.48915E+11,1.65787E+11,1.86594E+11,2.1107E+11,2.40725E+11,2.69192E+11,2.83484E+11,2.89073E+11,3.13789E+11,3.44049E+11,3.69966E+11,4.17452E+11,4.27478E+11,4.07416E+11,4.23833E+11,4.48473E+11,4.78233E+11,5.09458E+11,
Kenya,KEN,"GDP, PPP (current international $)",GDPPPP,35028645239,36734100246,37270856969,38288666587,40135858576,42782994533,45372991465,46374592123,48439544265,50271759077,51703788260,54835094418,56007069847,58720068892,63378878337,69213282889,75923212949,83303737625,85121369079,88606663759,97173951008,1.05263E+11,1.12204E+11,1.25972E+11,1.41101E+11,1.60966E+11,1.78316E+11,2.03207E+11,2.21309E+11,2.37712E+11,
Kyrgyz Republic,KGZ,"GDP, PPP (current international $)",GDPPPP,11181454193,10641298972,9377721219,8115824786,6624243781,6396322166,6974885669,7798663093,8053775873,8468736635,9129340048,9826070515,9979766408,10879736519,11957722708,12308557480,13074519435,14572681430,16104295065,16695427086,16810323179,18183659161,20287689142,23123731106,24986584384,25107317901,28459201788,31280403475,33246519089,35419714490,
Cambodia,KHM,"GDP, PPP (current international $)",GDPPPP,,,,11267445521,7502253244,8418125259,9077813464,9604335894,10167135113,11624352502,13157248092,14447101551,15641120651,17286715656,19587772828,22874162702,26104736362,29543563154,32133608685,32406650491,34739220892,37972104979,42401242882,45764054823,48654438003,52598070985,57941724641,62890960722,69234847529,75558093198,
Kiribati,KIR,"GDP, PPP (current international $)",GDPPPP,91329588.97,94418132.52,97416939.08,100592193.5,104511600.9,106703032.8,110498438.9,114277261.7,123141408.5,122997492.6,133606262,134528921.2,141832677.2,147365114.9,148866744.9,161104803.8,165898344.4,173821467.7,173496445.4,176222458.5,176628828.1,183193721.9,195507202.4,207322984.1,209684581,233914133.8,248472521.8,255409849.8,267683591.2,279014514,
St. Kitts and Nevis,KNA,"GDP, PPP (current international $)",GDPPPP,376839277.7,382318548.4,407724259,445774664.5,479432031.6,515834583.5,555970914.4,604151518.6,607977587.2,636614418.5,715826549.6,770369443.5,793257983.2,776208120.1,828960379.9,937976419,996799847.1,1029724332,1114015534,1077070309,1082981619,1125819318,1071905768,1114937810,1216092178,1224877737,1286871210,1319637697,1391309436,1458648204,
"Korea, Rep.",KOR,"GDP, PPP (current international $)",GDPPPP,3.58069E+11,4.10076E+11,4.4542E+11,4.87333E+11,5.43873E+11,6.08664E+11,6.68716E+11,7.22222E+11,6.92888E+11,7.83493E+11,8.71501E+11,9.33833E+11,1.01945E+12,1.05768E+12,1.14261E+12,1.21362E+12,1.30178E+12,1.41428E+12,1.469E+12,1.45605E+12,1.57326E+12,1.62528E+12,1.68456E+12,1.7269E+12,1.7926E+12,1.93359E+12,2.02697E+12,2.11152E+12,2.2541E+12,2.27578E+12,
Kuwait,KWT,"GDP, PPP (current international $)",GDPPPP,,,59177765810,81171228202,89898505784,96242636764,98597923212,1.02779E+11,1.07742E+11,1.07342E+11,1.14894E+11,1.17664E+11,1.23128E+11,1.47144E+11,1.66579E+11,1.89991E+11,2.1045E+11,2.29051E+11,2.39297E+11,2.24059E+11,2.21298E+11,2.47673E+11,2.76884E+11,2.75264E+11,2.5867E+11,1.81157E+11,1.76814E+11,2.06275E+11,2.13933E+11,2.1902E+11,
Latin America & Caribbean (excluding high income),LAC,"GDP, PPP (current international $)",GDPPPP,2.60558E+12,2.79433E+12,2.93495E+12,3.06841E+12,3.2813E+12,3.38598E+12,3.56845E+12,3.81715E+12,3.9448E+12,3.99924E+12,4.23935E+12,4.35527E+12,4.4323E+12,4.60113E+12,5.01288E+12,5.40139E+12,5.90411E+12,6.4034E+12,6.83303E+12,6.80371E+12,7.3019E+12,7.85947E+12,8.09435E+12,8.45152E+12,8.72275E+12,8.67782E+12,8.90133E+12,9.36753E+12,9.74301E+12,1.00917E+13,
Lao PDR,LAO,"GDP, PPP (current international $)",GDPPPP,4368170315,4709919300,5085086519,5513348533,6090520217,6655447585,7246864921,7878428039,8283204712,9016737929,9752854228,10540006231,11340427711,12251831520,13381581513,14779141492,16538791520,18273244310,20086359308,21757808474,23888227744,26347634541,31202113958,34600073064,39000303252,41582719416,46849968684,50463792572,54922855200,58593991912,
Lebanon,LBN,"GDP, PPP (current international $)",GDPPPP,10761643584,16626881866,19801264359,22452657411,24790809421,26942878663,30532644229,31386810040,32903578469,33203208481,34400962174,36505377356,38352205920,40325090855,44176734473,46776262346,48938547057,54932056162,61079319349,67842333339,74106430636,76310623816,82065263275,88557943342,94101077691,98432919650,1.03936E+11,1.09026E+11,1.0953E+11,1.04176E+11,
Liberia,LBR,"GDP, PPP (current international $)",GDPPPP,,,,,,,,,,,2829657673,2976170338,3137011611,2232050856,2352193039,2553556314,2842453826,3197126772,3492215619,3705355946,3977186654,4393239184,4855466758,5689798756,6024575446,5778552811,6325435787,7126900130,7389764052,7361642885,
Libya,LBY,"GDP, PPP (current international $)",GDPPPP,,,,,,,,,,91205951591,96675513749,97054365512,97644210418,1.12403E+11,1.20579E+11,1.39095E+11,1.52619E+11,1.66674E+11,1.74449E+11,1.7439E+11,1.8528E+11,71733711997,1.52651E+11,1.2558E+11,90996326485,78431959499,72119611548,87115614621,1.02742E+11,1.07393E+11,
St. Lucia,LCA,"GDP, PPP (current international $)",GDPPPP,941928237.3,977440233.8,1079223305,1111236280,1153108488,1197868867,1255452008,1268236167,1363135073,1419745599,1452191226,1433466789,1462204942,1552874876,1710573591,1756619783,1921899139,2006911255,2147208891,2102372686,2160982672,2327094348,2310594135,2394488505,2453549037,2427466022,2572784244,2704505166,2843510284,2948844050,
Latin America & Caribbean,LCN,"GDP, PPP (current international $)",GDPPPP,2.77159E+12,2.97433E+12,3.13417E+12,3.28323E+12,3.51269E+12,3.63678E+12,3.83869E+12,4.11022E+12,4.25592E+12,4.32074E+12,4.5807E+12,4.71449E+12,4.80282E+12,4.99027E+12,5.4413E+12,5.86012E+12,6.43117E+12,6.96932E+12,7.40717E+12,7.37409E+12,7.92118E+12,8.53524E+12,8.80382E+12,9.19611E+12,9.49198E+12,9.4602E+12,9.71605E+12,1.02241E+13,1.06353E+13,1.10335E+13,
Least developed countries: UN classification,LDC,"GDP, PPP (current international $)",GDPPPP,4.55986E+11,4.80239E+11,4.96379E+11,5.10429E+11,5.265E+11,5.69015E+11,6.1251E+11,6.52529E+11,6.86415E+11,7.27306E+11,7.77205E+11,8.37428E+11,8.93506E+11,9.60654E+11,1.05132E+12,1.16968E+12,1.29539E+12,1.43804E+12,1.56799E+12,1.66039E+12,1.78664E+12,1.89578E+12,2.02E+12,2.17525E+12,2.36402E+12,2.48611E+12,2.61861E+12,2.80921E+12,3.02206E+12,3.23503E+12,
Low income,LIC,"GDP, PPP (current international $)",GDPPPP,2.96964E+11,3.08871E+11,3.08444E+11,3.16802E+11,3.22712E+11,3.45112E+11,3.68686E+11,3.928E+11,4.10977E+11,4.31467E+11,4.55415E+11,4.89828E+11,5.17256E+11,5.53943E+11,6.00713E+11,6.62573E+11,7.2758E+11,8.03915E+11,8.72502E+11,9.24948E+11,9.97753E+11,1.03858E+12,1.05899E+12,1.1371E+12,1.2523E+12,1.3389E+12,1.39361E+12,1.47389E+12,1.56957E+12,1.66923E+12,
Liechtenstein,LIE,"GDP, PPP (current international $)",GDPPPP,,,,,,,,,,,,,,,,,,,,,,,,,,,,,,,
Sri Lanka,LKA,"GDP, PPP (current international $)",GDPPPP,39966574541,43218775909,46148650808,50501772447,54468624524,58669377753,62013870587,67123965353,71068723438,75195282933,81488854988,81989294205,86588197089,93435315262,1.01175E+11,1.10839E+11,1.2295E+11,1.34834E+11,1.45635E+11,1.51938E+11,1.6603E+11,1.83744E+11,2.10688E+11,2.2339E+11,2.33895E+11,2.42361E+11,2.5919E+11,2.69854E+11,2.85567E+11,2.9776E+11,
Lower middle income,LMC,"GDP, PPP (current international $)",GDPPPP,3.08358E+12,3.19634E+12,3.34537E+12,3.45117E+12,3.59129E+12,3.82381E+12,4.10502E+12,4.32163E+12,4.56751E+12,4.89482E+12,5.21925E+12,5.57696E+12,5.91541E+12,6.41937E+12,7.07016E+12,7.77831E+12,8.57209E+12,9.40934E+12,9.98862E+12,1.05686E+13,1.14198E+13,1.22192E+13,1.3281E+13,1.4094E+13,1.47591E+13,1.54454E+13,1.6351E+13,1.73686E+13,1.875E+13,1.98978E+13,
Low & middle income,LMY,"GDP, PPP (current international $)",GDPPPP,1.07917E+13,1.14175E+13,1.19293E+13,1.25592E+13,1.31996E+13,1.40445E+13,1.50672E+13,1.60694E+13,1.64312E+13,1.73071E+13,1.87025E+13,1.98527E+13,2.10905E+13,2.27872E+13,2.52288E+13,2.7953E+13,3.14327E+13,3.50527E+13,3.81744E+13,3.98194E+13,4.33543E+13,4.70784E+13,5.04507E+13,5.34602E+13,5.57632E+13,5.68799E+13,5.93744E+13,6.30126E+13,6.78141E+13,7.1672E+13,
Lesotho,LSO,"GDP, PPP (current international $)",GDPPPP,1385558711,1532205641,1676138013,1776072764,1922473461,2027378517,2180051271,2299776617,2361421731,2406919279,2556091906,2705192023,2767872630,2947827292,3078420423,3284336967,3526862617,3796634790,4131336930,4252512417,4337549338,4665291216,4743502562,5318648250,5868106503,6370015346,6355787871,5820641497,5935442113,6001953371,
Late-demographic dividend,LTE,"GDP, PPP (current international $)",GDPPPP,5.29851E+12,5.54781E+12,5.72721E+12,6.12837E+12,6.54831E+12,7.07039E+12,7.57459E+12,8.11201E+12,8.40896E+12,8.90545E+12,9.75116E+12,1.04805E+13,1.13234E+13,1.23828E+13,1.37594E+13,1.53374E+13,1.75686E+13,1.9885E+13,2.20353E+13,2.30318E+13,2.51941E+13,2.76873E+13,2.97342E+13,3.15686E+13,3.28532E+13,3.31121E+13,3.43506E+13,3.64783E+13,3.96332E+13,4.2196E+13,
Lithuania,LTU,"GDP, PPP (current international $)",GDPPPP,,,,,,21470181894,22941745256,25265828814,27550708815,27562071463,29569558410,32765056496,36085824638,41171180661,43968080331,48211642534,53828557682,61625430415,66270586755,57343843274,62292838525,69297881709,73809005494,79034122256,82647216574,83761417312,88700533710,95797278557,1.0504E+11,1.11519E+11,
Luxembourg,LUX,"GDP, PPP (current international $)",GDPPPP,11317652222,12711784079,13238060628,14120964077,14973579474,16182060340,17105363455,17967425412,18854736711,21794057204,24155877363,24679312274,26222378150,27117654368,29344132387,31733108754,36831661434,40300682791,42362971851,40978429441,43438665761,47690524462,48646428611,51940075107,56353766041,59081030478,64406173773,67187250624,73152143778,77233180569,
Latvia,LVA,"GDP, PPP (current international $)",GDPPPP,,,,,,13670426019,14224148889,15762277634,17016870479,17683854762,19019251562,21120022985,23260398832,25232511397,27699877648,31069298714,35048822787,40013894209,42500519510,36356726011,37035505123,40945372774,43549724123,45914345115,47459606719,49361752842,52339434716,55823072703,61229095363,63161816357,
"Macao SAR, China",MAC,"GDP, PPP (current international $)",GDPPPP,9311014594,9978091254,11562697950,12450588975,13257196881,13981393933,14177701720,14381866273,13879010226,13747240782,14862289983,15627028668,17294496888,19668413436,25601993713,28527148433,33303529406,39138977081,41254444699,42118204704,53373511217,66297551189,75311301170,88690020681,90948517198,70510287446,70903935831,79017384059,85347565433,82906286640,
St. Martin (French part),MAF,"GDP, PPP (current international $)",GDPPPP,,,,,,,,,,,,,,,,,,,,,,,,,,,,,,,
Morocco,MAR,"GDP, PPP (current international $)",GDPPPP,63790009520,70706042171,70800338634,71941032547,81257017166,78476434767,89800943966,89923770133,97518322139,99996017345,1.04187E+11,1.14266E+11,1.19697E+11,1.29187E+11,1.39029E+11,1.48079E+11,1.64116E+11,1.74476E+11,1.88406E+11,1.97898E+11,2.07843E+11,2.23316E+11,2.26124E+11,2.3667E+11,2.29402E+11,2.47207E+11,2.53685E+11,2.64213E+11,2.79171E+11,2.91655E+11,
Monaco,MCO,"GDP, PPP (current international $)",GDPPPP,,,,,,,,,,,,,,,,,,,,,,,,,,,,,,,
Moldova,MDA,"GDP, PPP (current international $)",GDPPPP,,,,,,9406862520,9016135303,9322671040,8810827935,8636983076,9016173228,9775986405,10705207615,11623678408,12819921775,14210699087,15343499608,16228338904,17834433607,16892170694,18302326301,19771747984,21054653399,23960618216,25218452233,26233146017,29732362697,32101220496,34297670652,36215582859,
Madagascar,MDG,"GDP, PPP (current international $)",GDPPPP,14068918370,13627455222,14102604332,14739894891,15048309270,15621743278,16250468373,17141249800,18013170750,19131946840,20431382028,22128174207,19689102227,22017083017,23798429157,25706808361,27914530400,30301291080,32964271662,31894023839,32465467745,33666789094,34211243846,35256755127,36701697717,37486186736,39996977188,40514543473,43395930857,46384673275,
Maldives,MDV,"GDP, PPP (current international $)",GDPPPP,,,,,,1570177743,1724582302,1901647670,2067177687,2226528636,2363844377,2320427418,2528456474,2929532795,3189921611,2857433736,3712603229,4106412500,4583370939,4284461795,4649285283,5153016195,5438384434,6140033357,6957268399,7628373702,8279143211,8964243526,9929050141,10829048854,
Middle East & North Africa,MEA,"GDP, PPP (current international $)",GDPPPP,1.97148E+12,2.21628E+12,2.37013E+12,2.48593E+12,2.59342E+12,2.71813E+12,2.89725E+12,3.04391E+12,3.22686E+12,3.33323E+12,3.60251E+12,3.72961E+12,3.85408E+12,4.12634E+12,4.57995E+12,4.94857E+12,5.3871E+12,5.81439E+12,6.19306E+12,6.28796E+12,6.67946E+12,7.05544E+12,7.43517E+12,7.53494E+12,7.55211E+12,6.93798E+12,6.91349E+12,7.31754E+12,7.59203E+12,7.79039E+12,
Mexico,MEX,"GDP, PPP (current international $)",GDPPPP,6.78415E+11,7.3198E+11,7.78108E+11,7.58247E+11,8.12704E+11,7.77544E+11,8.45411E+11,9.18871E+11,9.77197E+11,1.0186E+12,1.09678E+12,1.11631E+12,1.1376E+12,1.18362E+12,1.26314E+12,1.34178E+12,1.48521E+12,1.56005E+12,1.6539E+12,1.63728E+12,1.74113E+12,1.91132E+12,2.01277E+12,2.06449E+12,2.17323E+12,2.23019E+12,2.38325E+12,2.46883E+12,2.56783E+12,2.67195E+12,
Marshall Islands,MHL,"GDP, PPP (current international $)",GDPPPP,94470651.77,97751224.47,107118234.2,116242378.7,125702867.9,138879395.3,126851650.8,120721652,121080115.8,121286594.7,125676953.6,137200551.5,144585247,144890639.7,150203847.1,158421351.3,164306045.4,173391814.5,164827438.9,168481932.2,183322966.6,185737266.3,184812388.4,195046900.9,196787644.6,202001184.9,206759246.6,219199428.9,232678119.5,,
Middle income,MIC,"GDP, PPP (current international $)",GDPPPP,1.05174E+13,1.11312E+13,1.16404E+13,1.22608E+13,1.28935E+13,1.37176E+13,1.47176E+13,1.56969E+13,1.60434E+13,1.68997E+13,1.82701E+13,1.93891E+13,2.06003E+13,2.22613E+13,2.46562E+13,2.73209E+13,3.07353E+13,3.42807E+13,3.73359E+13,3.8933E+13,4.23966E+13,4.60742E+13,4.94178E+13,5.23537E+13,5.45615E+13,5.561E+13,5.80516E+13,6.16124E+13,6.6319E+13,7.00845E+13,
North Macedonia,MKD,"GDP, PPP (current international $)",GDPPPP,11031760814,10701062574,10226373587,9686732044,9719634875,9812819893,10110917107,10433374803,10936739234,11547032877,12471130551,12316109051,12919308130,13353765097,14565281740,15987118751,17706339876,19085982030,21537169020,22594405898,23364814443,24064126928,24558847058,26269620760,27776159301,28751821737,31373289894,32687116946,35822388832,37726824641,
Mali,MLI,"GDP, PPP (current international $)",GDPPPP,6795631666,7850595962,7771061223,8207531114,8699657035,8963880056,9772064366,10420605652,11335785830,12155029601,12419192367,14643088590,15336761818,17046118533,17778114534,19529841176,21058925957,22380109063,23904445314,25244364356,26895625108,28339693401,28185271180,29823029629,32434173881,35447022304,39326484634,41593677731,44629230364,47657571435,
Malta,MLT,"GDP, PPP (current international $)",GDPPPP,3573976373,3926006864,4203840275,4496267439,4851794318,5267705451,5556202663,5927865906,6249264503,6564681104,7163358067,7278307162,7760931368,8333537832,8638285318,9008196234,9439548068,10179797566,10858151982,11000413810,11914908229,12060614186,12703321709,13756978576,14924508462,16669491457,18075538178,19908554074,22067356296,23915323452,
Myanmar,MMR,"GDP, PPP (current international $)",GDPPPP,17581265616,18057566098,20253368820,21985392578,24134029354,26352084606,28563476259,30698147477,32864748738,36988275508,43013181681,48943084080,55696001981,64584074847,75319280591,88203816517,1.02756E+11,1.18169E+11,1.32822E+11,1.47954E+11,1.64098E+11,1.76894E+11,1.91626E+11,2.08256E+11,2.21974E+11,2.32667E+11,2.3828E+11,2.53029E+11,2.76689E+11,2.90208E+11,
Middle East & North Africa (excluding high income),MNA,"GDP, PPP (current international $)",GDPPPP,1.08495E+12,1.19754E+12,1.28174E+12,1.34836E+12,1.39674E+12,1.46533E+12,1.58038E+12,1.66316E+12,1.79632E+12,1.9034E+12,2.03589E+12,2.12831E+12,2.23396E+12,2.33578E+12,2.58896E+12,2.79104E+12,3.035E+12,3.30615E+12,3.49398E+12,3.61186E+12,3.8453E+12,3.89955E+12,4.07641E+12,4.11189E+12,4.06936E+12,3.88947E+12,3.93367E+12,4.11645E+12,4.23269E+12,4.33214E+12,
Montenegro,MNE,"GDP, PPP (current international $)",GDPPPP,,,,,,,,,,,3632363562,4113965329,4329960671,4489957666,4806086515,5106756308,6423786969,7664086895,8524367613,8057427432,8453006972,8974047140,8603990805,9237454814,9557956314,10161592231,11325497838,12288825201,13830431125,14953625899,
Mongolia,MNG,"GDP, PPP (current international $)",GDPPPP,7309392733,6899644002,6403662838,6347657118,6621580015,7191496829,7486855196,7912729917,8269043996,8645988584,8940570944,9406455278,10007490708,10907345508,12391145512,13703932274,15326665411,17351254393,19263123792,19163741462,20621063954,24691841190,28889684312,30402499579,32506744921,32284592102,32833404463,35222426053,38695061241,41481570829,
Northern Mariana Islands,MNP,"GDP, PPP (current international $)",GDPPPP,,,,,,,,,,,,,,,,,,,,,,,,,,,,,,,
Mozambique,MOZ,"GDP, PPP (current international $)",GDPPPP,3785681591,4106471680,3942813026,4464010280,4857213159,5071123454,5742472857,6501646963,7227786696,8189894074,8471803374,9704062444,10773428516,11728317237,12997525992,14293102075,16153199280,17869261493,19549906101,20943562994,22565301062,24745386724,25745855747,27733011810,29941333846,34918471458,37950978490,36775580596,38968768509,40632691531,
Mauritania,MRT,"GDP, PPP (current international $)",GDPPPP,5368687382,5649486467,5886524441,6379937666,6316730876,7082478872,7631824404,7449419839,7742523963,8142813638,7998674605,8108767980,8350822714,9095217499,9782123426,10950897843,13350699882,13439342117,13655394672,13772963799,14298541792,15206335118,15797573507,17107165464,16883392127,16995094117,19569042827,21743465320,22744272997,24561215776,
Mauritius,MUS,"GDP, PPP (current international $)",GDPPPP,5237260909,5654523849,6160039719,6626462620,7047895302,7504209481,8068615326,8674563721,9304840302,9685634617,10714407616,11315956444,11680582117,12602481621,13502148250,14170214944,15309357186,16620931047,17857009377,18589628806,19629432102,20856589153,21304168425,22487480675,23312206793,24279686437,26155431238,27081834229,28784540896,30228158502,
Malawi,MWI,"GDP, PPP (current international $)",GDPPPP,4412425817,4959885310,4700920691,5278698979,4839328071,5767338137,6302644184,6654470780,6991494166,7308209280,7589340383,7369958309,7613804655,8197684020,8874701323,9450268933,10193857319,11472591264,12589272655,13741688331,14857433208,15904043611,15919778301,17558046000,17576097211,17062379707,17635609751,18333705241,19375651228,20614924169,
Malaysia,MYS,"GDP, PPP (current international $)",GDPPPP,1.22935E+11,1.39223E+11,1.55048E+11,1.74427E+11,1.94563E+11,2.18168E+11,2.44385E+11,2.66803E+11,2.4995E+11,2.69121E+11,2.99511E+11,3.07665E+11,3.29381E+11,3.54918E+11,3.89197E+11,4.22719E+11,4.59834E+11,5.01928E+11,5.36415E+11,5.32324E+11,5.78512E+11,6.21862E+11,6.68156E+11,6.91871E+11,7.34948E+11,7.50777E+11,7.83874E+11,8.29297E+11,8.90019E+11,9.46342E+11,
North America,NAC,"GDP, PPP (current international $)",GDPPPP,6.5232E+12,6.72502E+12,7.10547E+12,7.47358E+12,7.94362E+12,8.32795E+12,8.78523E+12,9.3329E+12,9.85633E+12,1.04772E+13,1.11537E+13,1.15194E+13,1.19076E+13,1.24817E+13,1.32972E+13,1.42085E+13,1.50568E+13,1.57543E+13,1.60568E+13,1.57582E+13,1.63575E+13,1.69746E+13,1.76695E+13,1.83435E+13,1.9153E+13,1.98242E+13,2.0398E+13,2.12966E+13,2.24732E+13,2.33809E+13,
Namibia,NAM,"GDP, PPP (current international $)",GDPPPP,5235746456,5854795419,6418734557,6467023807,6719379865,7127756976,7489903287,7940590432,8294276503,8697521652,9202475797,9515103367,10128463062,10753959111,12398463416,13108026240,14459913180,15646303484,16373306787,16546958364,17750728468,19044152170,20501455713,21686469989,23645421697,24478137223,24458367518,24147364523,24908340619,25104076732,
New Caledonia,NCL,"GDP, PPP (current international $)",GDPPPP,,,,,,,,,,,,,,,,,,,,,,,,,,,,,,,
Niger,NER,"GDP, PPP (current international $)",GDPPPP,6130487231,6309951367,6582872921,6760515477,7032948302,7356857744,7499095386,7744931208,8613167364,8718340248,8805522034,9652699667,10287657353,10706160888,11034391227,12212333972,13328143214,14116293011,15503491543,15928273690,17496153308,18282764962,20618757380,20860788569,21982232412,22912137965,23875418393,25138435012,27609803042,29807368321,
Nigeria,NGA,"GDP, PPP (current international $)",GDPPPP,1.96055E+11,2.03412E+11,2.17682E+11,2.18305E+11,2.1892E+11,2.23348E+11,2.3698E+11,2.48147E+11,2.57418E+11,2.6266E+11,2.82001E+11,3.0524E+11,3.57599E+11,3.91001E+11,4.38672E+11,4.8146E+11,5.26086E+11,5.75825E+11,6.26734E+11,6.82267E+11,7.45473E+11,8.01441E+11,8.33292E+11,8.97506E+11,9.71492E+11,9.82912E+11,9.73442E+11,9.907E+11,1.03435E+12,1.07772E+12,
Nicaragua,NIC,"GDP, PPP (current international $)",GDPPPP,8244258179,8506926275,8734406544,8906215334,9400009570,10164484328,11007268958,11641226278,12209199101,13256914390,14109168879,14845556424,15194074780,15866357967,17159053228,18451256038,19798970029,21362781187,22526525341,21950844691,23186046181,25165569567,26490432129,27949659448,30355546777,32944994652,35895147406,38334779853,37717558973,36958519013,
Netherlands,NLD,"GDP, PPP (current international $)",GDPPPP,2.86004E+11,3.02888E+11,3.15075E+11,3.26597E+11,3.43448E+11,3.61576E+11,3.79802E+11,4.06001E+11,4.35213E+11,4.62797E+11,5.0778E+11,5.32645E+11,5.56285E+11,5.53517E+11,5.82564E+11,6.14044E+11,6.69519E+11,7.18924E+11,7.63408E+11,7.37085E+11,7.48994E+11,7.77881E+11,7.92042E+11,8.27476E+11,8.30319E+11,8.51885E+11,8.90488E+11,9.46754E+11,1.02922E+12,1.06224E+12,
Norway,NOR,"GDP, PPP (current international $)",GDPPPP,78112922790,83245557574,88185990638,92843990294,99620445639,1.05936E+11,1.17243E+11,1.25982E+11,1.24902E+11,1.36334E+11,1.65953E+11,1.70532E+11,1.72361E+11,1.75993E+11,1.95224E+11,2.20982E+11,2.52087E+11,2.63066E+11,2.94278E+11,2.67535E+11,2.834E+11,3.07472E+11,3.27988E+11,3.40138E+11,3.38506E+11,3.13231E+11,3.08522E+11,3.39073E+11,3.79506E+11,3.74384E+11,
Nepal,NPL,"GDP, PPP (current international $)",GDPPPP,14213811024,15630254442,16642922410,17693148072,19555674668,20658225705,22157367848,23677376877,24666110979,26126365882,28366459777,30380081159,30897698978,32713061170,35166828955,37523884921,39960175515,42433503869,45899690623,48346137999,51265175554,54126905679,58733969350,63246986991,69781454452,71141255940,70413965843,85624913440,93588230523,1.02076E+11,
Nauru,NRU,"GDP, PPP (current international $)",GDPPPP,,,,,,,,,,,,,,,43473161.18,44827325.09,48982915.41,38801879.85,48346989.19,53144249.95,59737237.35,67083599.83,76139498.57,101192728.4,130441158.7,136681122.3,143028144.4,137347501.6,149272148.4,152170931.8,
New Zealand,NZL,"GDP, PPP (current international $)",GDPPPP,49478418552,50904551370,52682088964,57015482998,61878905850,65786109695,68906832205,72362412002,73785511859,78923926226,82996400043,87298653610,92024844754,96497425658,1.02515E+11,1.06148E+11,1.16174E+11,1.24111E+11,1.27209E+11,1.32075E+11,1.36007E+11,1.43549E+11,1.45451E+11,1.60942E+11,1.68108E+11,1.7218E+11,1.87638E+11,2.02659E+11,2.16202E+11,2.23144E+11,
OECD members,OED,"GDP, PPP (current international $)",GDPPPP,1.83052E+13,1.91826E+13,2.00688E+13,2.0795E+13,2.19013E+13,2.297E+13,2.41692E+13,2.54857E+13,2.63613E+13,2.75904E+13,2.95022E+13,3.06411E+13,3.18413E+13,3.30037E+13,3.5008E+13,3.69311E+13,3.96566E+13,4.1894E+13,4.3307E+13,4.24849E+13,4.4371E+13,4.64369E+13,4.79949E+13,5.00066E+13,5.18398E+13,5.36661E+13,5.58269E+13,5.84459E+13,6.20538E+13,6.42084E+13,
Oman,OMN,"GDP, PPP (current international $)",GDPPPP,41700963125,45729795204,50707271555,55045489181,58399914780,62603789317,65691873324,70856532043,73547378592,74856585160,81543515092,87067724997,87471235561,86718060732,90203438289,95329458670,1.0349E+11,1.11002E+11,1.22441E+11,1.30915E+11,1.34711E+11,1.41181E+11,1.55693E+11,1.58419E+11,1.55551E+11,1.32771E+11,1.29565E+11,1.35697E+11,1.41454E+11,1.41824E+11,
Other small states,OSS,"GDP, PPP (current international $)",GDPPPP,,,,,,,,,,,2.33403E+11,2.49798E+11,2.66551E+11,2.84095E+11,3.19852E+11,3.48446E+11,4.00985E+11,4.5658E+11,5.07596E+11,5.29071E+11,5.84447E+11,6.44832E+11,6.89264E+11,7.11642E+11,7.21097E+11,6.28648E+11,6.26273E+11,6.84204E+11,7.19828E+11,7.49343E+11,
Pakistan,PAK,"GDP, PPP (current international $)",GDPPPP,2.07064E+11,2.24901E+11,2.47752E+11,2.5808E+11,2.73443E+11,2.93031E+11,3.12858E+11,3.21482E+11,3.33391E+11,3.50583E+11,3.73689E+11,3.9546E+11,4.11791E+11,4.4367E+11,4.89999E+11,5.38199E+11,5.87195E+11,6.32109E+11,6.55368E+11,6.79064E+11,6.98014E+11,7.3218E+11,7.52629E+11,7.84863E+11,8.27826E+11,8.72097E+11,8.98016E+11,9.50382E+11,1.03035E+12,1.06075E+12,
Panama,PAN,"GDP, PPP (current international $)",GDPPPP,12465971895,14101418774,15605687269,16847008358,17697173595,18384751221,19485158496,21101801992,22905932458,24146876667,25357009479,26062008986,27064398755,28726339909,31718705896,35058757299,39244952268,45128629125,50540676373,51558979150,55199558081,62728208418,70433569156,79815106968,89329952505,1.00479E+11,1.12346E+11,1.25071E+11,1.32848E+11,1.39499E+11,
Peru,PER,"GDP, PPP (current international $)",GDPPPP,74191065307,78402198173,79755484053,85926239484,98563046471,1.08088E+11,1.13148E+11,1.22554E+11,1.23448E+11,1.27102E+11,1.33445E+11,1.37214E+11,1.46986E+11,1.55951E+11,1.6809E+11,1.8422E+11,2.04084E+11,2.27418E+11,2.53001E+11,2.57723E+11,2.82452E+11,3.06596E+11,3.1772E+11,3.36326E+11,3.46349E+11,3.52617E+11,3.71526E+11,3.93259E+11,4.18859E+11,4.36174E+11,
Philippines,PHL,"GDP, PPP (current international $)",GDPPPP,1.64958E+11,1.6955E+11,1.74E+11,1.81892E+11,1.93927E+11,2.07257E+11,2.2339E+11,2.39025E+11,2.40321E+11,2.51304E+11,2.68256E+11,2.82499E+11,2.97632E+11,3.1858E+11,3.48649E+11,3.77278E+11,4.0936E+11,4.47761E+11,4.76301E+11,4.86884E+11,5.28684E+11,5.60551E+11,6.12131E+11,6.54004E+11,6.99662E+11,7.33864E+11,7.98601E+11,8.54095E+11,9.30383E+11,1.00574E+12,
Palau,PLW,"GDP, PPP (current international $)",GDPPPP,,,,,,,,,,,188153492.7,204663600.3,215342480.2,212183667.6,228477156.6,244923305.4,251311580.2,263278350.7,252880824.9,238015592.8,241309350.2,262815327.8,272335890.8,267728389.2,289843022.3,314940669.3,317935887.7,317717242.8,338666760.2,330579975.8,
Papua New Guinea,PNG,"GDP, PPP (current international $)",GDPPPP,6643330891,7523672292,8760834990,10600858217,11470592308,11323186711,12422252920,12143084450,11816919386,12209967621,12171489235,12423375327,12599830620,13111558521,13830943544,15166649630,16470960958,18235232464,18534820469,19946175556,22222378559,22937846458,24466489957,25848109376,29891822366,32190004119,34308645183,36190433385,36968508510,39909915285,
Poland,POL,"GDP, PPP (current international $)",GDPPPP,2.35153E+11,2.2605E+11,2.37017E+11,2.51703E+11,2.70684E+11,2.95895E+11,3.18949E+11,3.45277E+11,3.66815E+11,3.88184E+11,4.08478E+11,4.25492E+11,4.51281E+11,4.68991E+11,5.09451E+11,5.30377E+11,5.77156E+11,6.39756E+11,6.97829E+11,7.34574E+11,8.0227E+11,8.68896E+11,9.03836E+11,9.34553E+11,9.68368E+11,1.02039E+12,1.07539E+12,1.14534E+12,1.2527E+12,1.33525E+12,
Pre-demographic dividend,PRE,"GDP, PPP (current international $)",GDPPPP,5.86875E+11,6.11464E+11,6.47798E+11,6.69753E+11,6.86566E+11,7.23313E+11,7.80418E+11,8.44766E+11,9.28025E+11,9.92532E+11,1.04384E+12,1.11719E+12,1.19351E+12,1.19809E+12,1.39669E+12,1.53383E+12,1.69402E+12,1.84791E+12,2.01124E+12,2.13086E+12,2.29268E+12,2.44978E+12,2.60786E+12,2.79659E+12,2.95829E+12,2.93448E+12,2.96455E+12,3.13828E+12,3.28783E+12,3.45602E+12,
Puerto Rico,PRI,"GDP, PPP (current international $)",GDPPPP,47478868756,50215586712,53704048838,57529844258,61217923457,65344748548,68080800510,72634473352,77514417147,82871686658,87496409807,95060805325,97449415874,99312168338,1.10908E+11,1.12091E+11,1.13855E+11,1.15554E+11,1.15629E+11,1.14236E+11,1.1509E+11,1.17073E+11,1.18421E+11,1.19192E+11,1.19065E+11,1.18146E+11,1.17009E+11,1.14269E+11,1.11599E+11,1.15117E+11,
"Korea, Dem. People’s Rep.",PRK,"GDP, PPP (current international $)",GDPPPP,,,,,,,,,,,,,,,,,,,,,,,,,,,,,,,
Portugal,PRT,"GDP, PPP (current international $)",GDPPPP,1.17318E+11,1.26583E+11,1.30878E+11,1.31242E+11,1.35337E+11,1.44093E+11,1.49802E+11,1.59552E+11,1.69537E+11,1.81041E+11,1.94324E+11,2.02419E+11,2.12109E+11,2.17853E+11,2.24984E+11,2.38691E+11,2.59371E+11,2.70974E+11,2.81543E+11,2.7983E+11,2.88463E+11,2.82621E+11,2.77992E+11,2.92135E+11,2.98952E+11,3.0723E+11,3.26364E+11,3.41457E+11,3.70569E+11,3.894E+11,
Paraguay,PRY,"GDP, PPP (current international $)",GDPPPP,22770977066,24363477311,25341426422,27222418096,29282298750,31936066924,33032634088,35027826548,35446172266,35466731151,35420483180,35895498869,36455475849,38736889071,41393799921,43593834862,47072097592,50957212792,55251859054,55529450975,62436669855,66449333934,64357198937,72177773898,75403947745,76729911135,81537571247,86486123430,91566258184,93316501354,
West Bank and Gaza,PSE,"GDP, PPP (current international $)",GDPPPP,,,,,5213670660,5701910401,5876869653,6855047388,7925878347,8706084848,8139146305,7543243944,6705568348,7787394468,9750419443,11189317195,11413046553,12163605499,13321437375,14576497061,15598299788,17452978800,20918175414,21898799775,22995977751,25425839151,27536200878,28518507331,29571687509,30432042951,
Pacific island small states,PSS,"GDP, PPP (current international $)",GDPPPP,4854131342,4984955088,5382943743,5662982836,6059299365,6433442547,6787189395,6805367025,6989853719,7505448571,7563210342,7839372846,8154282972,8456956261,9064739847,9516205575,10021230624,10362477802,10730113711,10685621996,11140389446,11768030649,12374097247,13165774061,14911929076,16061603964,16624872907,17659725171,18656922813,19063166365,
Post-demographic dividend,PST,"GDP, PPP (current international $)",GDPPPP,1.7279E+13,1.80607E+13,1.88011E+13,1.94273E+13,2.04029E+13,2.13779E+13,2.24011E+13,2.35367E+13,2.44642E+13,2.56539E+13,2.74111E+13,2.85278E+13,2.96702E+13,3.07758E+13,3.26107E+13,3.43827E+13,3.67871E+13,3.88164E+13,4.00285E+13,3.91577E+13,4.07437E+13,4.23883E+13,4.37097E+13,4.55001E+13,4.69719E+13,4.84003E+13,5.02445E+13,5.25571E+13,5.58167E+13,5.774E+13,
French Polynesia,PYF,"GDP, PPP (current international $)",GDPPPP,,,,,,,,,,,,,,,,,,,,,,,,,,,,,,,
Qatar,QAT,"GDP, PPP (current international $)",GDPPPP,,,,,,,,,,,57364499466,60907971006,66315087933,70059328654,85772614201,95071305619,1.23582E+11,1.49725E+11,1.79599E+11,2.02606E+11,2.45125E+11,2.83716E+11,3.11041E+11,3.22985E+11,3.17406E+11,2.38529E+11,2.20585E+11,2.49963E+11,2.59214E+11,2.66295E+11,
Romania,ROU,"GDP, PPP (current international $)",GDPPPP,1.22218E+11,1.10029E+11,1.0267E+11,1.06709E+11,1.13273E+11,1.22857E+11,1.29638E+11,1.25448E+11,1.24783E+11,1.25764E+11,1.31305E+11,1.44333E+11,1.55641E+11,1.62934E+11,1.92698E+11,2.04715E+11,2.44602E+11,2.85751E+11,3.44669E+11,3.38997E+11,3.4398E+11,3.60566E+11,3.78487E+11,3.95317E+11,4.11274E+11,4.28133E+11,4.78201E+11,5.33372E+11,5.87567E+11,6.45346E+11,
Russian Federation,RUS,"GDP, PPP (current international $)",GDPPPP,1.18788E+12,1.16607E+12,1.01934E+12,9.53034E+11,8.51032E+11,8.32875E+11,8.17527E+11,8.4311E+11,8.07029E+11,8.70676E+11,1.00058E+12,1.07459E+12,1.1679E+12,1.33866E+12,1.47334E+12,1.69673E+12,2.13319E+12,2.37745E+12,2.8782E+12,2.7686E+12,2.927E+12,3.25932E+12,3.4803E+12,3.74178E+12,3.76353E+12,3.52624E+12,3.53898E+12,3.81878E+12,4.30625E+12,4.43309E+12,
Rwanda,RWA,"GDP, PPP (current international $)",GDPPPP,4051763677,4083462482,4421796445,4159516296,2113630133,2918067173,3350235963,3880007683,4271263624,4521496652,5009525405,5553764857,6385857843,6647701052,7335099874,8272889308,9309690217,10289498929,11660417831,12483438518,13555188374,14939654760,15714903027,16693567870,18927225173,20531407219,21982225589,23665375199,26321676633,29362809495,
South Asia,SAS,"GDP, PPP (current international $)",GDPPPP,1.40887E+12,1.48501E+12,1.60652E+12,1.71587E+12,1.85808E+12,2.0285E+12,2.2069E+12,2.32856E+12,2.48532E+12,2.71576E+12,2.88933E+12,3.08521E+12,3.24725E+12,3.5501E+12,3.92211E+12,4.35116E+12,4.82622E+12,5.31611E+12,5.59252E+12,6.03211E+12,6.56375E+12,7.04105E+12,7.68946E+12,8.10609E+12,8.5152E+12,8.98734E+12,9.65675E+12,1.03432E+13,1.12415E+13,1.19325E+13,
Saudi Arabia,SAU,"GDP, PPP (current international $)",GDPPPP,5.20905E+11,6.19341E+11,6.58715E+11,6.65126E+11,6.83124E+11,6.98927E+11,7.30496E+11,7.51295E+11,7.81733E+11,7.63176E+11,8.24128E+11,8.32008E+11,8.21342E+11,9.30645E+11,1.03176E+12,1.1232E+12,1.18946E+12,1.24397E+12,1.34742E+12,1.32974E+12,1.41302E+12,1.58675E+12,1.67247E+12,1.68016E+12,1.72286E+12,1.54183E+12,1.47567E+12,1.56589E+12,1.64308E+12,1.68054E+12,
Sudan,SDN,"GDP, PPP (current international $)",GDPPPP,29140536149,32388734660,35305882146,37793632024,38989080042,42193854729,45509674248,51186250267,53992545447,56472269850,61398460266,66823853124,72243736152,79276899126,84572648539,93738616558,1.06295E+11,1.21727E+11,1.33776E+11,1.39166E+11,1.45672E+11,1.45789E+11,1.48496E+11,1.55313E+11,1.79818E+11,1.96379E+11,1.75957E+11,1.76647E+11,1.76806E+11,1.75727E+11,
Senegal,SEN,"GDP, PPP (current international $)",GDPPPP,11112619984,11782045643,12200293466,12651811664,12919736555,13898118118,14437364905,15145127099,16219005017,17497477688,18460884436,19730037152,20173356112,21921263901,23833025652,25957189386,27400997577,29526609543,31321948251,32221147967,33757939112,34965716069,37053607720,37890926634,40124398371,43317631004,46119109742,49402166473,53834017338,57772245556,
Singapore,SGP,"GDP, PPP (current international $)",GDPPPP,72629517013,80107776738,87373480327,99696321688,1.13125E+11,1.23814E+11,1.35501E+11,1.49306E+11,1.47672E+11,1.58379E+11,1.76555E+11,1.78499E+11,1.88421E+11,2.00625E+11,2.26257E+11,2.50474E+11,2.81292E+11,3.14908E+11,3.27031E+11,3.29923E+11,3.82249E+11,4.14967E+11,4.35965E+11,4.4814E+11,4.61772E+11,4.81405E+11,5.01213E+11,5.32833E+11,5.64578E+11,5.79763E+11,
Solomon Islands,SLB,"GDP, PPP (current international $)",GDPPPP,427341337.9,468300556.5,539823316.5,574713661.9,634545382.7,713236060.3,737974868,743816336.2,761956818,769199118.9,674135495.1,634060673,626077733.3,679323467.5,744018624.5,809700386.4,874771931.3,938273588.6,1012070714,1045858302,1149213947,1258537023,1306537563,1400340707,1441238170,1476864242,1579890378,1695663684,1805480519,1862535120,
Sierra Leone,SLE,"GDP, PPP (current international $)",GDPPPP,3353893310,3548863643,2939619999,3050631708,3055098150,2869633426,2973427070,2846936445,2930369487,2913840472,3177161973,3040823197,3904932068,4347875139,4759522725,5128879258,5507285057,6110932421,6566100375,6827083515,7275897100,7896957783,9435032176,11988314918,12544191365,11379594528,11701373302,12300546132,13034410627,14019367330,
El Salvador,SLV,"GDP, PPP (current international $)",GDPPPP,15366924796,16123999393,17648828200,19118338300,20442342065,21859216115,22441476407,23544113486,24441042406,25329599877,26187438495,26996627088,27857179881,28817789711,29857241631,31620833110,33992561576,35555144699,37178587182,36680515301,37889089061,40156356629,40803577136,43092741449,45533880987,48056303343,51094653386,54005555165,56665966367,59142593412,
San Marino,SMR,"GDP, PPP (current international $)",GDPPPP,,,,,,,,1147355401,1246890391,1379357765,1440926414,1554674946,1584174584,1676088181,1799507283,1900560234,2033070988,2236105202,2268180980,2049589838,1959977347,1834547471,1748023889,1740502671,1825987816,1850298480,1924933740,1982111207,2057049925,,
Somalia,SOM,"GDP, PPP (current international $)",GDPPPP,,,,,,,,,,,,,,,,,,,,,,,,,,,,,,,
Serbia,SRB,"GDP, PPP (current international $)",GDPPPP,,,,,,36812289728,39834509057,43441943806,45398568963,41713828405,45261323632,48658005922,54159268736,57136193226,63291490985,68319005897,75564895165,82840648141,92848315987,91826152273,93389332187,99446412472,1.00311E+11,1.04804E+11,1.04531E+11,1.05923E+11,1.11931E+11,1.16996E+11,1.27752E+11,1.35393E+11,
Sub-Saharan Africa (excluding high income),SSA,"GDP, PPP (current international $)",GDPPPP,8.58572E+11,8.91772E+11,9.104E+11,9.25261E+11,9.54749E+11,1.00835E+12,1.08E+12,1.13843E+12,1.18006E+12,1.22487E+12,1.29501E+12,1.38273E+12,1.49481E+12,1.58968E+12,1.74093E+12,1.90836E+12,2.08982E+12,2.28783E+12,2.46188E+12,2.56722E+12,2.74793E+12,2.9354E+12,3.0489E+12,3.29263E+12,3.53489E+12,3.65801E+12,3.74223E+12,3.91196E+12,4.11899E+12,4.31358E+12,
South Sudan,SSD,"GDP, PPP (current international $)",GDPPPP,,,,,,,,,,,,,,,,,,,25429212284,26914895404,28724297425,27963579014,15364070622,21737660650,15784928985,13230895758,,,,,
Sub-Saharan Africa,SSF,"GDP, PPP (current international $)",GDPPPP,8.64414E+11,8.98073E+11,9.17277E+11,9.32673E+11,9.62596E+11,1.01667E+12,1.08893E+12,1.14809E+12,1.19045E+12,1.23568E+12,1.30689E+12,1.39522E+12,1.50769E+12,1.60343E+12,1.75558E+12,1.92381E+12,2.10657E+12,2.30608E+12,2.48136E+12,2.58743E+12,2.7693E+12,2.95816E+12,3.0721E+12,3.31712E+12,3.56037E+12,3.68452E+12,3.77081E+12,3.94165E+12,4.15054E+12,4.34679E+12,
Small states,SST,"GDP, PPP (current international $)",GDPPPP,,,,,,,,,,,3.02945E+11,3.22378E+11,3.42998E+11,3.66575E+11,4.08186E+11,4.42641E+11,5.04607E+11,5.66441E+11,6.21325E+11,6.39961E+11,6.98502E+11,7.62901E+11,8.08411E+11,8.34088E+11,8.46845E+11,7.53877E+11,7.52158E+11,8.15953E+11,8.57327E+11,8.90791E+11,
Sao Tome and Principe,STP,"GDP, PPP (current international $)",GDPPPP,,,,,,,,,,,,266621128.9,277275943.3,300990378.3,320938839.6,354411743.4,398421547.2,422435549.2,465906438.3,480848659.4,518907735.2,553046569.6,556654529.9,637514716,747127212,765345670.9,790433675.9,818599653.5,863238028.4,891455945.8,
Suriname,SUR,"GDP, PPP (current international $)",GDPPPP,2680899422,2846393009,2922904738,2791682101,2948239106,3010058705,3095825562,3328714608,3443602152,3444414506,3595363148,3828542195,3997995513,4328793310,4823186977,5197230697,5664725377,6114225615,6491420321,6738030908,7168881187,7746725932,8543650775,9202825864,9550173377,8986667214,8025092594,9340573047,9814637434,10032011816,
Slovak Republic,SVK,"GDP, PPP (current international $)",GDPPPP,,,37977539741,39689118617,43052224004,46523429152,50425469001,54277679138,57261277595,57813914071,61331794602,66651399047,71578545707,76121880901,81732391549,89400253225,1.0149E+11,1.13924E+11,1.27627E+11,1.24413E+11,1.35914E+11,1.40805E+11,1.45827E+11,1.51589E+11,1.57124E+11,1.62278E+11,1.61074E+11,1.64207E+11,1.77311E+11,1.82798E+11,
Slovenia,SVN,"GDP, PPP (current international $)",GDPPPP,24676942082,23240907498,22471861362,23658314609,25450850284,27051740170,28383960763,30340408690,31815882898,33876856910,35818671642,37762270054,40372330212,42091249560,45416225981,47716592230,51548470106,55572386715,59839628015,56209189147,57049211422,59391587737,59745699110,61744411906,63653371400,65265868523,70079356305,75675664881,83253931919,88594050470,
Sweden,SWE,"GDP, PPP (current international $)",GDPPPP,1.74393E+11,1.78224E+11,1.80174E+11,1.80633E+11,1.9174E+11,2.03464E+11,2.11081E+11,2.19357E+11,2.29123E+11,2.4334E+11,2.62891E+11,2.6635E+11,2.76018E+11,2.84711E+11,3.04256E+11,3.09213E+11,3.42151E+11,3.7375E+11,3.88684E+11,3.74815E+11,3.96284E+11,4.21516E+11,4.32488E+11,4.44617E+11,4.57508E+11,4.81171E+11,5.00424E+11,5.24145E+11,5.62113E+11,5.82487E+11,
Eswatini,SWZ,"GDP, PPP (current international $)",GDPPPP,2893709642,3044230685,3214057281,3392404901,3548025832,3797227408,4015318645,4211294336,4369591365,4563482525,4747618881,4902928958,5198631708,5500639357,5853433303,6397836394,6986418578,7492291247,7700785084,7880931859,8275231608,8637941299,8922130160,9465059127,9632880508,9728496264,9698248002,9457434168,9917574661,10337032575,
Sint Maarten (Dutch part),SXM,"GDP, PPP (current international $)",GDPPPP,,,,,,,,,,,,,,,,,,,,1116655945,1165817086,1244917733,1138909192,1188933090,1464385642,1483574423,1528016144,1538327625,1471798429,,
Seychelles,SYC,"GDP, PPP (current international $)",GDPPPP,623215886,662076716,725659772.4,788884665.6,799294996.9,809317169.6,864663114.2,984783938.3,1079554629,1115642394,1157854575,1156377688,1188915594,1139702075,1137023983,1278028920,1440555617,1633412361,1629434661,1623710105,1740448419,1916946267,1904257550,2012104371,2182546758,2248333255,2431429643,2611017882,2775015378,2979190618,
Syrian Arab Republic,SYR,"GDP, PPP (current international $)",GDPPPP,,,,,,,,,,,,,,,,,,,,,,,,,,,,,,,
Turks and Caicos Islands,TCA,"GDP, PPP (current international $)",GDPPPP,,,,,,,,,,,,,,,,,,,,,,708658007.5,660016719.5,698811703.4,779221758.7,867052547.8,963419197.3,1004380846,1086575753,1166655327,
Chad,TCD,"GDP, PPP (current international $)",GDPPPP,4164613407,4672926559,5161840720,4454009537,5010258643,5178568709,5390167697,5793097281,6265544164,6312604308,6396948803,7299383800,8044452610,9400116440,12899493840,15606758923,16183285768,17161672217,18029572666,18933250752,21749239339,22221960066,22127764665,20743635471,22915027718,25682812591,24238063014,23832085167,24992200401,26304837164,
East Asia & Pacific (IDA & IBRD countries),TEA,"GDP, PPP (current international $)",GDPPPP,2.31767E+12,2.58009E+12,2.90888E+12,3.28733E+12,3.7013E+12,4.13993E+12,4.58545E+12,4.97692E+12,5.07134E+12,5.44355E+12,5.97306E+12,6.49886E+12,7.10608E+12,7.85306E+12,8.76597E+12,9.88903E+12,1.12472E+13,1.29052E+13,1.42357E+13,1.54066E+13,1.70791E+13,1.8874E+13,2.06135E+13,2.19632E+13,2.31546E+13,2.39928E+13,2.52318E+13,2.68065E+13,2.92127E+13,3.14598E+13,
Europe & Central Asia (IDA & IBRD countries),TEC,"GDP, PPP (current international $)",GDPPPP,2.94177E+12,2.87551E+12,2.69222E+12,2.63403E+12,2.44274E+12,2.48241E+12,2.54512E+12,2.66792E+12,2.50819E+12,2.59755E+12,2.87477E+12,3.03743E+12,3.25025E+12,3.55505E+12,3.96956E+12,4.41496E+12,5.22169E+12,5.83008E+12,6.66838E+12,6.52975E+12,7.01189E+12,7.73541E+12,8.21442E+12,8.84722E+12,9.10292E+12,9.04608E+12,9.36365E+12,1.00313E+13,1.09433E+13,1.13231E+13,
Togo,TGO,"GDP, PPP (current international $)",GDPPPP,3145799111,3229418132,3171530985,2756561221,3237242769,3564436641,3950430776,4596313992,4541147113,4721039505,4788761887,4934097248,5203938768,5656788985,5752230275,5654631634,5980142492,6068624172,6437984956,6846312815,7348529661,7982028403,8312518982,8869531773,9481974533,10232891545,10917574690,11674937853,12549073158,13475732998,
Thailand,THA,"GDP, PPP (current international $)",GDPPPP,2.4386E+11,2.73683E+11,3.02547E+11,3.35273E+11,3.69816E+11,4.08231E+11,4.39201E+11,4.34472E+11,4.05821E+11,4.30504E+11,4.59736E+11,4.86002E+11,5.24047E+11,5.72153E+11,6.2451E+11,6.7093E+11,7.25573E+11,7.8556E+11,8.1466E+11,8.15201E+11,8.86663E+11,9.1279E+11,1.00879E+12,1.04995E+12,1.05945E+12,1.08723E+12,1.14622E+12,1.20567E+12,1.28631E+12,1.34217E+12,
Tajikistan,TJK,"GDP, PPP (current international $)",GDPPPP,13955966341,13403540620,9733386328,8329901950,6695620594,5987234628,5078686759,5253091225,5594446836,5885177286,6517591789,7298686712,8217670519,9285027299,10523815060,11572639726,12763228776,14123135128,15536794781,16264670007,17527119634,19217458990,21658600564,24403521791,27259901286,25291523268,26832854442,27435856244,30155800482,32896772530,
Turkmenistan,TKM,"GDP, PPP (current international $)",GDPPPP,20028424640,19752183336,17178841369,17849644144,15076898401,14284730662,15520888676,13988637086,15150453925,17905114092,19306511216,20587025238,20966446361,22053898151,23780109940,27716902360,31689174537,36139178210,42257926348,45177464553,49908653556,58441023273,63516102658,68363227535,73746160883,76192141990,78516288827,81787812382,88974535226,,
Latin America & the Caribbean (IDA & IBRD countries),TLA,"GDP, PPP (current international $)",GDPPPP,2.67064E+12,2.86732E+12,3.02118E+12,3.16365E+12,3.38518E+12,3.50258E+12,3.69795E+12,3.95997E+12,4.09785E+12,4.15553E+12,4.40574E+12,4.52951E+12,4.61364E+12,4.79599E+12,5.22767E+12,5.63777E+12,6.19711E+12,6.72445E+12,7.15545E+12,7.12545E+12,7.66356E+12,8.26638E+12,8.53022E+12,8.91601E+12,9.20704E+12,9.17601E+12,9.42866E+12,9.93134E+12,1.03385E+13,1.07267E+13,
Timor-Leste,TLS,"GDP, PPP (current international $)",GDPPPP,,,,,,,,,,,1121540605,1333508289,1263833611,1259211679,1298284823,1379130831,1362523062,1542238191,1750464969,1940007616,2148274388,2320464428,2628628546,2863826500,3195418871,3484488838,3817071926,3910653345,3963698486,4797227440,
Middle East & North Africa (IDA & IBRD countries),TMN,"GDP, PPP (current international $)",GDPPPP,1.0811E+12,1.1933E+12,1.27719E+12,1.34358E+12,1.39179E+12,1.45987E+12,1.5748E+12,1.65654E+12,1.7886E+12,1.89488E+12,2.02801E+12,2.12108E+12,2.22764E+12,2.32836E+12,2.57956E+12,2.7802E+12,3.024E+12,3.29445E+12,3.48113E+12,3.59773E+12,3.83018E+12,3.8825E+12,4.0558E+12,4.09025E+12,4.04653E+12,3.86396E+12,3.90591E+12,4.08773E+12,4.20289E+12,4.30146E+12,
Tonga,TON,"GDP, PPP (current international $)",GDPPPP,211611021,232800972.2,238706286.4,253496271.2,271731932.9,297899942.3,308831743.8,318000765.8,329486805.1,346647342.2,357501033.4,379038972.5,403700991.2,420688742.2,421599997.6,435084875.2,447585173.9,460854537.2,492135953.3,470106006.8,479405189.7,522789476,537201410,548336007.5,569753301.3,582433473.8,627131147.9,660172840.6,678283491.1,696530875.1,
South Asia (IDA & IBRD),TSA,"GDP, PPP (current international $)",GDPPPP,1.40887E+12,1.48501E+12,1.60652E+12,1.71587E+12,1.85808E+12,2.0285E+12,2.2069E+12,2.32856E+12,2.48532E+12,2.71576E+12,2.88933E+12,3.08521E+12,3.24725E+12,3.5501E+12,3.92211E+12,4.35116E+12,4.82622E+12,5.31611E+12,5.59252E+12,6.03211E+12,6.56375E+12,7.04105E+12,7.68946E+12,8.10609E+12,8.5152E+12,8.98734E+12,9.65675E+12,1.03432E+13,1.12415E+13,1.19325E+13,
Sub-Saharan Africa (IDA & IBRD countries),TSS,"GDP, PPP (current international $)",GDPPPP,8.64414E+11,8.98073E+11,9.17277E+11,9.32673E+11,9.62596E+11,1.01667E+12,1.08893E+12,1.14809E+12,1.19045E+12,1.23568E+12,1.30689E+12,1.39522E+12,1.50769E+12,1.60343E+12,1.75558E+12,1.92381E+12,2.10657E+12,2.30608E+12,2.48136E+12,2.58743E+12,2.7693E+12,2.95816E+12,3.0721E+12,3.31712E+12,3.56037E+12,3.68452E+12,3.77081E+12,3.94165E+12,4.15054E+12,4.34679E+12,
Trinidad and Tobago,TTO,"GDP, PPP (current international $)",GDPPPP,8620913820,9189843921,10347938647,10522230251,11130281754,11796610748,12869647306,14076430151,15391383819,16866568502,18433660294,19623254953,21515724141,25080076591,27802843915,30448919827,35513782836,38201536928,40265505814,38790636867,40546766248,41271904854,40429583658,40692077547,40459460683,37698280771,36188728896,36605373316,37405132925,38130448626,
Tunisia,TUN,"GDP, PPP (current international $)",GDPPPP,29786923934,31996620167,35280280560,36907051597,38893264090,40642609874,44344321968,47563346175,50399608056,54222849274,58045897452,61570952607,63372054715,67584290804,73731681388,78679137483,85311080581,93480587742,99337463352,1.03141E+11,1.08006E+11,1.08148E+11,1.10825E+11,1.12068E+11,1.15567E+11,1.14133E+11,1.17101E+11,1.21255E+11,1.27518E+11,1.3135E+11,
Turkey,TUR,"GDP, PPP (current international $)",GDPPPP,4.58849E+11,4.78835E+11,5.19113E+11,5.74167E+11,5.54455E+11,6.0677E+11,6.59964E+11,7.22052E+11,5.58243E+11,5.46531E+11,6.09198E+11,5.95977E+11,6.12447E+11,6.40401E+11,7.35155E+11,8.15103E+11,9.44034E+11,1.0415E+12,1.13955E+12,1.11329E+12,1.26974E+12,1.45411E+12,1.55069E+12,1.70367E+12,1.86047E+12,2.0224E+12,2.1164E+12,2.2715E+12,2.37344E+12,2.34713E+12,
Tuvalu,TUV,"GDP, PPP (current international $)",GDPPPP,13751039.24,14729147.05,15484948.3,16503449.88,18589231.32,18029223.17,17264877.01,19319416.37,22565312.04,22533141.6,22813268.45,23694630.77,25967580.39,25568108.57,25901421.44,25698736.6,27042747.53,29532691.65,32510673.05,31306381.73,30806737.5,33814047.79,33140653.31,35265651.51,36402184.49,40144174.55,41790651.57,44321002.32,46535679.35,52067608.64,
Tanzania,TZA,"GDP, PPP (current international $)",GDPPPP,23515090053,24814019763,25527806627,26447739401,27435963419,29011226191,30884947105,32525079487,34110928223,36286486355,38774766851,42030836127,45724151069,49681029980,54846886031,60783592307,66713703039,73142659659,78805479102,83590251691,89922723443,98844247428,95918398738,1.03322E+11,1.08827E+11,1.17377E+11,1.27683E+11,1.34275E+11,1.45035E+11,1.56414E+11,
Uganda,UGA,"GDP, PPP (current international $)",GDPPPP,11660933749,12724839693,13459720372,14925866984,16220798837,18469276994,20513689035,21931664318,23266424455,25503266665,26892587283,28907053499,31928586153,34626733179,37979539555,41642576217,47529719414,52912310941,58639158668,63104952043,67439350053,75314068910,69298256480,71589850732,76755309091,81022823435,82608682790,85406362066,92878344808,1.01124E+11,
Ukraine,UKR,"GDP, PPP (current international $)",GDPPPP,3.79074E+11,3.58933E+11,3.31506E+11,2.91083E+11,2.29116E+11,2.05382E+11,1.88228E+11,1.8573E+11,1.84252E+11,1.86538E+11,2.0196E+11,2.25385E+11,2.40969E+11,2.688E+11,3.09461E+11,3.28665E+11,3.63803E+11,4.01944E+11,4.19203E+11,3.60059E+11,3.78221E+11,4.07226E+11,4.25994E+11,4.86365E+11,4.61987E+11,4.3549E+11,4.75722E+11,5.0435E+11,5.34229E+11,5.62213E+11,
Upper middle income,UMC,"GDP, PPP (current international $)",GDPPPP,7.42942E+12,7.93123E+12,8.29123E+12,8.80637E+12,9.29925E+12,9.89055E+12,1.06091E+13,1.13722E+13,1.1471E+13,1.19987E+13,1.30445E+13,1.38051E+13,1.46775E+13,1.58338E+13,1.75772E+13,1.95331E+13,2.21532E+13,2.48608E+13,2.73369E+13,2.83529E+13,3.09647E+13,3.38426E+13,3.61201E+13,3.82415E+13,3.97821E+13,4.0136E+13,4.16663E+13,4.42071E+13,4.75284E+13,5.0142E+13,
Uruguay,URY,"GDP, PPP (current international $)",GDPPPP,19870440035,21269366312,23479519431,24674577919,27036479256,27203802239,29247113213,32294507309,34133767188,33955108644,34044207078,33453532343,31355144059,32194625994,34715817772,38467713564,41256166310,45135695265,49315649640,51800267970,56493159592,60650417082,61471427258,64840118782,68327142924,68982579038,70776165924,73285946717,76287409889,77941611168,
United States,USA,"GDP, PPP (current international $)",GDPPPP,5.96314E+12,6.15813E+12,6.52033E+12,6.85856E+12,7.28724E+12,7.63975E+12,8.07312E+12,8.57755E+12,9.06282E+12,9.63066E+12,1.02523E+13,1.05818E+13,1.09364E+13,1.14582E+13,1.22137E+13,1.30366E+13,1.38146E+13,1.44519E+13,1.47128E+13,1.44489E+13,1.49921E+13,1.55426E+13,1.6197E+13,1.67848E+13,1.75272E+13,1.82247E+13,1.8715E+13,1.95194E+13,2.05802E+13,2.14332E+13,
Uzbekistan,UZB,"GDP, PPP (current international $)",GDPPPP,51141482292,52610837134,47783093444,47790159046,46272505627,46817577131,48485293377,51886080619,54726282013,57903628145,61468294111,65432135003,69108179332,73370997471,80958846734,89282580582,98838600788,1.11108E+11,1.23497E+11,1.34457E+11,1.46357E+11,1.61046E+11,1.70096E+11,1.79717E+11,1.89421E+11,1.98534E+11,2.05512E+11,2.11135E+11,2.28058E+11,2.45421E+11,
St. Vincent and the Grenadines,VCT,"GDP, PPP (current international $)",GDPPPP,402176217.8,420498991,457508535.2,488257784.9,492461673.5,541841369.9,558864528.6,588432198.3,619389802.2,645366154.5,670608339.7,697031517.8,752817766.6,825763498.4,883239878.3,933411852.5,1035594606,1098958802,1138086391,1122691343,1097686056,1115916963,1133921975,1185007912,1231232172,1270683570,1363525741,1344833245,1407392530,1441824115,
"Venezuela, RB",VEN,"GDP, PPP (current international $)",GDPPPP,1.88492E+11,2.13827E+11,2.31954E+11,2.38104E+11,2.37475E+11,2.52035E+11,2.56142E+11,2.77159E+11,2.81103E+11,2.68136E+11,2.84237E+11,3.00331E+11,2.78064E+11,2.61263E+11,3.17359E+11,3.61009E+11,4.08652E+11,4.56362E+11,4.89794E+11,4.77724E+11,4.76095E+11,5.06339E+11,,,,,,,,,
British Virgin Islands,VGB,"GDP, PPP (current international $)",GDPPPP,,,,,,,,,,,,,,,,,,,,,,,,,,,,,,,
Virgin Islands (U.S.),VIR,"GDP, PPP (current international $)",GDPPPP,,,,,,,,,,,,,,,,,,,,,,,,,,,,,,,
Vietnam,VNM,"GDP, PPP (current international $)",GDPPPP,62391627533,68346397258,75947877647,84023625509,93403271392,1.0446E+11,1.16308E+11,1.27958E+11,1.36858E+11,1.45461E+11,1.58806E+11,1.7234E+11,1.86131E+11,2.02668E+11,2.23809E+11,2.48198E+11,2.73553E+11,3.00928E+11,3.24151E+11,3.44253E+11,3.70634E+11,4.01988E+11,4.52825E+11,4.86338E+11,5.26915E+11,5.65575E+11,6.15496E+11,6.7691E+11,7.42463E+11,8.09994E+11,
Vanuatu,VUT,"GDP, PPP (current international $)",GDPPPP,250062925.7,266656700.3,279784853.2,288520164.6,321442532.7,331477413.6,345402715.1,368599327,377134688.6,383870188.1,415703510.4,410387990.3,395208638,419810647.6,448303003.1,486792177.1,543978270.9,587489826.2,637538585.6,663680352,682351771,705126498.6,731260266.3,758745551.5,790588592.5,800123284.8,836431478.1,889833369.2,937945608,987374699.2,
World,WLD,"GDP, PPP (current international $)",GDPPPP,2.93113E+13,3.08892E+13,3.22987E+13,3.37092E+13,3.55277E+13,3.75211E+13,3.97366E+13,4.20291E+13,4.34395E+13,4.55832E+13,4.89505E+13,5.12937E+13,5.37711E+13,5.67907E+13,6.13917E+13,6.61516E+13,7.2421E+13,7.84089E+13,8.30372E+13,8.38412E+13,8.93113E+13,9.51526E+13,1.00126E+14,1.05042E+14,1.09029E+14,1.11381E+14,1.15764E+14,1.22118E+14,1.30589E+14,1.36678E+14,
Samoa,WSM,"GDP, PPP (current international $)",GDPPPP,390351287.5,394270280,402448859.1,428875303.5,426898174.5,464936549.4,507438502,519509998.1,536888197.5,556542546.5,608350740.2,664838574,704692128.5,750190113.9,806017219.6,865669781.4,909425866.9,992899953.6,1022427284,980685875.4,996867119.9,1060162953,1036316810,1050086569,1070348202,1127698996,1231140699,1267070040,1269795398,1339408944,
Kosovo,XKX,"GDP, PPP (current international $)",GDPPPP,,,,,,,,,,,6053784308,7855329544,7923649593,8553444779,9013163509,9854641928,10610050310,11688889339,12667675352,13223165920,13820023434,14726006657,15319686484,16009210622,16393220404,17123326573,17885970979,18860124253,20056718171,21299154810,
"Yemen, Rep.",YEM,"GDP, PPP (current international $)",GDPPPP,24223711573,26618971581,29460160866,31365073857,34188202417,36883969439,39300188796,42069165289,45098070128,47476472560,51538362594,54672153422,57722444379,60997665592,65128343295,70912306897,75374504279,79983192680,84513161736,88449830199,96372554583,85876118856,85440864870,92755610680,,,,,,,
South Africa,ZAF,"GDP, PPP (current international $)",GDPPPP,2.36292E+11,2.41795E+11,2.42021E+11,2.50811E+11,2.64364E+11,2.78274E+11,2.95554E+11,3.08468E+11,3.13499E+11,3.25658E+11,3.46922E+11,3.64104E+11,3.83549E+11,4.02193E+11,4.31832E+11,4.68782E+11,5.10032E+11,5.51808E+11,5.80492E+11,5.75921E+11,6.00342E+11,6.33011E+11,6.37034E+11,6.68458E+11,6.82955E+11,6.95229E+11,7.07744E+11,7.24101E+11,7.47578E+11,7.63258E+11,
Zambia,ZMB,"GDP, PPP (current international $)",GDPPPP,11860115566,12256765312,12319095876,13468171961,12569272619,13204681953,14282638353,15083061243,15193986994,16130108720,17133388742,18440137763,19575875393,21324205429,23438273132,25917087577,28811788094,32056884244,35220975666,38761736729,43251692413,46612238753,49508703940,53419843089,54506587745,54472595406,55712209199,58735190956,62593304576,64728818157,
Zimbabwe,ZWE,"GDP, PPP (current international $)",GDPPPP,18504395060,20188407782,18786904635,19434235784,21682346215,22171970550,24917178709,26026294435,27078591096,27244900971,27001848459,27991362953,25905182628,21901900825,21185341336,20597651855,20486415784,20268197249,17011604888,19201600823,23247347488,27101598206,31160636694,34187291083,35494681435,37016438435,39375709106,43112365756,46295492451,43371768897,
