"","Country","Year","HLOavg","minshare","midshare","maxshare"
"1","Albania",2000,400.65,57.75,21.28,2.69
"2","Albania",2005,399.32,60.15,27,3.1
"3","Albania",2010,402.75,61.32,25.43,2.16
"4","Albania",2015,436.73,70.65,38.88,5.32
"5","Algeria",2005,390.17,58.11,17.22,1.5
"6","Algeria",2015,375.14,51.31,13.31,0
"7","Argentina",1995,377.66,67.99,25.97,4.37
"8","Argentina",2000,409.87,60.36,27.02,4.2
"9","Argentina",2005,405.44,64.89,31.07,3.11
"10","Argentina",2010,413.27,65.95,29.83,2.51
"11","Argentina",2015,429.38,70.86,33.46,2.09
"12","Argentina (Buenos Aires)",2015,414.19,67.75,34.66,2.68
"13","Armenia",2005,482.68,87.98,59.45,9
"14","Armenia",2010,469.07,86.13,60.12,16.39
"15","Australia",1970,484,86.29,62.59,16.09
"16","Australia",1975,505.47,85.27,58.63,13.26
"17","Australia",1980,331.55,93.11,82.45,23.63
"18","Australia",1985,475.87,83.53,56.71,12.71
"19","Australia",1990,488.69,86.47,60.3,13.19
"20","Australia",1995,501.93,91.57,70.72,18.42
"21","Australia",2000,508.87,93.58,73.74,20.43
"22","Australia",2005,504.44,91.51,71.04,17.84
"23","Australia",2010,509.98,91.1,70.9,20.61
"24","Australia",2015,509.22,91.53,71.94,21.38
"25","Austria",1995,529.96,96.05,80.97,27.56
"26","Austria",2000,529.67,92.16,76.33,25.26
"27","Austria",2005,516.5,88.14,72.42,23.59
"28","Austria",2010,512.93,89.56,72.83,18.65
"29","Austria",2015,519.54,88.51,70.12,23.35
"30","Azerbaijan",2005,503.38,94.39,62.37,5.37
"31","Azerbaijan",2010,453.14,77.46,41.12,7.98
"32","Bahrain",2005,400.18,63.89,27.18,1.92
"33","Bahrain",2010,419.25,67.34,32.56,3.49
"34","Bahrain",2015,452.36,80.6,47.51,6.89
"35","Belgium",2000,531.37,88.03,68.45,25.46
"36","Belgium",2005,535.22,87.36,72.18,31.13
"37","Belgium",2010,534.58,90.2,74.41,30.74
"38","Belgium",2015,529.11,89.08,72.55,27.84
"39","Belgium Flemish",1970,486.32,92.39,61.43,19.52
"40","Belgium Flemish",1975,472.07,95.6,69.97,23.58
"41","Belgium Flemish",1980,351.03,92.07,81.46,26.87
"42","Belgium Flemish",1985,497.95,86.6,63.9,19.22
"43","Belgium Flemish",1990,521,90.14,70.28,23.32
"44","Belgium Flemish",1995,534.88,97.01,83.88,32.08
"45","Belgium Flemish",2000,548.24,96.51,85.88,35.77
"46","Belgium Flemish",2005,542.39,95.14,87.25,32.32
"47","Belgium Flemish",2010,547.13,97.21,85.78,33.73
"48","Belgium Flemish",2015,541.15,96.38,84.75,29.71
"49","Belgium French",1970,191.17,95.38,82.96,33.99
"50","Belgium French",1975,305.11,94.3,82.33,33.87
"51","Belgium French",1980,298.52,93.3,86.78,28.64
"52","Belgium French",1985,479.97,85.16,61.1,18.41
"53","Belgium French",1990,491.49,88.23,63.84,16.96
"54","Belgium French",1995,500.39,93.32,72.38,15.76
"55","Benin",2005,279.03,24.35,8.79,0
"56","Bolivia",1995,370.4,53.61,15.16,1.45
"57","Bosnia and Herzegovina",2005,460.77,82.44,52.48,7.65
"58","Botswana",2000,350.84,50.88,14.3,1.89
"59","Botswana",2005,356.04,49.03,10.93,0.64
"60","Botswana",2010,393.9,54.97,18.2,1.7
"61","Botswana",2015,398.47,64.35,29.1,2.12
"62","Brazil",1990,270.08,47.71,0,0
"63","Brazil",1995,370.59,56.63,16.89,1.01
"64","Brazil",2000,359.78,44.23,8.26,1.1
"65","Brazil",2005,397.54,57.6,21.82,1.93
"66","Brazil",2010,407.67,63.03,24.21,1.88
"67","Brazil",2015,408.76,63.31,28.31,1.66
"68","Bulgaria",1995,521.85,91.46,70.74,28.53
"69","Bulgaria",2000,497.77,89.6,67.85,18.45
"70","Bulgaria",2005,474.23,84.27,59.43,13.14
"71","Bulgaria",2010,451.6,74.07,44.3,8.78
"72","Bulgaria",2015,490.67,78.88,61,20.62
"73","Burkina Faso",1995,334.21,14.43,0,0
"74","Burkina Faso",2005,296.88,37.14,6.3,0
"75","Burundi",2000,337.04,51.51,9.45,0
"76","Burundi",2010,332.33,47.54,17.05,0
"77","Cameroon",1995,351.96,24.07,0,0
"78","Cameroon",2005,336.64,44.5,14.38,0
"79","Canada",1985,482.16,89.26,67.61,18.13
"80","Canada",1990,494.64,92.09,71.61,18.69
"81","Canada",1995,512.25,95.01,75.85,19.27
"82","Canada",2000,518.2,95.97,78.37,21.52
"83","Canada",2005,518.69,96.02,78.8,21.48
"84","Canada",2010,519.08,96.06,79.22,21.42
"85","Canada",2015,519.69,96.1,80.02,20.56
"86","Canada (Alberta)",1990,502.56,88.6,67.01,26.71
"87","Canada (Alberta)",2005,504.24,92.16,71.72,12.96
"88","Canada (Alberta)",2010,503.89,94.26,74.49,13.11
"89","Canada (British Colombia)",1980,393.05,86,68.15,21.87
"90","Canada (British Colombia)",1985,470.9,83.05,58.62,21.99
"91","Canada (British Colombia)",1990,472.09,85.28,57.31,17.01
"92","Canada (British Colombia)",1995,485.07,87.64,60.3,18.48
"93","Canada (British Colombia)",2000,495.16,90.93,64.27,18.52
"94","Canada (British Colombia)",2005,510.8,92.73,70.75,18.1
"95","Canada (Nova Scotia)",1990,468.44,82.6,53.32,14.4
"96","Canada (Ontario)",1980,425.71,87.75,67.6,19.03
"97","Canada (Ontario)",1985,484.12,85.66,61.39,23.02
"98","Canada (Ontario)",1990,485.24,88.36,60.78,17.18
"99","Canada (Ontario)",1995,492.77,91.48,62.59,15.76
"100","Canada (Ontario)",2000,481.5,95.79,69.04,18.13
"101","Canada (Ontario)",2005,516.39,96.01,79.11,18.62
"102","Canada (Ontario)",2010,515.45,94.89,77.87,19.28
"103","Canada (Ontario)",2015,517.91,95.57,78.95,19.98
"104","Canada (Quebec)",1990,505.31,89.08,68.11,27.71
"105","Canada (Quebec)",2000,505.78,87.79,66.34,21.77
"106","Canada (Quebec)",2005,523.87,98.21,83.93,19.2
"107","Canada (Quebec)",2010,529.81,97.59,84.77,22.26
"108","Canada (Quebec)",2015,539.36,98.21,88.5,27.41
"109","Chad",2005,287.21,25.25,9.22,0
"110","Chad",2010,300.46,44.04,19.86,0
"111","Chile",1970,340.61,40.79,11.08,3.78
"112","Chile",1975,332.81,40.13,8.72,2.91
"113","Chile",1980,330.36,45.55,9.74,2.03
"114","Chile",1985,332.04,57.87,16.29,1.88
"115","Chile",1990,349.23,60.44,17.4,2.32
"116","Chile",1995,351.9,53.03,10.55,1.26
"117","Chile",2000,371.98,58.48,13.1,0.89
"118","Chile",2005,404.38,63.73,28.55,2.07
"119","Chile",2010,430,66.76,32.49,2.16
"120","Chile",2015,455.97,76.33,47.9,6.05
"121","China",2000,539.2,94.97,77.6,28.86
"122","China",2010,602.23,97.03,90.82,59.87
"123","China",2015,554.72,91.63,78.43,38.27
"124","Colombia",1995,352.36,49.11,10.11,1.01
"125","Colombia",2000,371.01,48.6,6.71,1.19
"126","Colombia",2005,386.63,56.91,18.97,0.9
"127","Colombia",2010,401.58,62.6,21.14,0.54
"128","Colombia",2015,413.67,65.59,25.92,1.12
"129","Comoros",2010,297.43,41.54,17.89,0
"130","Costa Rica",2005,440.23,75.71,42.14,3.09
"131","Costa Rica",2010,431.01,71.47,35.13,3.09
"132","Costa Rica",2015,422.54,67.97,30,1.46
"133","Cote d'Ivoire",1995,286.02,0,0,0
"134","Cote d'Ivoire",2005,248.28,24.82,0.97,0
"135","Cote d'Ivoire",2010,259.79,37.15,17.81,0
"136","Croatia",2000,436.37,72.87,42.94,7.03
"137","Croatia",2005,489.34,85.67,59.26,11.77
"138","Croatia",2010,483.87,84.35,60.67,9.66
"139","Croatia",2015,491.55,84.11,64.21,13.31
"140","Cuba",1995,505.21,95.42,84.04,45.47
"141","Cuba",2005,507.91,84.49,64.14,27.43
"142","Cyprus",1990,438.76,87.59,58.39,15.46
"143","Cyprus",1995,471.45,83.74,57.61,12.26
"144","Cyprus",2000,484.05,86.14,60.95,12.6
"145","Cyprus",2005,486.82,84.02,61.75,16.15
"146","Cyprus",2010,512.86,89.89,71.21,22.42
"147","Cyprus",2015,518,90.7,73.93,25.02
"148","Czech Republic",1995,543.48,97.67,84.47,33.46
"149","Czech Republic",2000,517.66,94.45,75.95,26.51
"150","Czech Republic",2005,501.2,93.48,72.63,24.19
"151","Czech Republic",2010,508.26,89.56,69.65,14.87
"152","Czech Republic",2015,516.2,88.64,72.53,22.4
"153","Democratic Republic of Congo",2010,340.17,49.71,21.24,0
"154","Denmark",2000,531.87,92.49,71.32,17.76
"155","Denmark",2005,525.59,91.87,75.5,22.42
"156","Denmark",2010,527,91.99,76.81,23.5
"157","Denmark",2015,534.18,93.33,78.94,27.51
"158","Dominican Republic",1995,344.74,31.31,0,0
"159","Dominican Republic",2005,330.58,38.79,0.72,0
"160","Dominican Republic",2015,337.71,43.1,8.84,2.38
"161","Ecuador",2005,361.91,50.63,12.54,0.46
"162","Ecuador",2010,385.38,54.41,13.23,0.99
"163","Ecuador",2015,414.71,65.36,26.14,3.04
"164","Egypt",2005,402.6,64.37,32.04,4.29
"165","Egypt",2010,397.91,63.96,30.09,3.17
"166","Egypt",2015,397.83,64.34,32.79,5.09
"167","El Salvador",2005,363.87,50.82,11.92,0.46
"168","England",1970,465.08,82.86,54.51,19.63
"169","England",1975,451.28,79.79,51.37,18.38
"170","England",1980,445.67,79.02,50.26,17.7
"171","England",1985,448.23,89.36,62.51,22.22
"172","England",1990,450.82,86.4,57.08,19.27
"173","England",1995,445.7,80.51,46.79,6.59
"174","England",2000,492.35,89.22,57.92,9.76
"175","England",2005,521.4,91.89,73.58,25.66
"176","England",2010,526.7,91.91,76.32,30.15
"177","England",2015,532.06,93.78,77.95,30.67
"178","Estonia",2005,534.88,97.13,83.68,26.34
"179","Estonia",2010,536.41,94.78,78.78,23.46
"180","Estonia",2015,542.42,94.71,80.66,27.97
"181","Finland",1970,528.76,69.62,35.1,0
"182","Finland",1975,500.54,70.28,33.73,0
"183","Finland",1980,575.41,64.53,11.69,0
"184","Finland",1985,458.37,76.39,39.93,1.67
"185","Finland",1990,468.42,79.15,43.18,7.7
"186","Finland",1995,441.11,87.27,34.41,0
"187","Finland",2000,516.86,96.68,77.7,14.47
"188","Finland",2005,523.91,97.57,82.45,20.8
"189","Finland",2010,527.99,95.62,81.31,25.35
"190","Finland",2015,531.13,93.31,79.23,25.29
"191","France",1970,438.91,88.61,68.44,22.03
"192","France",1975,494.83,89.88,67.98,20.79
"193","France",1980,406.65,94.35,81.48,27.42
"194","France",1985,505.94,87.98,64.6,15.3
"195","France",1990,505.12,90.05,66.16,15.47
"196","France",1995,516.52,97.4,79.17,17.9
"197","France",2000,533.4,92.18,71,20.02
"198","France",2005,507.39,83.51,64.18,20.93
"199","France",2010,516.74,88.32,69.62,23.3
"200","France",2015,499.18,88.25,67,15.8
"201","Gabon",2005,324.76,35.11,7.18,0
"202","Gambia",2000,267.32,36.53,0,0
"203","Georgia",2005,428.57,72,38.67,5.17
"204","Georgia",2010,436.96,72.72,40.6,4.97
"205","Georgia",2015,459.68,80.5,52.71,9.16
"206","Germany",1975,352.21,96.65,92.44,41.26
"207","Germany",1985,491.27,85.79,64.96,9.56
"208","Germany",1990,492.11,88.44,67.09,12.23
"209","Germany",1995,491.59,91.36,66.82,14.65
"210","Germany",2000,502.18,84.09,58.59,15.4
"211","Germany",2005,522.27,88.7,73.57,23.11
"212","Germany",2010,529.12,91.27,78.46,26.28
"213","Germany",2015,524.26,91.69,77.43,22.91
"214","Ghana",2005,308.95,37.47,6.41,0
"215","Ghana",2010,336.16,45.9,8.98,0
"216","Greece",1990,427.36,86.94,57.42,13.88
"217","Greece",1995,473.86,85.63,58.28,11.68
"218","Greece",2000,504.29,78.85,53.98,13.76
"219","Greece",2005,485.26,80.01,50.25,9.06
"220","Greece",2010,482.17,83.49,57.92,12.86
"221","Greece",2015,477.87,81.1,55.4,11.52
"222","Guatemala",2005,357.76,48.58,7.92,0.7
"223","Guatemala",2010,371.7,50.37,6.89,0.25
"224","Guatemala",2015,389.02,57.8,15.06,2.32
"225","Honduras",1995,339.45,9.58,0,0
"226","Honduras",2010,363.71,48.46,14.13,0.35
"227","Hong Kong",1980,445.75,86.95,66.16,20.15
"228","Hong Kong",1985,505.88,80.56,63.76,32.33
"229","Hong Kong",1990,535.47,87.92,72.87,33.56
"230","Hong Kong",1995,562.91,97.19,90.31,44.6
"231","Hong Kong",2000,575.08,98.62,93.52,48.63
"232","Hong Kong",2005,585.21,97.41,93.24,55.93
"233","Hong Kong",2010,592.66,97.19,92.41,60.87
"234","Hong Kong",2015,605.4,98.41,95.23,66.66
"235","Hungary",1970,483.32,94.21,69.1,22.65
"236","Hungary",1975,491.03,94.33,70.79,23.17
"237","Hungary",1980,518.96,89.87,70.02,25.88
"238","Hungary",1985,542.37,92.91,77.76,28.28
"239","Hungary",1990,532.59,92.8,75.63,26.78
"240","Hungary",1995,523.68,94.79,78.08,25.67
"241","Hungary",2000,528.23,94.79,79.46,27.44
"242","Hungary",2005,521.42,94.02,77.48,27.46
"243","Hungary",2010,510.38,91.18,72.98,24.08
"244","Hungary",2015,522.5,91.35,75.21,29.4
"245","Iceland",1990,420.17,86.56,53.16,10.07
"246","Iceland",1995,468.96,89.88,57.48,6
"247","Iceland",2000,528.02,92.82,65.09,11.77
"248","Iceland",2005,541.16,89.05,63.1,13.23
"249","Iceland",2010,522.85,91.08,73.3,23.41
"250","Iceland",2015,511.8,87.89,68.19,21.11
"251","India",2010,378.54,52.16,16.97,0.26
"252","Indonesia",2000,404.79,62.38,25.42,4.54
"253","Indonesia",2005,406.4,65.44,32.13,4.07
"254","Indonesia",2010,395.33,62.81,27.64,2.83
"255","Indonesia",2015,396.71,59.73,23.34,1.63
"256","Iran",1970,353.09,51.92,20.37,1.48
"257","Iran",1975,362.39,54.77,21.25,1.48
"258","Iran",1980,372,57.81,22.18,1.49
"259","Iran",1985,381.91,61.05,23.16,1.49
"260","Iran",1990,392.14,64.5,24.21,1.49
"261","Iran",1995,402.71,68.17,25.32,1.49
"262","Iran",2000,403.86,68.74,26.16,1.82
"263","Iran",2005,401.54,65.76,24.46,1.26
"264","Iran",2010,417.76,67.03,29.45,2.05
"265","Iran",2015,433.92,72.65,42.07,6.65
"266","Ireland",1990,478.59,81.31,50.38,11.75
"267","Ireland",1995,524.46,93.74,77.65,27.64
"268","Ireland",2000,525.89,91.86,73.87,22.62
"269","Ireland",2005,522.14,89.66,71.94,23.32
"270","Ireland",2010,518.36,90.57,73.02,22.13
"271","Ireland",2015,535.42,95.29,82.89,30.03
"272","Israel",1990,492.7,86.66,70.23,24.83
"273","Israel",1995,508.58,92.85,74.4,19.55
"274","Israel",2000,487.43,75.91,52.41,12.42
"275","Israel",2005,484.45,85.85,64.55,17.67
"276","Israel",2010,504.46,86.39,64.94,15.57
"277","Israel",2015,514.24,88.77,72.56,29.19
"278","Italy",1970,412.34,85.24,51.51,9.77
"279","Italy",1975,427.87,86.14,54.13,10.62
"280","Italy",1985,458.84,82.39,57.22,15.9
"281","Italy",1990,507.8,83.85,60.74,20
"282","Italy",1995,479.97,87.44,61.71,14.66
"283","Italy",2000,504.68,86.06,57.83,11.02
"284","Italy",2005,493.19,88.94,66.38,15.33
"285","Italy",2010,500.79,90.74,68.95,14.83
"286","Italy",2015,500.75,91.51,71.41,15.48
"287","Japan",1970,547.77,91.63,81.47,42.7
"288","Japan",1975,548.11,92.27,82.52,42.39
"289","Japan",1980,552.31,93.39,84.05,42.61
"290","Japan",1985,565.04,95.14,86.69,45.19
"291","Japan",1990,571.57,96.79,88.6,45.19
"292","Japan",1995,574.14,98.61,92.29,49.09
"293","Japan",2000,572.07,98.38,91.78,48.65
"294","Japan",2005,568.4,97.82,90.63,45.74
"295","Japan",2010,576.1,97.6,91.02,49.05
"296","Japan",2015,590.89,98.13,93.15,58.01
"297","Jordan",1990,315.31,55.66,0,0
"298","Jordan",2000,460.36,69.59,35.87,6.8
"299","Jordan",2005,427.75,71.76,39.78,5.66
"300","Jordan",2010,417.74,71.37,40.83,6.27
"301","Jordan",2015,387.01,59.24,26.07,2.17
"302","Kazakhstan",2000,513.06,89.35,68.79,23.31
"303","Kazakhstan",2005,538.38,92.83,79.19,35.17
"304","Kazakhstan",2010,470.62,72.32,50.88,20.82
"305","Kazakhstan",2015,536.11,93,79.93,32.64
"306","Kenya",1995,387.16,77.69,37.37,6.56
"307","Kenya",2000,403.39,72.2,32.2,5.59
"308","Kenya",2005,355.93,59.03,20.41,3.57
"309","Kuwait",2005,346.23,45.29,9.75,0.76
"310","Kuwait",2010,351.22,43.26,8.61,0.15
"311","Kuwait",2015,372.3,54.47,19.23,1.76
"312","Kyrgyzstan",2005,353.73,50.06,20.5,0.48
"313","Kyrgyzstan",2010,362.14,51.09,15.85,0
"314","Latvia",1990,147.23,95.56,76.31,39.57
"315","Latvia",1995,493.14,89.69,65.97,15.07
"316","Latvia",2000,514.03,93.25,73.73,18.14
"317","Latvia",2005,520.86,88.12,71.12,23.53
"318","Latvia",2010,505.88,89.53,66.91,14.68
"319","Latvia",2015,508.22,90.21,69.28,16.04
"320","Lebanon",2005,438.92,76.02,39.4,3.48
"321","Lebanon",2010,452.92,79.37,48.5,6.97
"322","Lebanon",2015,454.42,79.88,49.84,6.05
"323","Lesotho",2000,259.13,12.84,0,0
"324","Lesotho",2005,323.52,35.36,4.67,0
"325","Liberia",2000,273.71,37.9,0,0
"326","Liechtenstein",2000,530.34,90.52,68.92,19.97
"327","Liechtenstein",2005,540.41,90.24,75.24,29.74
"328","Liechtenstein",2010,557.47,94.71,84.02,32.06
"329","Lithuania",1995,462.74,84.18,52.68,8.57
"330","Lithuania",2000,480.04,88.71,59.65,9.84
"331","Lithuania",2005,517.85,92.27,74.85,24.57
"332","Lithuania",2010,517.77,92.29,75.55,24.52
"333","Lithuania",2015,523.24,93.33,77.87,25.47
"334","Luxembourg",1980,329.49,84.63,63.39,11.59
"335","Luxembourg",1985,439.85,79.41,49.04,20.18
"336","Luxembourg",1990,431.45,78.73,40.96,6.97
"337","Luxembourg",1995,454.01,76.91,47.84,18.29
"338","Luxembourg",2000,461.81,77.71,43.92,5.42
"339","Luxembourg",2005,508.45,84.78,63.22,17.62
"340","Luxembourg",2010,509.77,87.63,66.94,20.58
"341","Luxembourg",2015,508.88,86.4,65.42,19.55
"342","Macao",2005,545.25,92.95,77.06,26.56
"343","Macao",2010,550.5,95.01,81.9,29.57
"344","Macao",2015,561.9,95.62,85.64,37.02
"345","Macedonia",2000,440.71,75.87,43.42,6.9
"346","Macedonia",2005,435.98,74.57,43.65,6.33
"347","Macedonia",2010,432.58,74.39,43.94,6.27
"348","Macedonia",2015,389,58.02,26.39,5.4
"349","Madagascar",1995,408.41,61.07,26.83,0.99
"350","Madagascar",2000,284.75,40.27,0,0
"351","Madagascar",2005,367.58,57.94,24.45,1.45
"352","Malawi",1995,356.68,0,0,0
"353","Malawi",2000,238.04,4.46,0,0
"354","Malawi",2005,322.77,29.15,5.47,0
"355","Malaysia",2000,511.8,93.58,73.92,21.51
"356","Malaysia",2005,496.7,89.95,68.98,18.22
"357","Malaysia",2010,453.5,80.34,53.53,10.5
"358","Malaysia",2015,474.05,83.13,57.26,12.17
"359","Mali",2000,170.91,5.39,0,0
"360","Malta",2005,494.21,88.42,68.32,17.73
"361","Malta",2010,490.06,88.42,66.47,13.89
"362","Malta",2015,498,88.62,69.92,19.25
"363","Mauritius",1995,416.54,72.48,42.28,17.29
"364","Mauritius",2000,397.78,64.85,37.64,14.61
"365","Mauritius",2005,405.54,69.93,45.12,17.35
"366","Mauritius",2010,444.73,73.97,43.37,5.98
"367","Mexico",1995,363.22,52.3,12.37,1.44
"368","Mexico",2000,403.33,58.15,16.26,1.02
"369","Mexico",2005,435.78,66.03,32.71,3.84
"370","Mexico",2010,440.92,73.62,38.92,4.2
"371","Mexico",2015,443.36,71.21,40.57,4.19
"372","Mexico (Nuevo Leo)",2005,439.97,75.66,43.95,4.17
"373","Mexico (Nuevo Leo)",2010,454.36,78.08,48.1,5.18
"374","Mexico (Nuevo Leo)",2015,472.38,81.2,55.2,9.25
"375","Moldova",2000,461.67,82.48,51.59,9.13
"376","Moldova",2005,483.69,83.24,60.42,15.61
"377","Moldova",2010,420.56,65.8,31.09,3.49
"378","Moldova",2015,443.29,72.34,42.01,6.81
"379","Mongolia",2000,379.44,60.63,23.75,0
"380","Mongolia",2005,438.28,76.32,40.56,4.38
"381","Montenegro",2005,425.49,68.47,35.65,4.14
"382","Montenegro",2010,424.16,67.14,32.44,3.96
"383","Montenegro",2015,441.38,71.42,39.85,5.43
"384","Morocco",2000,347.24,44.66,4.83,0.49
"385","Morocco",2005,364.01,51.82,12.68,0.3
"386","Morocco",2010,354.11,49.28,13.5,0.9
"387","Morocco",2015,380.75,56.91,20.13,1.47
"388","Mozambique",1990,219.3,38.78,0,0
"389","Mozambique",2000,387.03,65.87,17.13,3.87
"390","Mozambique",2005,322.74,40.3,0.92,0
"391","Namibia",1995,350.27,0,0,0
"392","Namibia",2000,231.44,2.7,0,0
"393","Namibia",2005,325.14,33.86,6.74,0
"394","Nepal",2000,189.48,19.79,0,0
"395","Netherlands",1970,469.3,83.75,50.23,3.85
"396","Netherlands",1975,474.08,84.95,49.74,3.98
"397","Netherlands",1980,476.23,86.21,49.16,4.02
"398","Netherlands",1985,475.33,87.53,48.38,3.98
"399","Netherlands",1990,474.52,88.95,47.77,3.94
"400","Netherlands",1995,476.96,94.71,59.63,9.88
"401","Netherlands",2000,516.42,96.27,70.17,11.8
"402","Netherlands",2005,541.27,92.59,81.55,30.5
"403","Netherlands",2010,541.33,93.6,83.09,29.98
"404","Netherlands",2015,530.27,91.75,80.23,25.15
"405","New Zealand",1970,428.42,95.91,76.71,22.76
"406","New Zealand",1975,476.4,90.35,66.33,17.24
"407","New Zealand",1980,462.46,79.75,50.01,10.97
"408","New Zealand",1985,459.92,81.2,54.02,20.7
"409","New Zealand",1990,418.02,79.64,43.02,8.16
"410","New Zealand",1995,435.34,79.98,43.57,3.98
"411","New Zealand",2000,475.01,86.45,52.82,7.73
"412","New Zealand",2005,493.45,89.93,66.13,15.83
"413","New Zealand",2010,488.94,88.65,65.06,15.88
"414","New Zealand",2015,492.69,88.6,65.01,17.39
"415","Nicaragua",2005,359.68,49.47,7.14,0.87
"416","Nicaragua",2010,362.49,49.37,5.09,0
"417","Nicaragua",2015,365.66,50.93,6.04,1.48
"418","Niger",2000,147.45,0,0,0
"419","Nigeria",1980,485.35,66.64,23.72,0
"420","Nigeria",1995,241.18,45.02,0,0
"421","Northern Ireland",2010,554.34,93.26,81.83,40.59
"422","Northern Ireland",2015,564.28,95.07,85.23,46.42
"423","Norway",2000,516.24,89.08,64.99,15.39
"424","Norway",2005,463.36,85.73,52.2,4.84
"425","Norway",2010,480.57,88.51,60.6,6.56
"426","Norway",2015,530.48,94.74,80.71,27.49
"427","Oman",1995,360.9,65.56,15.51,0
"428","Oman",2005,379.82,57.81,22.81,1.5
"429","Oman",2010,373.22,55.46,20.14,1.34
"430","Oman",2015,414.85,66.95,34.51,5.33
"431","Pakistan",2000,367.83,58.13,19.83,0
"432","Palestine",2005,385.11,59.87,26.66,2.36
"433","Palestine",2010,400.62,60.46,25.86,2.9
"434","Panama",2005,356.55,48.1,7.59,1.03
"435","Panama",2010,376.22,54.76,13.87,0.25
"436","Panama",2015,368.96,50.95,8.39,2.42
"437","Paraguay",1995,353.29,40.76,2.39,0
"438","Paraguay",2005,373.7,53.62,14.42,0.99
"439","Paraguay",2010,370.7,53.46,13.36,0
"440","Paraguay",2015,366.83,51.77,12.66,1.38
"441","Peru",1995,342.03,12.75,0,0
"442","Peru",2000,327.14,35.22,5.92,1.32
"443","Peru",2005,368.66,48.66,17.78,1.71
"444","Peru",2010,397.29,58.55,22.73,2.08
"445","Peru",2015,419.49,64.53,30.54,3.47
"446","Philippines",2000,360.57,47.14,9.85,1.15
"447","Philippines",2005,367.48,51.01,18.97,2.25
"448","Poland",2000,486.39,81.52,52.61,11.77
"449","Poland",2005,518.56,87.74,65.1,17.32
"450","Poland",2010,499.26,90.7,66.44,12.4
"451","Poland",2015,528.84,91.53,76.58,26.83
"452","Portugal",1990,396.81,66.69,17.02,0
"453","Portugal",1995,446.62,80.65,43.04,5.28
"454","Portugal",2000,472.24,80.9,51.09,6.61
"455","Portugal",2005,489.78,81.69,56.17,7.92
"456","Portugal",2010,515.31,88.45,66.64,11.53
"457","Portugal",2015,525.21,88.25,74.47,27.51
"458","Puerto Rico",2015,396.29,57.18,20.06,0.1
"459","Qatar",2005,335.33,45.46,12.27,0.79
"460","Qatar",2010,378.97,41.45,6.02,0.07
"461","Qatar",2015,438.9,75.18,43.35,8.38
"462","Romania",1995,463.31,82.79,53.46,10.48
"463","Romania",2000,468.77,83.11,54.2,10.76
"464","Romania",2005,472.23,82.86,58.69,14.4
"465","Romania",2010,469.42,79.46,55.09,15.25
"466","Romania",2015,469.42,79.18,51.22,9.68
"467","Russia",1990,551.76,97.25,86.75,44.48
"468","Russia",1995,511.58,93.87,74.04,22.56
"469","Russia",2000,517.79,93.33,75.07,23.81
"470","Russia",2005,524.08,93.16,76.69,25.23
"471","Russia",2010,537.62,94.69,80.96,29.57
"472","Russia",2015,551.63,95.65,85.58,38.46
"473","Saudi Arabia",2005,337.37,44.23,9.7,0.1
"474","Saudi Arabia",2010,391.22,50.82,18.93,2.27
"475","Saudi Arabia",2015,375.6,55.53,19.46,1.64
"476","Scotland",1970,448.23,79.97,46.58,9.4
"477","Scotland",1975,441.6,78.44,45.93,9.19
"478","Scotland",1980,442.05,78.8,46.18,9.15
"479","Scotland",1985,447.49,80.54,47.09,9.22
"480","Scotland",1990,453.1,82.42,48.04,9.29
"481","Scotland",1995,458.88,84.45,49.06,9.36
"482","Scotland",2000,484.51,88.7,54.87,9.67
"483","Scotland",2005,491.66,90.4,67.14,13.24
"484","Senegal",1995,256.29,0,0,0
"485","Senegal",2000,261.51,35.28,0,0
"486","Senegal",2005,319.54,31.66,10.58,0
"487","Serbia",2005,483.92,86.32,61.93,14.73
"488","Serbia",2010,487.15,80.15,58.28,17.03
"489","Serbia",2015,512.22,89.64,72.32,23.51
"490","Seychelles",2000,379.55,61.39,30.1,5.35
"491","Seychelles",2005,360.57,58,24.02,2.76
"492","Singapore",1985,497.46,95.33,92.59,0
"493","Singapore",1990,539.85,97.27,93.16,74.34
"494","Singapore",1995,600.41,99.73,95.94,62.27
"495","Singapore",2000,599.81,98.96,93.75,62.09
"496","Singapore",2005,598.83,98.26,92.7,63.26
"497","Singapore",2010,605.3,98.47,93.44,63.46
"498","Singapore",2015,619.17,98.99,94.83,71.37
"499","Slovakia",1995,524.26,95.94,78.5,25.4
"500","Slovakia",2000,496.44,94.96,78.61,23.99
"501","Slovakia",2005,499.59,86.9,65.23,16.62
"502","Slovakia",2010,506.72,88.77,69.24,18.66
"503","Slovakia",2015,495.32,85.87,65.22,15.9
"504","Slovenia",1990,458.32,78.97,45.04,6.95
"505","Slovenia",1995,528.01,96.54,80.61,26.19
"506","Slovenia",2000,508.07,94.1,74.35,25.02
"507","Slovenia",2005,493.62,92.21,66.6,10.85
"508","Slovenia",2010,506.99,93.36,73.58,15.14
"509","Slovenia",2015,518.04,95.22,79.01,20.47
"510","South Africa",1995,349.88,38.48,23.96,0
"511","South Africa",2000,298.71,29.01,10.19,1.88
"512","South Africa",2005,306.68,33.34,10.28,1.56
"513","South Africa",2010,349.84,44,9.99,0.44
"514","South Africa",2015,374.06,53.2,19.46,2.79
"515","South Korea",1985,519.99,89.14,75.01,48.02
"516","South Korea",1990,553.58,93.32,83.37,51.18
"517","South Korea",1995,580.79,97.7,92.69,54.56
"518","South Korea",2000,587.9,98.55,94.01,56.83
"519","South Korea",2005,594.41,98.14,93.79,59.53
"520","South Korea",2010,605.92,98.58,94.75,63.28
"521","South Korea",2015,607.23,98.87,95.32,66.85
"522","Spain",1990,495.49,87.35,64.17,24.16
"523","Spain",1995,477.55,88.77,58.37,9.58
"524","Spain",2000,491.21,84.76,55.72,10.26
"525","Spain",2005,507.61,83.29,59.98,14.22
"526","Spain",2010,490.33,88.45,63.85,11.05
"527","Spain",2015,504.83,88.95,69.76,16.14
"528","Spain (Basque Country)",2005,497.81,93.41,69.78,11.79
"529","Spain (regions)",2015,510.09,88.86,68.73,18.05
"530","Sri Lanka",2000,292.3,41.9,0,0
"531","Swaziland",1980,488.92,64.26,17.95,0
"532","Swaziland",2000,365.36,56.87,13.7,3.13
"533","Swaziland",2005,335.26,52.19,8.92,1.12
"534","Sweden",1970,426.84,96.55,66.77,19.82
"535","Sweden",1975,444.48,97.6,71.75,22.21
"536","Sweden",1980,411.55,76.65,46.7,8.95
"537","Sweden",1985,470.88,81.59,53.95,17.95
"538","Sweden",1990,500.74,87.48,61.34,20.31
"539","Sweden",1995,526.21,96.33,80.03,25.83
"540","Sweden",2000,512.31,92.25,77.16,24.56
"541","Sweden",2005,497.58,92.28,71.21,13.18
"542","Sweden",2010,494.59,91.2,69.78,12.56
"543","Sweden",2015,509.15,92.77,74.7,17.86
"544","Switzerland",1990,556.52,98.09,88.66,46.2
"545","Switzerland",1995,553.21,98.94,89.21,39.54
"546","Switzerland",2000,544.22,92.25,73.88,27.5
"547","Switzerland",2005,550.35,91.89,76.54,30.01
"548","Switzerland",2010,552.37,93.61,80.79,35.39
"549","Switzerland",2015,543.83,91.62,77.11,31.93
"550","Syria",2005,371.79,52.5,15.3,1.76
"551","Syria",2010,390.86,62.8,26.77,1.98
"552","Taiwan",1990,571.59,100,94.71,51.64
"553","Taiwan",2000,558.12,96.21,86.3,55.07
"554","Taiwan",2005,580.93,96.64,90.62,53.76
"555","Taiwan",2010,596.9,96.92,91.69,60.93
"556","Taiwan",2015,597.75,97.33,92.41,63.21
"557","Tanzania",2000,361.22,54.98,17.37,2.71
"558","Tanzania",2005,352.92,57.32,21.26,2.18
"559","Thailand",1970,470.32,92.18,57.05,11.74
"560","Thailand",1975,474.66,92.34,59.19,11.74
"561","Thailand",1980,460.29,79.56,53.59,10.65
"562","Thailand",1985,472.73,83.58,56.84,10.85
"563","Thailand",1990,485.65,87.95,60.39,11.06
"564","Thailand",1995,492.41,93.19,68.69,11.73
"565","Thailand",2000,464.65,83.75,55.04,7.97
"566","Thailand",2005,454.84,80.74,53.04,7.94
"567","Thailand",2010,444.63,76.18,48.04,7.21
"568","Thailand",2015,440.25,73.82,41.87,6.94
"569","Togo",2000,253.11,29.12,3.57,0
"570","Togo",2005,302.13,34.46,7.18,0
"571","Togo",2010,283.23,39.05,15.23,0
"572","Trinidad and Tobago",2010,435.06,69.62,38.86,6.65
"573","Trinidad and Tobago",2015,438.75,70.3,40.61,7.57
"574","Tunisia",2000,404.39,77.24,39.8,3.34
"575","Tunisia",2005,374.56,54.73,15.4,0.62
"576","Tunisia",2010,386.94,59.53,18.67,0.62
"577","Tunisia",2015,384.12,55.24,20.59,2.56
"578","Turkey",2000,424.62,70.87,32.98,4.39
"579","Turkey",2005,431.15,72.04,39.28,6.19
"580","Turkey",2010,456.62,74.09,47.81,12.23
"581","Turkey",2015,470.39,79.45,55.8,15.93
"582","Uganda",2000,331.1,41.89,13.47,3.68
"583","Uganda",2005,329.42,39.07,5.76,0.63
"584","Ukraine",2005,467.87,83.7,55.26,9.5
"585","Ukraine",2010,478.3,84.63,58.79,11.85
"586","United Arab Emirates",2010,433.55,71.33,35.95,5.71
"587","United Arab Emirates",2015,460.49,80.84,51.37,12.15
"588","United Arab Emirates (Abu Dhabi)",2010,428.68,73.83,35.98,4.18
"589","United Arab Emirates (Abu Dhabi)",2015,437.07,73.75,42.3,8.8
"590","United Arab Emirates (Dubai)",2005,457.03,82.35,50.24,8.62
"591","United Arab Emirates (Dubai)",2010,465.68,82.83,52.15,8.79
"592","United Arab Emirates (Dubai)",2015,510.09,91.44,71.51,23.49
"593","United Kingdom",1990,511,90.08,70.39,29.76
"594","United Kingdom",2000,545.07,93.8,75.2,24.47
"595","United Kingdom",2005,510.27,85.25,64.43,19.79
"596","United Kingdom",2010,513.69,89.9,69.52,19.27
"597","United Kingdom",2015,515.8,88.62,69.98,21.95
"598","United States",1970,470.27,77.96,56.77,17.93
"599","United States",1975,471.4,77.58,57.55,18.21
"600","United States",1980,477.28,79.03,59.17,18.52
"601","United States",1985,477.74,81.47,59.07,17.68
"602","United States",1990,494.25,85.72,63.08,18.57
"603","United States",1995,506.23,89.77,70.85,21.15
"604","United States",2000,510.81,90.82,72.39,22.77
"605","United States",2005,515.4,92.58,74.34,21.9
"606","United States",2010,523.88,93.31,76.99,24.77
"607","United States",2015,529.09,93.3,78.13,29.84
"608","United States (Indiana State)",2005,522.61,93.74,78.26,22.93
"609","United States (Massachusetts)",2005,554.97,96.49,87.47,40.56
"610","United States (Massachusetts)",2015,522.62,91.18,74.44,22.81
"611","United States (Minnesota)",2005,543.01,97.02,85.13,32.85
"612","United States (North Carolina)",2015,495.27,85.13,62.1,14.76
"613","Uruguay",2005,457.86,73.91,47.58,8.28
"614","Uruguay",2010,450.02,74.93,47.03,8.35
"615","Uruguay",2015,445.45,72.65,43.19,6.8
"616","Venezuela",1995,331.43,12.57,0,0
"617","Venezuela",2010,422.71,68.37,35.17,3.06
"618","Vietnam",2015,520.04,91.18,71.98,20.23
"619","Yemen",2005,296,31.58,8.59,0
"620","Yemen",2010,297.2,40,15.06,0
"621","Zambia",1995,355.24,0,0,0
"622","Zambia",2000,243.48,7.52,0,0
"623","Zambia",2005,324.46,27.5,7.05,0
"624","Zanzibar",1995,347.7,17.84,0,0
"625","Zanzibar",2000,310.54,34.33,2.47,0
"626","Zanzibar",2005,321.88,38.04,1.87,0.57
"627","Zimbabwe",2005,342.99,48.27,14.58,2.52
