Country Name,Country Code,Indicator Name,Indicator Code,1980,1981,1982,1983,1984,1985,1986,1987,1988,1989,1990,1991,1992,1993,1994,1995,1996,1997,1998,1999,2000,2001,2002,2003,2004,2005,2006,2007,2008,2009,2010,2011,2012,2013,2014,2015,2016,2017,2018,2019,2020
Aruba,ABW,Tax revenue (% of GDP),TAXTOTPERC,,,,,,,,,,,,,,,,,,,,,,,,,,,,,,,,,,,,,,,,,
Afghanistan,AFG,Tax revenue (% of GDP),TAXTOTPERC,,,,,,,,,,,,,,,,,,,,,,,,,,,6.967597575,5.283456604,6.08796493,8.481758361,9.169751919,8.916793996,7.707800603,7.12277329,6.882102943,7.585382331,9.502652783,9.898450897,,,
Angola,AGO,Tax revenue (% of GDP),TAXTOTPERC,,,,,,,,,,,,,,,,,,,,16.29397166,28.70338216,29.24667572,15.53281183,17.17157991,18.07456616,17.10911781,23.38516999,21.49916056,25.65014974,18.36108008,16.59994635,16.10341268,14.82271932,14.18476314,13.54263016,11.00201914,9.732512234,9.223777454,,,
Albania,ALB,Tax revenue (% of GDP),TAXTOTPERC,,,,,,,,,,,,,,,,13.6007883,8.861715246,9.904829782,14.56892858,,,,16.48423498,17.19614992,17.96508682,,,,,,,18.02201217,17.48323382,16.50327489,18.30194099,18.51579605,17.59022838,18.88748601,18.5574754,18.29002384,
Andorra,AND,Tax revenue (% of GDP),TAXTOTPERC,,,,,,,,,,,,,,,,,,,,,,,,,,,,,,,,,,,,,,,,,
Arab World,ARB,Tax revenue (% of GDP),TAXTOTPERC,,,,,,,,,,,,,,,,,,,,,,,,,,,,,,,,,,,,,,,,,
United Arab Emirates,ARE,Tax revenue (% of GDP),TAXTOTPERC,,,,,,,,,,,,,,,,,,0.992336344,1.075872392,1.122447005,,,,,,,,,,,,0.321413865,0.36378634,0.370450572,0.35572315,0.057734024,0.043494701,0.066457191,0.059310281,0.964960501,
Argentina,ARG,Tax revenue (% of GDP),TAXTOTPERC,,,,,,,,,,,4.838513147,5.008236547,5.547922134,8.015138006,8.126437228,8.054357652,8.171787775,8.690086356,9.030526186,9.076124336,9.622603502,9.324898794,9.818958347,12.5187797,13.1007799,13.10317565,12.8788867,12.44826845,13.31784636,12.38304156,12.85304269,12.6636277,12.95284151,12.45290276,12.61096661,12.33650694,12.09728364,10.93962386,10.1312463,10.64932467,
Armenia,ARM,Tax revenue (% of GDP),TAXTOTPERC,,,,,,,,,,,,,,,,,,,,,,,,,13.99640565,14.33566341,14.39598656,15.96253173,17.32175873,16.50586323,17.0700514,17.21941905,17.49164208,21.58621388,21.59917455,20.93122083,21.27737528,20.78065336,20.8701039,22.19795425,
American Samoa,ASM,Tax revenue (% of GDP),TAXTOTPERC,,,,,,,,,,,,,,,,,,,,,,,,,,,,,,,,,,,,,,,,,
Antigua and Barbuda,ATG,Tax revenue (% of GDP),TAXTOTPERC,,,,,,,,,,,,,,,,,,,,,,,,,,,,,,,,,,,,,,,,,
Australia,AUS,Tax revenue (% of GDP),TAXTOTPERC,20.44129025,21.49307883,21.61615817,21.74437108,21.04340654,22.54344116,22.60989856,23.26449897,23.17861984,22.68975012,22.4766008,22.37403042,20.68070077,20.01795231,20.04444349,21.21431474,21.92915453,22.43094161,22.27200615,22.47521128,23.07689981,24.94021836,23.6166114,24.36513684,24.34419347,24.83696907,24.5893841,24.0931057,24.25531698,22.04365371,20.52695527,20.35031222,21.11709698,21.95811124,21.90887878,21.8654919,22.23447264,22.04745766,23.11469468,23.33367474,
Austria,AUT,Tax revenue (% of GDP),TAXTOTPERC,18.57800458,18.94982565,18.1904204,18.03258878,18.96407751,18.10378408,17.97233676,17.72008416,18.56280078,17.80575187,17.98108333,18.16717856,18.9204805,18.93545577,18.34557306,24.60010617,25.94003601,26.79771217,26.88984546,26.6278222,26.22507988,27.96557199,26.97550032,26.64696993,26.30867249,25.51395546,25.05044256,25.39199432,26.07751972,25.22516524,25.28163551,25.42798528,25.92819764,26.41517309,26.41789831,26.82616742,25.41916923,25.42364479,25.43034808,25.57932676,
Azerbaijan,AZE,Tax revenue (% of GDP),TAXTOTPERC,,,,,,,,,,,,,,,25.55916733,17.95407255,9.85045744,10.69380996,12.679335,12.73345872,,,,,,,,,16.42117537,14.10670899,12.15777699,12.22476095,12.77863937,13.38833316,14.21253565,15.60316293,14.55551657,13.16404551,12.97127179,14.2563142,
Burundi,BDI,Tax revenue (% of GDP),TAXTOTPERC,13.00507156,11.60934802,,,,,,,,,,15.14266298,15.12278396,14.92891631,15.61605477,16.67820658,13.43899658,11.42036173,14.34765867,13.59744181,,,,,,,,,,,,,,,,,,,,,
Belgium,BEL,Tax revenue (% of GDP),TAXTOTPERC,,,,,,,,,,,,,,,,25.6224194,26.02989167,26.56702432,27.16304179,27.00951188,27.27474136,26.78651211,25.71234509,25.07661801,25.53796126,25.47132993,25.28775048,24.78853753,25.25416988,23.78146279,24.46824242,24.93665681,25.82414125,26.19084708,26.13452545,24.35453781,22.84232918,23.45022181,23.98726031,22.70563854,
Benin,BEN,Tax revenue (% of GDP),TAXTOTPERC,,,,,,,,,,,,,,,,,,,,,,,,,,,,,,,,,,,,,,,,,
Burkina Faso,BFA,Tax revenue (% of GDP),TAXTOTPERC,,,,,,,,,,,,,,,,,,,,,,,9.661383768,9.861311204,11.29101966,10.44973408,10.77840826,11.27918912,10.54887635,11.12763173,11.31006465,12.21949136,13.88996243,14.94864196,13.66382751,13.2802007,14.1391533,15.26072123,15.13068312,15.68169813,
Bangladesh,BGD,Tax revenue (% of GDP),TAXTOTPERC,,,,,,,,,,,,,,,,,,,,,,6.611160271,6.691384191,6.965213904,7.046448418,7.135670039,7.043304058,6.917262669,7.656029883,7.498116263,7.834684749,8.685924706,9.02456269,8.962413316,8.635377737,8.498348828,8.765027652,,,,
Bulgaria,BGR,Tax revenue (% of GDP),TAXTOTPERC,,,,,,,,,,,23.83312845,22.33382461,16.90338645,15.21378387,21.23896499,12.2597552,13.68493678,14.78391772,16.13499316,16.88486795,17.03889286,17.14053144,15.29530967,19.77171025,21.05449828,20.30776201,20.95860249,22.88555382,22.16840663,18.9826074,18.534488,17.74918324,18.97111779,19.9966628,19.59300886,20.29004878,20.26132814,20.10085507,20.17338232,20.33449902,
Bahrain,BHR,Tax revenue (% of GDP),TAXTOTPERC,3.445298333,3.757956899,4.136270791,5.404443179,5.713312904,5.891777729,6.430251808,5.315979717,4.877523166,5.17656777,5.187374245,5.041193755,5.39072996,5.349562727,5.173401874,4.796762972,5.042932705,5.097809027,5.664272504,5.013055032,3.732777721,4.103642909,3.578992892,3.306813188,4.216840666,,,,,,,,,,,,,,,,
"Bahamas, The",BHS,Tax revenue (% of GDP),TAXTOTPERC,,,,,,,,,,,13.86291851,13.63799997,15.43261499,15.39456662,16.71678429,17.34616506,17.04904406,10.39523969,9.972501983,10.32367804,10.67868759,9.859542693,8.999094713,9.288519057,9.428334156,10.00170798,11.24833165,11.35886589,12.12136614,11.25206873,10.76231493,13.01102086,12.03925717,11.66800016,11.31491405,12.83895164,14.07764684,14.73868711,14.096605,16.19213774,
Bosnia and Herzegovina,BIH,Tax revenue (% of GDP),TAXTOTPERC,,,,,,,,,,,,,,,,,,,,,,,,,,19.88609239,21.68995499,21.39426966,20.30211318,18.94628629,19.68567609,20.30566528,20.47753979,19.75154464,19.77790156,19.9342157,19.95149151,20.25933741,20.44074813,20.13951973,
Belarus,BLR,Tax revenue (% of GDP),TAXTOTPERC,,,,,,,,,,,,,20.54347826,26.63959391,24.75018266,19.88764693,18.79977481,20.73459095,17.11232894,16.67247619,16.6247345,15.75466424,14.20103832,17.68812191,18.3713469,20.14965628,22.22309662,23.72669873,25.35338921,18.62947063,16.32143837,14.50907256,14.66297503,13.35496285,12.69772453,14.17309447,13.78823561,13.01900561,14.67256897,13.58178678,
Belize,BLZ,Tax revenue (% of GDP),TAXTOTPERC,,,,,,,,,,,21.45617769,20.71097425,19.93558572,19.52190577,19.91611802,18.75293079,19.5388471,19.65523146,19.69840163,17.40109178,17.82807524,18.77762423,19.45629966,19.30833757,19.78489561,21.53922236,21.91583688,23.2645486,21.97650498,22.81659455,23.9378449,22.97104326,23.11590048,23.80215259,25.54183577,25.07048101,26.04565064,26.33791331,,,
Bermuda,BMU,Tax revenue (% of GDP),TAXTOTPERC,,,,,,,,,,,,,,,,,,,,,,,,,,,,,,,,,,,,,,,,,
Bolivia,BOL,Tax revenue (% of GDP),TAXTOTPERC,,,,,,8.258112941,8.02206271,7.993788662,7.280551571,7.094742942,7.23622456,7.932729699,8.899788616,9.516345517,10.04546839,9.722329464,12.29385246,12.62034606,13.54652906,12.03978514,12.3308029,11.78254596,13.18410486,12.97300023,15.01634882,16.21516419,16.81616822,16.9648658,,,,,,,,,,,,,
Brazil,BRA,Tax revenue (% of GDP),TAXTOTPERC,,,,,,,,,,,,,,,,,,,,,,,,,,,,,,,14.25610396,14.85987623,14.31691112,14.13326984,13.49915899,13.62940578,13.68635536,13.61578088,14.17860559,14.02631287,
Barbados,BRB,Tax revenue (% of GDP),TAXTOTPERC,,,,,,,,,,,,,,,,,,,,,,,,25.24341798,25.77442299,26.73474277,25.28466565,25.95975461,25.42878697,24.71465999,24.7129305,25.95299489,24.47118382,23.07117208,23.51626601,25.39180814,27.49445658,,,,
Brunei Darussalam,BRN,Tax revenue (% of GDP),TAXTOTPERC,,,,,,,,,,,,,,,,,,,,,,,,,,,,,,,,,,,,,,,,,
Bhutan,BTN,Tax revenue (% of GDP),TAXTOTPERC,,,5.429695452,6.278334723,7.208049425,6.379291852,6.753702397,,5.970227521,5.191277127,4.41394271,4.952478019,5.048772651,6.233570391,5.924630112,6.6117056,7.530244676,6.538898393,8.013737704,7.015197896,10.36464934,8.802985636,9.536853742,9.644347227,7.909603281,8.576268256,9.265712756,7.69828607,8.625153926,9.465618506,13.46153264,13.8352247,15.05424172,14.72269791,13.6986507,13.26203862,12.9794732,12.54156214,16.0175848,,
Botswana,BWA,Tax revenue (% of GDP),TAXTOTPERC,,,,,,,,,,,27.50161294,25.55719349,27.84554007,23.68479922,19.91674392,16.76579585,14.93710789,,,,,,,,,,26.93255733,25.71281584,27.37420135,27.28605335,23.60443184,23.66745451,27.11535961,25.60989227,25.79123233,24.68751301,20.85067345,22.14537768,19.84014854,19.24111721,
Central African Republic,CAF,Tax revenue (% of GDP),TAXTOTPERC,,,,,,,,,,,,,,,,,,,,,,,,,6.211979957,,,,8.28435089,7.908503384,8.407892197,7.540403624,8.172377281,,4.098500696,5.448991385,6.807588937,7.081244249,8.63983072,,
Canada,CAN,Tax revenue (% of GDP),TAXTOTPERC,,,,,,,,,,,14.16312048,14.4495626,14.35716091,13.69687137,13.11451323,13.3295053,13.92401371,14.61599734,14.71916526,14.75054208,14.90734164,14.23159039,13.42525802,13.27575327,13.39031039,13.34214991,13.38728474,13.36941352,12.42102627,12.33554405,11.76044487,11.83153834,11.66442736,11.6235046,11.80837908,12.38981091,12.49656263,12.71543178,12.91360592,13.00871834,
Central Europe and the Baltics,CEB,Tax revenue (% of GDP),TAXTOTPERC,,,,,,,,,,,,,,,20.3147587,20.3230259,19.61202131,19.31469674,19.20044527,18.46621284,17.93635102,17.21432823,17.34984762,17.71001652,17.32820155,17.49494073,17.74890716,18.27170381,18.16912984,16.76739897,16.96330408,17.18341973,17.24458574,17.23875725,17.25441045,17.65908912,17.64293382,17.66751883,17.71457616,17.78148893,
Switzerland,CHE,Tax revenue (% of GDP),TAXTOTPERC,7.509693025,7.525481188,7.827330906,7.863137599,8.025193839,7.900915055,8.557085989,8.204254569,8.587306655,8.058247782,8.190947663,7.992312735,8.155559001,7.558561856,8.090049652,8.151545829,8.590952882,8.564161335,9.526082069,9.163803892,10.29639798,9.2266308,9.189972087,9.210599402,9.243503348,9.340431494,9.422618472,9.270160178,9.810308047,9.567890604,9.605702901,9.539264042,9.42129853,9.494585562,9.309726607,9.756991137,9.636965852,10.28730389,9.971775295,10.17399072,
Channel Islands,CHI,Tax revenue (% of GDP),TAXTOTPERC,,,,,,,,,,,,,,,,,,,,,,,,,,,,,,,,,,,,,,,,,
Chile,CHL,Tax revenue (% of GDP),TAXTOTPERC,19.04662355,20.12058615,19.75349856,18.84345471,20.0281873,18.13121158,17.97950397,16.80831626,14.37403174,13.94036449,13.30738435,15.22796307,15.74288974,16.31458996,15.62474421,15.10075395,16.17060719,15.92535405,15.85207689,15.17975701,16.15269282,16.03355182,16.20169514,15.94896337,16.40223152,18.02512363,19.49190685,20.25693262,18.71185961,14.5230955,17.3565144,18.85899085,18.99486687,17.3869727,16.9701562,17.44376183,17.38934619,17.46282629,18.21941494,17.61751892,
China,CHN,Tax revenue (% of GDP),TAXTOTPERC,,,,,,,,,,,,,,,,,,,,,,,,,,8.569243858,9.057253983,9.771406065,10.10142653,10.30944174,10.21204861,10.31279489,10.25676868,9.907732583,9.678618827,9.376920447,9.122915561,9.419317653,9.052685732,,
Cote d'Ivoire,CIV,Tax revenue (% of GDP),TAXTOTPERC,,,,,,,,,,,18.01090743,,,,,18.81907459,,,,,,14.31030335,14.63369618,13.3776189,14.19479364,13.88408806,14.65785867,15.05841675,15.05350275,14.59903171,14.32551466,10.93161991,14.39046854,14.54269745,13.97364016,11.17582233,11.56634554,11.96698333,11.76875524,12.03285483,
Cameroon,CMR,Tax revenue (% of GDP),TAXTOTPERC,,,,,,,,,,,9.76735862,8.905155245,9.753700886,7.297624028,6.332247723,7.789029331,,,10.11252313,10.48617806,,,,,,,,,,,,,11.75459417,12.01041469,12.77587041,12.61280732,12.06988655,12.24545233,12.7552804,,
"Congo, Dem. Rep.",COD,Tax revenue (% of GDP),TAXTOTPERC,8.115150604,7.405317757,6.982668716,7.04959166,8.315511677,10.10003836,8.707175337,8.745043787,9.320710132,10.7040628,,,,,,,,,,,,,,,,,,,,,,,,,,,,,,,
"Congo, Rep.",COG,Tax revenue (% of GDP),TAXTOTPERC,,,,,,,,,,,,,,,,,,,,,,9.070936874,8.142904651,8.647504676,7.813594406,5.688120435,5.29500882,6.027573817,5.896624548,8.22388189,6.902938646,8.11448977,7.278246336,8.624360765,9.654081524,12.6864336,13.65766001,11.26385105,7.837173638,,
Colombia,COL,Tax revenue (% of GDP),TAXTOTPERC,,,,,,,,,,,,,,,,,,,13.74373215,13.47692128,11.21975419,,,11.25882686,,,,,13.03151101,12.67522738,12.1421652,14.57588119,13.22699071,14.02211435,15.69974837,15.79726266,14.38521293,14.85081841,14.8189549,15.06270358,
Comoros,COM,Tax revenue (% of GDP),TAXTOTPERC,,,,,,,,,,,,,,,,,,,,,,,,,,,,,,,,,,,,,,,,,
Cabo Verde,CPV,Tax revenue (% of GDP),TAXTOTPERC,,,,,,,,,,,,,,,,,,,,,,,,,,21.07697136,22.74444386,20.90676315,21.28379768,18.42064171,18.44614056,19.7309446,17.88198499,17.83930625,17.05275837,18.7780858,18.60381766,20.08675269,,,
Costa Rica,CRI,Tax revenue (% of GDP),TAXTOTPERC,11.61681397,12.38120078,12.65574835,15.21876982,14.71680728,13.27305302,13.25739833,14.43415782,14.70223261,13.70475078,13.05733465,10.62663018,12.02633088,12.09277299,11.64091362,12.31429725,12.70825619,12.67600016,12.88681993,13.18856959,12.89477953,13.41377052,13.42806575,13.64479512,13.41778747,13.69854319,13.91075261,14.93464546,15.32646268,13.26216038,13.08808511,13.36523403,13.31919766,13.74171499,13.41665899,13.65709299,13.91010125,13.70477468,13.58842086,13.94038811,
Caribbean small states,CSS,Tax revenue (% of GDP),TAXTOTPERC,,,,,,,,,,,,,,,,,,,,,,19.43381794,18.74496676,20.26588044,20.69732024,22.53836194,24.48224533,22.99905877,24.52479301,23.27316001,22.73496293,22.70920184,22.93213183,22.3130179,22.94515132,23.45399152,21.44106874,20.7527356,20.88450451,,
Cuba,CUB,Tax revenue (% of GDP),TAXTOTPERC,,,,,,,,,,,,,,,,,,,,,,,,,,,,,,,,,,,,,,,,,
Curacao,CUW,Tax revenue (% of GDP),TAXTOTPERC,,,,,,,,,,,,,,,,,,,,,,,,,,,,,,,,,,,,,,,,,
Cayman Islands,CYM,Tax revenue (% of GDP),TAXTOTPERC,,,,,,,,,,,,,,,,,,,,,,,,,,,,,,,,,,,,,,,,,
Cyprus,CYP,Tax revenue (% of GDP),TAXTOTPERC,14.78758357,13.79337865,14.24138954,15.40599949,16.13204632,16.55646917,16.70123085,16.33131155,17.38664219,18.35703743,30.80590284,29.01243177,30.86814909,33.24434306,35.54473205,31.4981384,30.48481956,29.24651426,31.29495261,32.20188317,35.53316817,36.3857611,36.61750072,37.61499171,37.29678066,39.58566373,41.53925794,48.56342169,46.04608322,23.24918544,23.1149202,23.21412079,23.40029928,23.58048225,24.79036195,24.1283264,23.62100316,24.06078686,24.31860261,24.20661408,
Czech Republic,CZE,Tax revenue (% of GDP),TAXTOTPERC,,,,,,,,,,,,,,18.74821125,16.65212059,16.23817739,15.29606315,15.08464636,14.36727033,14.87006338,14.47498606,14.74146668,14.56483172,14.98580461,15.40646666,14.48468636,14.22222952,14.61169007,13.67309281,13.57022193,13.65075748,14.52026341,14.92876345,15.08116108,14.42965406,14.76956046,14.91277755,15.00552855,14.83887452,14.79819325,
Germany,DEU,Tax revenue (% of GDP),TAXTOTPERC,10.2825669,10.05673696,9.794426611,9.75040311,10.19085826,10.19698085,9.937883422,10.08463439,9.816473973,10.25072194,9.832283682,11.62971371,11.75387472,11.46045725,11.67784428,11.47613493,10.90185179,10.72936797,10.8349798,11.50853614,11.70500073,10.9616854,10.83530471,10.99852141,10.42629457,10.6568166,10.85162762,11.33404013,11.47230109,11.61493705,11.19029793,11.48138523,11.62298611,11.61150337,11.4825632,11.47872896,11.29612025,11.44297608,11.48763113,11.48533654,
Djibouti,DJI,Tax revenue (% of GDP),TAXTOTPERC,,,,,,,,,,,,,,,,,,,,,,,,,,,,,,,,,,,,,,,,,
Dominica,DMA,Tax revenue (% of GDP),TAXTOTPERC,,,,,,,,,,,,,,,,,,,,,,,,,,,,,,,,,,,,,,,,,
Denmark,DNK,Tax revenue (% of GDP),TAXTOTPERC,28.5258746,28.04775221,27.09919336,27.80652075,29.0103743,30.5028086,32.74336013,32.22169217,32.44583801,31.39666031,29.72460684,29.12939079,29.48600415,30.84808287,31.56028067,31.66083202,31.87982065,31.7470264,32.04662624,31.92657078,31.59411903,30.16719583,30.11718967,30.14077788,31.29221449,33.07176767,31.86029116,35.09300117,33.42154071,33.18383922,32.73723667,32.75348927,33.44639821,33.81975266,36.50029166,33.92161906,33.29505948,33.39987958,32.17436613,34.03572923,
Dominican Republic,DOM,Tax revenue (% of GDP),TAXTOTPERC,10.30718945,9.712615556,7.978324503,8.457150294,9.022770398,9.69124559,11.28189554,11.2446214,11.70088735,12.3845918,10.29678928,7.590817698,10.87033537,11.15446274,10.53415802,10.57462484,10.34434253,11.40878792,11.43166966,11.52929548,12.16441366,13.38050698,13.21672761,11.74514298,12.52188432,13.69816112,13.99475989,14.88626837,14.16105352,12.63590935,12.20740113,12.29762551,13.02648297,13.50353563,13.38644704,12.81184796,12.91086855,13.03075106,13.02493499,13.3027786,
Algeria,DZA,Tax revenue (% of GDP),TAXTOTPERC,,,,,,,,,,,,,,,,,,,,,,,,,,,,,,,,,,,,,,,,,
East Asia & Pacific (excluding high income),EAP,Tax revenue (% of GDP),TAXTOTPERC,,,,,,,,,,,,,,,,,,,,,,,,,,9.234690876,9.738784549,10.31914325,10.86314185,10.74353115,10.64683083,10.90736053,10.84459213,10.61898008,10.34138607,10.06957941,9.781936457,9.950295902,9.664900166,,
Early-demographic dividend,EAR,Tax revenue (% of GDP),TAXTOTPERC,,13.89321505,,13.77046878,13.10826614,13.56016748,12.95735401,12.88264107,12.37068316,12.68276846,12.29076839,12.05979011,12.43128783,11.51966081,11.96195724,11.92876657,12.2405883,13.04422094,11.73132661,,,,,,,,,,13.27380285,12.47196867,12.34530869,12.34994456,12.43483904,12.65107102,12.39907097,12.95530133,13.11273925,12.98652324,13.51907535,,
East Asia & Pacific,EAS,Tax revenue (% of GDP),TAXTOTPERC,,,,,,,,,,,,,,,,,,,,,,,,,,,,,,,,,,,,,,,,,
Europe & Central Asia (excluding high income),ECA,Tax revenue (% of GDP),TAXTOTPERC,,,,,,,,,,,,,,,,,,,,11.48461591,,,,,13.67320874,,,,16.94652024,15.11402975,15.26164051,15.85215023,15.43167147,15.19643928,15.18184845,13.91294001,13.11453184,13.53807008,14.12894305,13.59288516,
Europe & Central Asia,ECS,Tax revenue (% of GDP),TAXTOTPERC,16.77950508,16.84436523,17.20527738,17.219306,17.21805254,17.50610249,17.8719693,17.7958095,17.81548459,17.84291299,18.19313133,18.91468426,18.82192722,18.50384302,18.74650353,19.43958983,19.56979768,19.98252594,20.29042669,20.09823077,20.3402358,19.9900144,19.50552449,19.30657762,19.25320286,19.82828953,20.12664729,20.29289645,20.12027766,19.14756712,19.44799743,19.670239,19.80477699,19.92574799,19.90012226,19.65924055,19.58770977,19.39438492,19.54977266,19.54780155,
Ecuador,ECU,Tax revenue (% of GDP),TAXTOTPERC,,,,,,,,,,,,,,,,,,,,,,,,,,,,,,,,,,,,,,,,,
"Egypt, Arab Rep.",EGY,Tax revenue (% of GDP),TAXTOTPERC,,26.24429969,21.6957606,21.08270677,18.44620253,17.25469169,16.31972789,14.57087379,14.34902597,13.83896104,13.2348643,14.73777778,18.48023005,18.76417526,19.04742857,17.62303922,17.46294682,15.96464836,,,,,13.4077593,13.34994012,13.83597775,14.0686351,15.82951271,15.34985231,15.32052485,15.66136058,14.13007625,14.0086354,12.38490476,13.49806493,12.22014085,12.5192111,,,,,
Euro area,EMU,Tax revenue (% of GDP),TAXTOTPERC,15.35372826,15.36515941,15.58110171,16.02098445,16.09726163,16.23082325,16.80377766,16.94315274,17.08872039,17.27812062,17.22218122,18.07648187,18.1813831,18.03251638,17.92668413,18.70230801,18.87682666,19.32835181,19.65593484,20.12292192,19.926136,19.52948034,19.13078578,18.89973904,18.62117004,18.79580551,19.19575538,19.30832542,19.18573259,18.66553172,18.86382917,19.0000463,19.50980691,19.83054833,19.8240329,19.71848569,19.67958668,19.19576455,19.34624654,19.47081183,
Eritrea,ERI,Tax revenue (% of GDP),TAXTOTPERC,,,,,,,,,,,,,,,,,,,,,,,,,,,,,,,,,,,,,,,,,
Spain,ESP,Tax revenue (% of GDP),TAXTOTPERC,9.670197788,9.968082834,9.227645645,10.63844193,10.58962958,12.5851835,14.43001041,15.56555382,15.39696129,16.7279527,15.71080742,15.77697252,16.02146236,14.8820061,15.10676921,,,,,,,,,,,,,,,,,,,,,,,13.72231073,14.22123977,13.75970861,
Estonia,EST,Tax revenue (% of GDP),TAXTOTPERC,,,,,,,,,,,,,,0.987510257,1.297816633,22.86515343,21.87582387,21.99582269,22.13919911,20.90593815,19.66026589,19.20692679,19.62237992,19.82192901,20.23518244,19.11177948,19.97165006,20.22618441,19.27860839,21.39994685,19.66441556,19.07282541,19.80390053,20.03731127,20.61190318,21.51339499,21.59242455,20.92062503,20.95481874,21.02955541,
Ethiopia,ETH,Tax revenue (% of GDP),TAXTOTPERC,,,,,,,,,,,8.639189666,7.450608324,5.600781003,5.91191031,7.678250936,8.429521526,8.952488388,10.52276441,11.26214538,10.88481898,,8.083871673,9.709831679,9.116895507,9.680762203,8.724416385,8.262845855,7.812529666,7.814144254,6.581181381,8.16344108,9.209358617,9.377594715,8.764725377,8.811955393,8.351338267,8.087065533,7.603929229,7.519920423,6.661741322,
European Union,EUU,Tax revenue (% of GDP),TAXTOTPERC,15.71901946,15.58861622,15.74840551,16.18957914,16.32194814,16.57700073,17.1272493,17.33306252,17.47791564,17.62056795,17.7906614,18.55700553,18.52983822,18.33798412,18.35201552,19.42422982,19.54742325,19.90404917,20.25577824,20.61177188,20.38942708,19.88449625,19.51268723,19.34929993,19.11549302,19.36433591,19.70751801,19.93566906,19.74905863,19.17455836,19.3648966,19.47168076,19.92101824,20.20154144,20.25618336,20.15378945,20.13649405,19.67379066,19.77526694,19.91047636,
Fragile and conflict affected situations,FCS,Tax revenue (% of GDP),TAXTOTPERC,,,,,,,,,,,,,,,,,,,,,,,,,,,,,,,,,,,,,,,,,
Finland,FIN,Tax revenue (% of GDP),TAXTOTPERC,21.45811495,22.52755929,22.16231439,22.33759106,22.73840362,23.47787372,23.97441857,22.66597819,24.18922194,24.64828124,24.41858152,24.43939981,24.884005,22.41930067,23.10862708,20.7023917,21.91060216,22.61589972,22.70946428,22.38724826,24.24033655,21.88995215,22.46743801,22.05813547,21.8124441,21.79285554,21.42026756,21.06515139,20.49108177,18.88284263,18.60127669,20.01787897,20.13559693,20.64349724,20.63152197,20.47070511,20.81344992,20.76766121,20.83504519,20.65298725,
Fiji,FJI,Tax revenue (% of GDP),TAXTOTPERC,,,,,,,,,,,22.75707071,21.87169442,21.60100769,21.41066825,21.49565933,22.20614241,21.2021419,,,,,,,,22.19001559,21.34806423,23.18702332,,,,21.77904686,23.02285286,23.23332967,23.64554489,22.72446579,23.73875088,23.48546103,24.66994208,23.99326198,22.67683819,
France,FRA,Tax revenue (% of GDP),TAXTOTPERC,19.29191915,19.36757322,19.60021256,19.44421465,19.56741343,19.65146058,19.65976909,19.87064584,19.21244995,18.90600144,18.73424732,18.91822615,18.46669257,18.38407657,19.08411698,19.46320734,20.38584454,21.10085498,23.0269932,23.63199403,23.39189157,23.37446366,22.56722859,22.11697552,22.1629571,22.29548022,22.57780885,22.12201755,22.00523996,20.70142768,21.95265949,21.81649646,22.53074008,23.21091787,23.16141532,23.19771546,23.0648275,23.62933465,24.1956261,24.67320881,
Faroe Islands,FRO,Tax revenue (% of GDP),TAXTOTPERC,,,,,,,,,,,,,,,,,,,,,,,,,,,,,,,,,,,,,,,,,
"Micronesia, Fed. Sts.",FSM,Tax revenue (% of GDP),TAXTOTPERC,,,,,,,,,,,,,,,,,,,,,,,,,,,,,4.288016383,4.396016049,4.661135884,4.964073105,4.891801556,5.466541557,12.54406661,5.418243679,6.003491488,10.40788067,25.19627385,,
Gabon,GAB,Tax revenue (% of GDP),TAXTOTPERC,,,,,,,,,,,,,,,,,,,,,,,,,,,,,,,,,14.06052433,16.05883561,15.10522888,12.83006855,11.46806371,11.0849703,10.21839131,11.47949805,
United Kingdom,GBR,Tax revenue (% of GDP),TAXTOTPERC,23.87606593,24.6394262,25.86613933,24.6485305,24.7776311,25.13357342,24.50068363,23.15879508,22.99074992,22.76227158,24.1512946,24.84713704,24.28031599,22.98109177,23.79709499,23.27756357,23.13487536,23.70760854,25.02694771,25.51584733,26.16745661,25.66585255,24.91178825,24.54738627,25.16793826,25.5078158,25.68317126,25.8669227,26.48624374,24.16735215,25.35933285,25.84366399,25.07088332,25.07124985,24.89113646,25.03912575,25.40618067,25.62096128,25.59030809,25.34312737,
Georgia,GEO,Tax revenue (% of GDP),TAXTOTPERC,,,,,,,,,,,,,,,,,,8.333882193,7.241990402,7.903046554,7.651701941,7.352412346,7.616684549,7.032846417,9.927424855,12.11007753,15.44826286,17.7152844,23.80929913,23.13855221,21.04520292,22.77196246,23.179309,21.99027038,21.99910037,22.24723737,22.28708561,22.05826072,21.73997856,19.62452628,
Ghana,GHA,Tax revenue (% of GDP),TAXTOTPERC,,,,,,,,,,,11.43679869,13.15959562,10.76865718,13.14924718,,,,,,,,17.19292789,17.49311121,18.47768613,21.75210552,21.32150832,12.80707166,13.87798455,13.89596791,12.61246152,13.3883874,14.86579036,15.36818101,10.74326135,10.94021522,18.26215239,11.29060206,11.85336805,12.56975446,12.28333662,
Gibraltar,GIB,Tax revenue (% of GDP),TAXTOTPERC,,,,,,,,,,,,,,,,,,,,,,,,,,,,,,,,,,,,,,,,,
Guinea,GIN,Tax revenue (% of GDP),TAXTOTPERC,,,,,,,,,,11.41003544,12.1055382,10.74553241,10.84178387,,,,,,,,,,,,,,,,,,,,,,,,,,,,
"Gambia, The",GMB,Tax revenue (% of GDP),TAXTOTPERC,,,,,,,,,,,18.20477998,,,,,,,,,,,,,,,,,,,,,,,,,,,,,,
Guinea-Bissau,GNB,Tax revenue (% of GDP),TAXTOTPERC,,,,,,,,,,,,,,,,,,,,,,,,,,,,,,,,,,,,,,10.3228332,,10.16982678,
Equatorial Guinea,GNQ,Tax revenue (% of GDP),TAXTOTPERC,,,,,,,,,,,,,,,,,,,,,,,,,,,9.668882886,7.546688154,7.786359889,12.76309665,7.586159224,7.015790112,8.742219053,8.516349943,8.298900808,11.45673493,6.384406989,5.981846872,6.084598282,9.586532089,
Greece,GRC,Tax revenue (% of GDP),TAXTOTPERC,13.77116861,12.32282943,14.93487112,15.59784975,13.97016215,13.81211855,15.59258369,16.3554572,15.09763675,13.00029739,15.12129057,,,,,18.58084129,18.63608852,19.52190171,20.52808216,21.43304629,22.47052184,20.93777279,21.26687723,19.70767677,19.13473006,20.32650575,19.97920074,20.24284251,20.21361261,19.7756802,20.21400146,22.07373247,23.91007615,24.02046658,24.67192919,24.7565198,26.36837291,25.97193687,26.19352239,25.60594208,
Grenada,GRD,Tax revenue (% of GDP),TAXTOTPERC,,,,,,,,,,,,,,,,,,,,,,,,,,,,,,,,,,,,,,,,,
Greenland,GRL,Tax revenue (% of GDP),TAXTOTPERC,,,,,,,,,,,,,,,,,,,,,,,,,,,,,,,,,,,,,,,,,
Guatemala,GTM,Tax revenue (% of GDP),TAXTOTPERC,,,,,,,,,,,6.86521167,7.325686438,8.313948701,7.81982717,6.765227236,7.714731243,8.529663739,8.697669273,9.371933975,10.24715093,10.06497645,10.86302505,11.88054919,11.67385567,11.55273713,11.20539147,11.8569712,12.05936244,11.27381462,10.33551695,10.43529828,10.83781428,10.8359592,11.10229392,10.77781597,10.35825157,10.42151488,10.64177923,10.59126383,10.49823218,
Guam,GUM,Tax revenue (% of GDP),TAXTOTPERC,,,,,,,,,,,,,,,,,,,,,,,,,,,,,,,,,,,,,,,,,
Guyana,GUY,Tax revenue (% of GDP),TAXTOTPERC,,,,,,,,,,,,,,,,,,,,,,,,,,,,,,,,,,,,,,,,,
High income,HIC,Tax revenue (% of GDP),TAXTOTPERC,15.01148526,15.24871883,15.17267046,14.54399392,14.46835066,14.69577781,14.75071815,15.05050484,14.90753725,14.89836085,14.89658416,14.85519188,14.50586861,14.45465596,15.10557133,15.64034327,15.90482473,16.17472108,16.59358109,16.78926365,17.29030475,16.6277927,15.53820762,15.26726639,15.28278308,15.92799213,16.36176923,16.46373067,15.98744569,14.4741397,14.68186002,15.0658565,15.28457227,15.65995194,15.81194546,15.90449311,15.83919498,16.18891448,15.66339484,15.74393991,
"Hong Kong SAR, China",HKG,Tax revenue (% of GDP),TAXTOTPERC,,,,,,,,,,,,,,,,,,,,,,,,,,,,,,,,,,,,,,,,,
Honduras,HND,Tax revenue (% of GDP),TAXTOTPERC,8.813908611,8.643894327,,,,,,,,,,,,,,,,,,,,,,13.74646578,14.49585933,14.53495396,15.23835608,16.38500055,16.13051598,14.16197019,14.4250984,14.78797879,14.74747232,15.06324191,16.54263824,17.34447206,,,,,
Heavily indebted poor countries (HIPC),HPC,Tax revenue (% of GDP),TAXTOTPERC,,,,,,,,,,,,,,,,,,,,,,,,,,,,,,,,,11.38481171,11.22161613,11.62805704,12.01429596,11.52507461,,,,
Croatia,HRV,Tax revenue (% of GDP),TAXTOTPERC,,,,,,,,,,,,,,,,22.73458388,22.45448811,21.71100989,23.68521768,22.84392192,22.35323696,21.44275805,21.86703015,21.30888435,20.53308239,20.56725585,20.90113931,20.7565053,20.5468512,19.66654081,19.74489675,19.17651414,19.73163444,20.27150998,19.94238437,20.84564679,21.34734311,21.49969651,21.83454039,22.24563721,
Haiti,HTI,Tax revenue (% of GDP),TAXTOTPERC,,,,,,,,,,,,,,,,,,,,,,,,,,,,,,,,,,,,,,,,,
Hungary,HUN,Tax revenue (% of GDP),TAXTOTPERC,,,,,,,,,,,,25.54953021,24.07442467,25.01049013,24.1947854,23.16720532,22.91607843,20.93471548,20.76523789,21.80216516,22.37846265,21.39965711,20.8930507,20.65751041,20.39416804,19.93999296,19.83341708,21.41584754,23.28705589,23.34930213,22.63194522,21.06860267,22.92809878,22.91402506,23.06238149,23.25368296,23.09246659,22.90539981,22.55516126,22.48464618,
IBRD only,IBD,Tax revenue (% of GDP),TAXTOTPERC,,,,,,,,,,,,,,,,,,,,,,,,,,11.89111703,12.45638187,12.93217419,12.97371714,12.20802787,12.66272203,12.98276958,12.85620467,12.71060753,12.37090485,12.2590958,12.07371375,12.16375863,12.27286261,,
IDA & IBRD total,IBT,Tax revenue (% of GDP),TAXTOTPERC,,,,,,,,,,,,,,,,,,,,,,,,,,,,12.86166061,12.91886477,12.14289781,12.61960823,12.94057814,12.81374762,12.66448326,12.35118092,12.24456244,12.05681379,12.1794744,12.28398115,,
IDA total,IDA,Tax revenue (% of GDP),TAXTOTPERC,,,,,,,,,,,,,,,,,,,,,,,,,,,,,,,,,,,,,,,,,
IDA blend,IDB,Tax revenue (% of GDP),TAXTOTPERC,,,,,,,,,,,,,,,,,,,,,,,,,,,,,,,,,,,,,,,,,
Indonesia,IDN,Tax revenue (% of GDP),TAXTOTPERC,21.77983836,21.94643419,20.05614379,18.82286533,17.48438914,18.75089737,14.62076982,15.0836946,15.08393805,15.95720183,19.13708376,17.18969691,17.1229527,14.35642033,15.94841919,14.96477227,14.23480194,16.01184841,15.02758818,16.31583561,,11.57818458,11.82695959,12.38553206,12.3307679,,,,13.31061783,11.05778652,10.53748506,11.15812785,11.38058994,11.28530146,10.83552375,10.75348778,10.3363487,9.87729308,10.23044948,9.751169651,
IDA only,IDX,Tax revenue (% of GDP),TAXTOTPERC,,,,,,,,,,,,,,,,,,,,,,,,,,,,,,,,,10.3475314,10.35942318,10.66093456,10.90917547,10.77339917,,,,
Isle of Man,IMN,Tax revenue (% of GDP),TAXTOTPERC,,,,,,,,,,,,,,,,,,,,,,,,,,,,,,,,,,,,,,,,,
India,IND,Tax revenue (% of GDP),TAXTOTPERC,9.026071739,9.213690315,9.269121352,9.268497406,9.306539865,10.07541854,10.42730886,10.40830997,10.35673801,10.46834451,9.993591396,10.17092242,9.805228442,8.53523362,8.981772016,9.226824691,9.231468691,9.008577732,8.113143511,8.638300028,8.810143496,8.079454445,8.676273931,9.108084322,9.570817081,10.08093153,11.12933705,12.10834699,10.97717215,9.809725406,10.38803979,10.17738453,10.83677172,11.00162569,9.984654191,10.56970904,11.14773843,11.38194187,11.97209234,,
Not classified,INX,Tax revenue (% of GDP),TAXTOTPERC,,,,,,,,,,,,,,,,,,,,,,,,,,,,,,,,,,,,,,,,,
Ireland,IRL,Tax revenue (% of GDP),TAXTOTPERC,24.19790164,25.28394928,26.35286239,27.50232039,28.08581443,27.17303617,27.32082295,27.41521807,28.71686772,25.79825772,25.32958479,25.59856919,25.90136728,25.80962434,27.02414016,26.49485897,27.17881877,26.88348351,26.52884491,26.69655837,26.37787251,24.23414737,23.52348037,24.16416171,25.08842702,25.47505673,26.80757908,25.91972105,23.74930269,21.98704074,21.79559836,21.96993741,22.53304486,22.88331869,23.15218654,18.78038545,18.9409742,18.2865069,18.24245722,18.20489925,
"Iran, Islamic Rep.",IRN,Tax revenue (% of GDP),TAXTOTPERC,5.170284876,6.9790356,5.922931727,6.033980969,6.437096596,7.329809638,6.784250891,6.005338425,5.434552423,5.369750444,5.572236546,6.161890812,6.881180646,3.860245992,4.371236116,6.220798678,7.94631514,10.1579621,8.644376054,8.327823337,5.861282096,5.746903558,4.994377712,5.20132535,5.195323352,6.657593715,6.21768141,5.93768769,6.197809288,7.358478041,,,,,,,,,,,
Iraq,IRQ,Tax revenue (% of GDP),TAXTOTPERC,,,,,,,,,,,,,,,,,,,,,,,,,,,,,,,,,,,0.890475146,1.241369451,1.979273854,2.57790375,2.013062134,1.341963264,
Iceland,ISL,Tax revenue (% of GDP),TAXTOTPERC,21.17980324,22.51777152,22.91624581,20.54238243,20.91327251,20.0742731,20.27341615,20.66277508,22.27238595,23.40647177,23.47222532,22.82261536,23.12619338,22.47257126,22.22138652,22.47955747,23.40968999,21.96406905,23.9824479,25.89048401,25.16697484,22.84587962,22.65042456,23.70877465,24.74940783,27.22683564,27.14673624,25.93348668,22.86742253,19.74618026,20.09303401,20.59515553,21.44181135,21.97082969,24.64360232,22.85579442,37.93352598,24.15619302,23.44490499,22.37930788,
Israel,ISR,Tax revenue (% of GDP),TAXTOTPERC,35.74056554,34.24236211,38.83260584,38.81426581,37.28346788,35.02418785,34.05992811,31.3520246,29.60488671,27.76428049,26.74774705,20.0448362,26.55892451,26.91499442,27.38973324,27.03673012,26.33634701,26.62752392,25.6959148,25.56813261,27.12206828,26.6720935,25.71347155,24.96256443,24.84043465,25.34206729,26.07496392,26.01941642,23.75836378,21.85411622,22.49686681,22.75708418,22.14301751,22.9495403,23.20568487,23.34251021,23.28473734,24.5796233,23.06784653,22.54737768,
Italy,ITA,Tax revenue (% of GDP),TAXTOTPERC,17.3682515,17.78433945,19.38829234,21.12833654,20.95583444,20.39610872,22.17639059,21.49233865,23.24040592,23.94767349,24.17772966,24.80852328,25.49780524,26.27493784,25.09400327,24.36303129,24.29062351,25.7756322,24.64437781,24.99307535,23.80974052,23.40575007,22.89138772,22.76357266,22.21584927,21.95930961,23.32782117,23.76334792,23.48996403,23.74294495,23.68062299,23.64758929,24.94682979,25.13890393,24.84107219,24.73952717,25.07030955,24.68367944,24.24125939,24.66298309,
Jamaica,JAM,Tax revenue (% of GDP),TAXTOTPERC,,,,,,,,,23.47813362,24.4940968,23.48648503,23.08286448,23.4680682,21.3287135,21.10316755,21.74404001,20.10919957,19.91409421,20.85185729,21.89223451,22.49466254,21.41481302,21.85901019,24.07110007,24.16749731,23.21597284,24.01438994,24.78654643,24.68475662,24.9559702,24.27817173,23.3643683,24.33289303,24.01200846,24.05567983,24.81747747,26.02891617,26.22569526,26.80984358,26.40752952,
Jordan,JOR,Tax revenue (% of GDP),TAXTOTPERC,,,,,,,,,,,18.00727897,17.94996619,22.97071033,20.91683427,19.98619373,20.70909766,21.68699456,19.05481092,18.12333296,18.11061609,18.99893687,18.68029646,17.4817064,18.21787761,20.99608415,24.41581176,24.5549491,24.68963512,17.15221065,16.53035154,15.4990908,14.60823722,14.92128053,14.93051498,15.43164401,14.9510256,15.02063043,14.77294727,14.87937064,14.81403834,
Japan,JPN,Tax revenue (% of GDP),TAXTOTPERC,,,,,,,,,,,,13.13318922,11.62717415,11.59076179,,,,,,,,,,,,,,,,,,,,,,,,,,,
Kazakhstan,KAZ,Tax revenue (% of GDP),TAXTOTPERC,,,,,,,,,,,,,,,,,,6.787220587,7.294793896,7.745369934,10.22139507,9.642300653,12.13435978,13.08323765,13.90867797,,,,,,15.71238046,18.25783421,13.31209815,16.03017776,14.19343274,9.835711552,9.924250197,10.30301138,11.71779959,11.78694274,
Kenya,KEN,Tax revenue (% of GDP),TAXTOTPERC,,,,,,,,,,,,,,,,,,,,,,,,,,,,,,,,,,,16.87697939,16.2566354,16.18353253,15.63782533,15.08514182,15.87115848,
Kyrgyz Republic,KGZ,Tax revenue (% of GDP),TAXTOTPERC,,,,,,,,,,,,,,,,,,,,,,,,,,,,,,,,,,,17.54865309,16.80166806,16.94917318,17.04628506,17.99885701,17.69464364,
Cambodia,KHM,Tax revenue (% of GDP),TAXTOTPERC,,,,,,,,,,,,,,,,,,,,,,,8.172911274,7.537844416,8.117265035,7.893242769,8.178822069,9.696979265,10.55519636,9.64778105,10.00304014,10.15469287,11.08248635,12.07885296,14.62663089,14.5828781,14.82589055,15.78871893,17.05208455,19.73205527,
Kiribati,KIR,Tax revenue (% of GDP),TAXTOTPERC,,,,,,,,,,,,,,,,,,,,,,,,,,,,,,,,17.62902327,18.31625184,18.03955638,17.74193925,22.08746918,24.92104996,21.96773574,21.26205564,24.85819238,
St. Kitts and Nevis,KNA,Tax revenue (% of GDP),TAXTOTPERC,,,,,,,,,,,14.3862939,14.58536258,14.52345626,15.19785435,15.24600655,,,,,,16.53706766,15.73033708,21.02503834,21.50396882,21.25475841,20.66181333,20.85016208,21.63213001,20.74231443,19.53530386,16.70977334,18.48039873,18.46302661,18.57889645,19.18956815,20.35971627,19.02789695,18.46122411,,,
"Korea, Rep.",KOR,Tax revenue (% of GDP),TAXTOTPERC,14.66327335,14.65276687,14.6962815,14.80168214,13.89466773,13.49942187,13.23871835,13.45628269,13.37445811,12.83580757,13.41918126,12.53582238,12.73074085,12.4997898,12.68774158,12.99209499,13.23436506,12.90180217,12.62021875,12.79189031,14.26177808,13.54878842,13.24866679,13.69345757,12.96682783,13.31307044,13.72753521,14.8173827,14.49519999,13.65096445,13.43693029,13.85096763,14.0775915,13.63062344,13.24116166,13.15814434,13.98195298,14.49381853,15.53638373,,
Kuwait,KWT,Tax revenue (% of GDP),TAXTOTPERC,2.699909503,3.73615037,3.444779017,3.23829933,3.128614104,1.938002524,2.095021769,1.267380316,1.229820571,1.175992911,1.545070847,0.255607395,0.08581481,1.092624066,1.422764285,1.146181245,0.965097411,1.173058751,1.492442927,,,,,,,,,,,,,,,,,,,,,,
Latin America & Caribbean (excluding high income),LAC,Tax revenue (% of GDP),TAXTOTPERC,,,,,,,,,,,,,,,,,,,,,,,,,,,,,,,12.87626812,13.30203964,12.95861036,13.01305957,12.92809237,13.46459844,13.53174884,13.25801124,13.47849527,13.51626423,
Lao PDR,LAO,Tax revenue (% of GDP),TAXTOTPERC,,,,,,,,,,,,,,,,,,,,,,,,,,,,,,,,,,,,,,,,,
Lebanon,LBN,Tax revenue (% of GDP),TAXTOTPERC,,,,,,,,,,,,,,,,,,11.93272577,12.6332288,13.3726881,11.90122982,11.8780772,14.43059019,15.37671346,16.50864395,15.16810377,15.00828554,14.94411917,16.418394,16.85630601,16.84447668,16.37733291,15.19140286,14.057349,14.0980539,13.46234503,13.51008593,15.32723227,15.30874293,15.29111292,
Liberia,LBR,Tax revenue (% of GDP),TAXTOTPERC,,,,,,,,,,,,,,,,,,,,,,,,,,,,,,,,,,,,,,,,,
Libya,LBY,Tax revenue (% of GDP),TAXTOTPERC,,,,,,,,,,,,,,,,,,,,,,,,,,,,,,,,,,,,,,,,,
St. Lucia,LCA,Tax revenue (% of GDP),TAXTOTPERC,,,,,,,,,,,,,,,,,,,,,17.05133145,16.48985075,16.66444444,16.16695424,17.21206531,17.63953053,17.63268523,18.26911895,18.68490273,19.13386957,18.16079874,17.95016575,17.08022642,18.11457128,18.05296311,18.7102516,19.17735506,18.21976776,,,
Latin America & Caribbean,LCN,Tax revenue (% of GDP),TAXTOTPERC,,,,,,,,,,,,,,,,,,,,,,,,,,,,,,,13.19763967,13.66802278,13.34872459,13.32493877,13.20855096,13.73202994,13.81059388,13.50673075,13.74839685,13.75541821,
Least developed countries: UN classification,LDC,Tax revenue (% of GDP),TAXTOTPERC,,,,,,,,,,,,,,,,,,,,,,,,,,,,,,,11.35842908,11.63045214,11.19822302,11.03407575,10.9433981,10.31487926,10.42018282,,,,
Low income,LIC,Tax revenue (% of GDP),TAXTOTPERC,,,,,,,,,,,,,,,,,,,,,,,,,,,,,,,,,,,,,,,,,
Liechtenstein,LIE,Tax revenue (% of GDP),TAXTOTPERC,,,,,,,,,,,,,,,,,,,,,,,,,,,,,,,,,,,,,,,,,
Sri Lanka,LKA,Tax revenue (% of GDP),TAXTOTPERC,,,,,,,,,,,19.02083385,18.30479797,17.95345687,17.4699989,17.16797563,17.75201716,16.95069051,16.00769203,14.47642698,15.01207545,14.50276551,14.62550039,14.02036178,12.71067585,13.46596896,13.73252902,14.57725918,14.22160859,13.27733443,12.80032048,11.30003056,11.25639334,10.40841476,10.48662317,10.13750624,12.37995191,12.20138961,12.53125234,11.91915355,11.55373384,
Lower middle income,LMC,Tax revenue (% of GDP),TAXTOTPERC,,,,,,,,,,,,,,,,,,,,,,10.00145844,10.44461436,10.7314988,11.10501184,11.73202867,12.93035551,13.44423492,13.09528002,11.82454923,12.04221676,12.18000645,12.37658009,12.27104685,11.69093551,12.15047295,12.29686199,12.67620993,13.21622374,,
Low & middle income,LMY,Tax revenue (% of GDP),TAXTOTPERC,,,,,,,,,,,,,,,,,,,,,,,,,,,,,12.55889416,11.88052833,12.35279608,12.65816934,12.54137679,12.41449415,12.09128471,11.96444458,11.75784357,11.89091402,11.98155262,,
Lesotho,LSO,Tax revenue (% of GDP),TAXTOTPERC,,,28.98835475,34.95877761,38.69351651,35.58108988,31.6971536,31.91319159,30.64371313,34.1989954,,27.75657635,28.30152625,29.67252716,29.87079575,28.75049718,26.96189969,29.21247489,25.08054334,24.72221533,22.93955586,25.78220615,24.19416305,27.11488202,28.961325,28.57390073,33.91975434,38.53178082,38.44072261,39.25764561,29.83455135,29.71916173,37.35284525,35.10147609,35.47463559,33.59095667,28.5967822,31.6549615,31.572594,32.73136706,
Late-demographic dividend,LTE,Tax revenue (% of GDP),TAXTOTPERC,,,,,,,,,,,,,,,,,,,,,,,,,,11.98194167,12.38812265,12.91228202,12.99043713,12.25661643,12.61346575,12.78942177,12.54872111,12.26832394,12.0949293,11.56017943,11.23780716,11.46806969,11.5293794,,
Lithuania,LTU,Tax revenue (% of GDP),TAXTOTPERC,,,,,,,,,,,,,,,,19.82454689,18.90896741,21.64609145,22.18670955,22.21381715,20.30037328,19.40462921,19.20183971,19.06385443,19.36200927,19.75462922,20.48420318,20.36935435,20.48203392,17.0401288,15.96497347,15.48237695,15.52996015,15.60121464,15.83633785,16.69486269,16.93159775,16.63389535,16.77208992,19.85657629,
Luxembourg,LUX,Tax revenue (% of GDP),TAXTOTPERC,21.5755412,22.01996161,22.15286974,24.58563304,24.04653324,24.01885405,23.33811312,23.53081444,22.75881324,21.82813222,22.09734243,20.87230407,21.43039623,22.9455295,24.17610048,23.63984462,23.6978468,25.02910004,25.52629298,24.71195066,25.36946879,25.098162,24.69886184,24.66696884,24.26092854,25.54630809,24.18944734,24.67811085,24.71240406,25.17130805,25.13033064,24.62587322,25.76356893,25.91658287,25.72018075,24.14969148,24.33296208,25.01045381,26.78573932,26.24161287,
Latvia,LVA,Tax revenue (% of GDP),TAXTOTPERC,,,,,,,,,,,,,,,12.20393797,19.35427989,18.67551231,22.27221309,23.68742815,22.69362513,20.74007763,20.68783265,19.98748961,20.24331601,20.37833767,21.49518991,22.17713219,21.64386531,20.73921432,18.73745716,19.72897546,19.94548221,20.9605241,21.58306949,22.05437698,22.38012187,23.4982535,23.48799892,22.82055808,21.39916634,
"Macao SAR, China",MAC,Tax revenue (% of GDP),TAXTOTPERC,,,,,,,,,,,,,,,,,13.20323928,16.07125469,14.33851959,14.31723014,15.0420963,16.51565524,17.35024525,20.17363127,21.38427737,21.09794368,21.2552181,25.60047511,30.39433858,29.45998397,34.53298726,37.56298736,36.93783946,36.37696818,34.80529208,28.94865146,27.58148133,28.82697552,29.49351182,30.45443787,
St. Martin (French part),MAF,Tax revenue (% of GDP),TAXTOTPERC,,,,,,,,,,,,,,,,,,,,,,,,,,,,,,,,,,,,,,,,,
Morocco,MAR,Tax revenue (% of GDP),TAXTOTPERC,,,,,,,,,,,18.67672148,18.41541938,20.65142956,20.24770334,18.85493515,18.35120904,,19.40548746,19.16524702,19.87323876,,,19.07256603,18.78977248,18.97885165,20.97294126,21.45102144,23.90540285,26.49262558,23.45630398,22.81923338,23.29675614,23.90364037,22.34908936,22.02695111,21.21149899,21.45588701,21.75534723,21.87418331,21.44828712,
Monaco,MCO,Tax revenue (% of GDP),TAXTOTPERC,,,,,,,,,,,,,,,,,,,,,,,,,,,,,,,,,,,,,,,,,
Moldova,MDA,Tax revenue (% of GDP),TAXTOTPERC,,,,,,,,,,,,,,,,,12.08967623,18.2831061,18.08024084,15.05735397,14.72574961,12.17120031,12.88135437,14.67287013,16.35739261,18.48533942,19.57121151,20.56653565,20.44594895,17.68531332,15.16064079,15.24032716,15.59534633,15.46963596,16.63749486,16.40123682,16.24579227,17.44261223,17.69162952,17.31258032,
Madagascar,MDG,Tax revenue (% of GDP),TAXTOTPERC,,,,,,,,,,,7.391907954,5.626451039,6.991043731,6.770597926,6.499532855,6.845865817,,,,,,,,8.597800286,9.372419868,8.690155518,9.201881621,9.848061325,11.39145132,8.344148659,8.535319381,8.710322549,8.368253256,8.785589908,8.441132082,8.945308037,9.244850872,10.027545,10.21584731,10.52442775,
Maldives,MDV,Tax revenue (% of GDP),TAXTOTPERC,5.115408609,6.891452233,12.21995927,12.63183714,9.261658031,9.99113868,10.28976937,12.2840691,13.57065658,15.0869616,13.96231926,14.6140953,14.95898236,13.73453732,13.00458215,13.59638849,13.45217883,14.44550444,14.20024047,14.09157047,13.79611004,9.826307389,9.507925449,9.420701834,10.48943585,11.56937388,11.75644071,12.14744951,11.57888281,9.100667992,,,,,,,,,,,
Middle East & North Africa,MEA,Tax revenue (% of GDP),TAXTOTPERC,,,,,,,,,,,,,,,,,,,,,,,,,,,,,,,,,,,,,,,,,
Mexico,MEX,Tax revenue (% of GDP),TAXTOTPERC,11.4238505,10.54584204,11.21787245,12.99939446,12.6232738,12.31257863,11.86499888,12.74757437,11.41196198,12.13921122,11.84836466,11.59449261,11.60243534,9.070611435,8.491921675,8.479624617,8.742981656,8.987730676,8.155611883,8.608136185,9.572861438,,,,,,,,10.02376741,9.679796263,10.11091331,10.01240267,9.773015605,10.29457862,10.62560505,12.78239352,13.53436035,13.03567268,13.06527261,13.14822085,
Marshall Islands,MHL,Tax revenue (% of GDP),TAXTOTPERC,,,,,,,,,,,,,,,,,,,,,,,,,,,,,18.50738691,18.3325396,17.60555966,16.83949772,16.19136097,16.37279777,15.96926625,17.27312248,17.46580447,17.68966136,17.81424272,,
Middle income,MIC,Tax revenue (% of GDP),TAXTOTPERC,,,,,,,,,,,,,,,,,,,,,,,,,,,,,12.57848647,11.91448414,12.38313872,12.69430776,12.56882798,12.43681891,12.10850294,11.98450788,11.76999524,11.88968766,11.98156607,,
North Macedonia,MKD,Tax revenue (% of GDP),TAXTOTPERC,,,,,,,,,,,,,,,,,,,,,,,,,,18.42509865,18.08266169,19.07483022,18.52394611,17.12957827,16.8656928,16.999651,16.41665042,15.668958,16.23528371,16.81823312,16.95115782,17.16111359,17.57493105,17.16401753,
Mali,MLI,Tax revenue (% of GDP),TAXTOTPERC,,,,,,,,,,,,,,,,,,,,,10.78507803,10.58547675,11.1732839,12.76795381,13.68704434,13.30025843,13.31614483,13.05597059,11.83761397,12.97358284,12.89285053,12.54521403,12.99131346,13.0329666,12.64664005,14.09510939,15.39597072,15.8828451,11.66973731,14.50173754,
Malta,MLT,Tax revenue (% of GDP),TAXTOTPERC,19.69424242,19.23403601,18.51096646,17.86284418,16.84151879,17.67666555,17.18032161,16.55215345,17.59891218,17.8970137,42.43432684,43.05083437,44.17204003,45.26292291,42.31400954,47.25807728,42.41854334,46.62520129,42.70555833,47.66556131,48.58527184,51.42409412,53.72732518,54.06966944,55.02400609,58.81945183,60.02766583,62.50279458,25.80587595,26.01451094,25.31011882,25.80812785,25.69167313,25.73815477,25.99328619,24.33835767,25.23577209,25.6970373,25.96650318,25.88542452,
Myanmar,MMR,Tax revenue (% of GDP),TAXTOTPERC,9.611748954,9.927705224,9.831022455,9.236698189,8.584435744,8.255193264,7.411736702,6.365541807,4.493526715,4.261787377,6.197784146,5.610206293,5.037396545,4.728010353,4.25171345,3.7444872,3.959317154,4.415239181,3.519309519,2.752748457,2.966507458,2.257140411,2.00104717,2.210411864,3.272456656,3.881778356,,,,,,,4.524093697,5.529567589,5.835822256,5.884499938,6.914712358,5.865457073,2.62563756,5.814006332,
Middle East & North Africa (excluding high income),MNA,Tax revenue (% of GDP),TAXTOTPERC,,,,,,,,,,,,,,,,,,,,,,,,,,,,,,,,,,,,,,,,,
Montenegro,MNE,Tax revenue (% of GDP),TAXTOTPERC,,,,,,,,,,,,,,,,,,,,,,,,,,,,,,,,,,,,,,,,,
Mongolia,MNG,Tax revenue (% of GDP),TAXTOTPERC,,,,,,,,,,,,,11.08136574,17.51732902,11.32416493,9.773956356,9.602347816,10.57243315,8.358672087,9.805817878,13.9101607,14.66205919,13.36924022,18.03874557,,,28.70997468,23.47917648,21.65181536,16.5402944,19.59311925,18.46699109,15.31214218,15.73120804,12.90163424,11.76281408,11.34553018,13.61222864,16.77678462,,
Northern Mariana Islands,MNP,Tax revenue (% of GDP),TAXTOTPERC,,,,,,,,,,,,,,,,,,,,,,,,,,,,,,,,,,,,,,,,,
Mozambique,MOZ,Tax revenue (% of GDP),TAXTOTPERC,,,,,,,,,,,,,,,,,,,,,,,,,,,,,,,14.743555,17.07722631,19.01307026,21.8246052,24.32001414,20.33008851,20.29887017,22.18829694,21.43811712,27.05966351,
Mauritania,MRT,Tax revenue (% of GDP),TAXTOTPERC,,,,,,,,,,,,,,,,,,,,,,,,,,,,,,,,,,,,,,,,,
Mauritius,MUS,Tax revenue (% of GDP),TAXTOTPERC,18.41439577,17.64227642,16.66012793,19.09033926,19.51740947,18.01059093,17.77817259,17.81273223,19.26611582,20.09316584,19.64680527,20.29344156,19.15028933,18.1006276,18.28150661,16.11421661,14.81298708,15.9934846,15.99336207,16.74865649,16.95366402,15.14080129,15.0065488,16.09532762,16.24026706,17.25638711,16.02867142,15.10546176,16.96721946,18.07301307,18.01671337,18.00451841,18.62170749,18.36660875,18.46618647,8.993956959,18.12841351,18.54687111,19.12472601,19.94334129,
Malawi,MWI,Tax revenue (% of GDP),TAXTOTPERC,,,,,,,,,,,,,,,,,,,,,,,,,,,,,,14.4658536,15.3729139,15.45184375,13.55707479,14.1290373,15.934136,15.24219537,15.48908132,17.28792384,17.38917075,17.253667,
Malaysia,MYS,Tax revenue (% of GDP),TAXTOTPERC,,,,,,,,,,,,,,,,,19.37792632,19.75336681,16.7301575,14.09370802,13.6669089,17.79488881,17.44695509,15.49565512,15.19909376,14.82639106,14.51619698,14.30372284,14.66295826,14.94050153,13.33219531,14.79435317,15.61314674,15.31023528,14.84079071,14.05686213,13.55072517,12.94596624,12.02522836,11.95250836,
North America,NAC,Tax revenue (% of GDP),TAXTOTPERC,12.13835265,12.55050604,11.97862664,10.34826823,10.15971565,10.38424016,10.16304589,10.94884573,10.59594327,10.78244038,10.80087656,10.69508391,10.38102713,10.61276472,10.84957438,11.19412528,11.60534518,12.08119943,12.54666993,12.48659743,13.14494084,12.07325301,10.1848509,9.741938955,9.889591262,10.92508008,11.49967973,11.49452399,10.5070498,8.320229293,8.882941766,9.778883093,9.967617469,10.62010021,11.02594614,11.32388831,11.04697025,11.81489864,10.18371399,10.29224505,
Namibia,NAM,Tax revenue (% of GDP),TAXTOTPERC,,,,,,,,,,,23.04509174,26.99547971,25.14092885,26.39627635,24.28637318,25.24727211,24.25333463,27.00872028,26.00619214,28.27759153,28.05988293,26.92156198,26.6468982,23.74657245,24.75508788,26.26115968,29.67155273,30.90927303,30.08915621,29.44723827,25.91213351,29.98127587,32.93305728,33.06877437,34.84989576,33.60929156,30.25534268,32.07622638,29.26417065,,
New Caledonia,NCL,Tax revenue (% of GDP),TAXTOTPERC,,,,,,,,,,,,,,,,,,,,,,,,,,,,,,,,,,,,,,,,,
Niger,NER,Tax revenue (% of GDP),TAXTOTPERC,11.7645286,,,,,,,,,,,,,,,,,,,,,,,,,,,,,,,,,,,,,,,,
Nigeria,NGA,Tax revenue (% of GDP),TAXTOTPERC,,,,,,,,,,,,,,,,,,,,,,,,,,,,,,,,,,,,,,,,,
Nicaragua,NIC,Tax revenue (% of GDP),TAXTOTPERC,,,,,,,,,,,26.26583735,18.23936737,19.84950915,18.98088283,8.993665941,9.402734402,9.494441288,10.58909176,11.03648306,10.71894637,10.64687011,9.802508066,10.39549911,11.7208159,12.18817918,12.89980348,13.68429025,13.86210515,13.20170593,13.13760723,13.67834036,14.51978319,15.00907275,15.02048069,15.31626638,15.58958836,16.1664462,16.57379162,15.65295135,17.66962292,
Netherlands,NLD,Tax revenue (% of GDP),TAXTOTPERC,23.07480856,21.90411844,21.68592805,20.7860868,20.1577263,20.34225058,21.25864668,22.53524002,22.60908169,21.89338927,23.28621811,24.49111686,23.63651009,24.31606558,21.84675625,20.8701642,21.47957925,20.93776928,20.70809927,21.22066757,20.93795008,21.21415868,21.15808651,20.35373725,20.17000261,21.23481756,21.60001095,21.59520003,21.14391577,20.94433473,20.98619027,20.22944251,19.40774864,19.69209479,20.63642861,21.16062422,21.90511014,23.08554134,23.0563304,24.10450147,
Norway,NOR,Tax revenue (% of GDP),TAXTOTPERC,25.11381524,26.25029793,25.31305262,24.5587192,24.53236615,25.65460294,25.62118392,23.62811577,22.15427566,20.47767892,21.30451018,21.57610491,20.73649632,20.73649755,21.74282775,23.00490688,23.93682586,23.89191652,23.96735495,24.269074,26.70467324,26.07929651,27.18833639,25.92911222,27.3951498,28.30365223,28.90944752,28.19971126,27.92462094,25.96689041,26.88692442,27.72208661,27.04506296,25.16576453,23.56828516,22.22355077,22.08716304,22.47754585,23.5755595,23.25706606,
Nepal,NPL,Tax revenue (% of GDP),TAXTOTPERC,,,,,,,,,,,6.996692968,6.620301936,6.483344072,6.654637356,7.729134048,8.985513859,8.719914187,8.723659866,8.639332547,8.422505233,8.735981111,8.802574747,8.560583141,8.651811853,8.9749585,9.179453421,8.77975841,9.772473404,10.44008641,11.84403686,13.39611544,13.25974385,13.86216857,15.29282111,15.90397662,16.70976224,18.68745181,20.70921715,21.65873668,18.60115838,
Nauru,NRU,Tax revenue (% of GDP),TAXTOTPERC,,,,,,,,,,,,,,,,,,,,,,,,,,,,,,,,,,,18.97418982,16.60407751,24.60115067,22.50362564,30.46626789,,
New Zealand,NZL,Tax revenue (% of GDP),TAXTOTPERC,29.32408868,30.05319149,30.50816806,28.30571251,28.65860955,29.69387967,30.18307939,33.24645858,32.70028658,,,,,,,,,,,,,28.55763254,28.20805365,29.24813843,29.25793128,30.31290683,31.96581296,30.08102669,31.48782906,29.68933303,26.13417829,25.63389935,26.90375563,26.7245949,26.9060562,27.51005957,27.37492048,27.48419254,28.00107821,28.97542758,
OECD members,OED,Tax revenue (% of GDP),TAXTOTPERC,14.92062849,15.18625901,15.13862696,14.5542543,14.41627018,14.65201325,14.71557283,15.04168127,14.8368843,14.83934592,14.74690438,14.73721778,14.3992332,14.2997866,14.93653029,15.43058597,15.72759176,16.18275971,16.46956277,16.65865337,17.03588959,16.61886821,15.52219324,15.20938777,15.25850753,15.90143972,16.33321839,16.42758801,15.79747698,14.36810389,14.747418,15.2321891,15.41738776,15.81173077,15.97484715,16.12663033,16.07825611,16.39978995,15.81006198,15.89145662,
Oman,OMN,Tax revenue (% of GDP),TAXTOTPERC,,,,,,,,,,,,,,,,,,,,,,,,,,,,,,,,,,,,,,,,,
Other small states,OSS,Tax revenue (% of GDP),TAXTOTPERC,,,,,,,,,,,,,,,,,,,,,,,,,,,,,,,,,,,,,,,,,
Pakistan,PAK,Tax revenue (% of GDP),TAXTOTPERC,,,,,,,,,,,,,,,,,,,,,,,,,,,,,,,,,,,,,,,,,
Panama,PAN,Tax revenue (% of GDP),TAXTOTPERC,,,,,,,,,,,,,,,,,,,,,,,,,,,,,,,,,,,10.26002626,10.1016248,10.37754165,9.993330282,9.913218983,,
Peru,PER,Tax revenue (% of GDP),TAXTOTPERC,17.96171377,15.11632987,14.79299342,11.89773092,13.04040973,14.96299404,13.38210985,9.974415853,9.663582676,7.921659024,10.72389521,11.02794427,11.98305238,12.16542206,12.97214417,13.68475757,14.19981417,14.39876053,14.23480496,12.9941893,12.6086475,12.89710563,12.48714263,13.41152116,13.66336894,14.10474219,15.6699876,16.40746835,16.51217092,14.45652681,15.46657176,15.96889515,16.5466871,16.43300669,16.72092668,14.91965132,13.78754764,13.17434165,14.32190131,14.61987885,
Philippines,PHL,Tax revenue (% of GDP),TAXTOTPERC,,,,,,,,,,,14.08232357,14.60523986,15.44179721,15.61049254,16.02574705,16.29197183,16.93863776,16.98428717,14.10831608,13.30640421,12.44032476,12.26550865,11.66813069,11.66643259,11.36440439,11.92422406,13.12730144,12.9604093,13.03351369,11.69893557,11.63527559,11.84900078,12.30592712,12.74382206,13.01551718,13.01961059,13.08710069,13.59379375,14.04753328,14.48954568,
Palau,PLW,Tax revenue (% of GDP),TAXTOTPERC,,,,,,,,,,,,,,,,,,,,,,,,,,,,,16.59462535,15.62436995,16.79729268,17.62485786,18.35541468,18.74175778,19.45629243,20.16481488,20.03418227,19.89380749,21.5602468,20.86937706,
Papua New Guinea,PNG,Tax revenue (% of GDP),TAXTOTPERC,,,,,,,,,,,20.07346726,17.73352563,18.28415818,19.86439564,20.59600745,19.72715386,22.46318454,23.7232047,20.48029115,21.78816746,18.975965,24.6964497,21.01324696,,,,,,,,,,,,17.90996215,15.22728705,12.94862858,12.60500176,13.19302875,12.98094109,
Poland,POL,Tax revenue (% of GDP),TAXTOTPERC,,,,,,,,,,,,,,,22.78268073,22.36915319,21.65585776,20.90485321,20.15275826,18.0642818,16.96083946,16.05595562,16.84075872,16.72132038,15.68968086,16.47380695,17.15510398,18.08653079,18.26736913,16.0518941,16.47765758,16.65566737,15.99342631,15.58901188,15.61752737,15.68686456,16.23053984,16.79445783,17.39568383,17.34219565,
Pre-demographic dividend,PRE,Tax revenue (% of GDP),TAXTOTPERC,,,,,,,,,,,,,,,,,,,,,,,,,,,,,,,,,,,,,,,,,
Puerto Rico,PRI,Tax revenue (% of GDP),TAXTOTPERC,,,,,,,,,,,,,,,,,,,,,,,,,,,,,,,,,,,,,,,,,
"Korea, Dem. People’s Rep.",PRK,Tax revenue (% of GDP),TAXTOTPERC,,,,,,,,,,,,,,,,,,,,,,,,,,,,,,,,,,,,,,,,,
Portugal,PRT,Tax revenue (% of GDP),TAXTOTPERC,15.18085124,16.09136272,16.59471789,18.33797402,18.01063441,17.61591829,17.55125423,15.57442685,16.98673207,17.73912161,17.66850202,18.29113824,20.02626303,18.58661807,19.35373811,19.69493002,20.51675843,20.26430124,20.41265905,20.93425596,20.87840352,20.51404173,20.82750272,19.88117057,19.9795278,20.58192839,21.12516235,21.34729712,21.04682674,19.0577021,19.64280941,21.13333912,20.7701624,22.66209209,22.64739907,22.78871911,22.33199325,22.37058798,22.65334671,22.31504565,
Paraguay,PRY,Tax revenue (% of GDP),TAXTOTPERC,,,,,,,,,,,,,,,,,,,,,,,,,,8.264764504,8.350504183,7.837877891,8.106741196,8.332744007,8.878323961,9.378146269,9.454565134,8.97252021,9.769710003,9.749454783,9.568414221,9.953470067,10.03533097,9.938119268,
West Bank and Gaza,PSE,Tax revenue (% of GDP),TAXTOTPERC,,,,,,,,,,,,,,,,,,,,,,,,,,,,,,,,,,,,,,,,,
Pacific island small states,PSS,Tax revenue (% of GDP),TAXTOTPERC,,,,,,,,,,,,,,,,,,,,,,,,,,,,,,,19.35255653,20.70403174,20.9767795,21.37653294,20.91532582,21.24541172,21.25551632,22.25730575,23.19665408,22.01198932,
Post-demographic dividend,PST,Tax revenue (% of GDP),TAXTOTPERC,14.8368706,15.1286157,15.03290338,14.38203248,14.30489701,14.57069732,14.63025091,14.9669605,14.83558375,14.85392029,14.78101868,14.78516407,14.38914251,14.35117805,14.90813769,15.42625296,15.72041941,16.1374589,16.58441319,16.75932966,17.15963524,16.49974996,15.37019774,15.09630664,15.12158317,15.76880766,16.1916576,16.28727825,15.83854234,14.35211893,14.70841033,15.21640234,15.45473556,15.84998368,16.00497676,16.12954239,16.0487658,16.41174757,15.78483731,15.88882863,
French Polynesia,PYF,Tax revenue (% of GDP),TAXTOTPERC,,,,,,,,,,,,,,,,,,,,,,,,,,,,,,,,,,,,,,,,,
Qatar,QAT,Tax revenue (% of GDP),TAXTOTPERC,,,,,,,,,,,,,,,,,,,,,,,,,,,,,,,,,,,,,,,,,
Romania,ROU,Tax revenue (% of GDP),TAXTOTPERC,,4.388327722,4.074786912,4.024977234,4.052199485,4.201834862,4.46458383,4.463377115,4.526254376,5.1175,23.05630027,22.52189301,22.41292377,19.66235439,17.78714284,17.40204452,16.10773027,17.03601162,17.73603872,17.05661897,17.96270948,16.63341608,16.48910006,17.77476375,17.42126616,17.46805693,17.94705723,17.53952573,16.78534499,15.27296201,16.60662101,18.0889295,18.01128119,17.66886447,17.91751549,18.93515078,16.85202366,15.47297649,14.49413357,14.5919733,
Russian Federation,RUS,Tax revenue (% of GDP),TAXTOTPERC,,,,,,,,,,,,,,,,,,,,11.24287265,13.72553445,15.7786996,13.63496607,13.3140302,13.23402539,16.62290968,16.56821576,16.55131306,15.81806782,12.95635241,13.04834885,13.95420368,13.75467304,12.93349245,13.2553613,10.64209481,9.1831221,10.28840567,11.38459575,10.89488314,
Rwanda,RWA,Tax revenue (% of GDP),TAXTOTPERC,10.46763593,,,,,,,,,10.82692927,8.78380627,9.260063961,9.048258736,,,,,,,,,,,,,,,,,,,,,,12.94725364,13.29127874,14.41284002,13.45137171,14.25110198,14.59638786,
South Asia,SAS,Tax revenue (% of GDP),TAXTOTPERC,9.021133818,9.210758068,9.269321516,9.269997086,9.304558038,10.0719213,10.42376509,10.41067845,10.35676815,10.46932969,10.2379911,10.38435883,10.02242563,8.791289105,9.218878208,9.484046359,9.462640828,9.220930308,8.316556967,8.833233681,8.988101387,8.171794321,8.691844933,9.060388056,9.503099344,9.975985816,10.89516237,11.7380617,10.7713337,9.741990804,10.25866577,10.12506861,10.70546007,10.85655802,9.924690603,10.50912478,11.06707319,11.48754538,12.06143201,,
Saudi Arabia,SAU,Tax revenue (% of GDP),TAXTOTPERC,,,,,,,,,,,,,,,,,,,,,,,,,,,,,,,2.529612744,2.331966765,2.538420097,2.733928686,2.77137882,3.334403723,3.389982246,3.384835691,8.925745035,7.400169998,
Sudan,SDN,Tax revenue (% of GDP),TAXTOTPERC,,,,,,,,,,,,,,,,,,,6.197163282,6.386617224,,,,,,,,,,7.098291722,6.6232359,4.490600719,6.395467785,7.040078412,7.464114833,7.198599506,7.961450793,,,,
Senegal,SEN,Tax revenue (% of GDP),TAXTOTPERC,,,,,,,,,,,,,,,,,,,,,,,,,,,,,,,,,,,,15.77433605,16.37117645,15.90645166,16.29415668,,
Singapore,SGP,Tax revenue (% of GDP),TAXTOTPERC,16.99291833,17.88020559,18.91634198,18.76083872,17.66338209,15.66216706,12.73576946,13.07807989,14.07201262,15.68787362,14.54626959,15.1815316,16.1033535,16.29033395,16.61315228,15.76850365,15.89736716,15.31234109,14.03102564,14.53171741,14.85578908,14.58551915,12.68873934,12.44607416,11.60451158,11.5770274,11.83102218,12.8204282,13.75439145,12.95492653,12.78582397,13.10572195,13.58066874,13.27125008,13.55655713,13.13977453,13.32588534,14.0473782,13.14171706,13.32214223,
Solomon Islands,SLB,Tax revenue (% of GDP),TAXTOTPERC,,,,,,,,,,,,,,,,,,,,,,,,,,,,,,,,25.49256031,26.04966854,26.63149907,25.59645451,25.75581206,23.85919553,24.53187032,25.87217685,22.64103271,
Sierra Leone,SLE,Tax revenue (% of GDP),TAXTOTPERC,,,,,,,,,,,,,,,,,,,,,,,,,,,,,,,,,,,,,,,,,
El Salvador,SLV,Tax revenue (% of GDP),TAXTOTPERC,,,,,,,,,,,,,,,,,,,9.879789825,10.43175691,10.6054957,13.30670083,12.09947074,12.67829709,12.65445486,14.51081642,15.67011126,16.74489602,17.06020329,14.97703052,15.81208071,15.34402594,16.1824434,17.05472746,16.70878781,16.75268491,17.35476844,17.75374396,18.06190509,17.98676961,
San Marino,SMR,Tax revenue (% of GDP),TAXTOTPERC,,,,,,,,,,,,,,,,,,,,,,,18.0982586,16.90549549,15.92509838,16.93509389,17.22250106,17.63826308,17.67091532,16.93910919,15.59202295,16.15303556,18.01625741,17.06623964,18.34558313,17.89022288,16.68951936,16.468847,17.95681677,,
Somalia,SOM,Tax revenue (% of GDP),TAXTOTPERC,,,,,,,,,,,,,,,,,,,,,,,,,,,,,,,,,,,,,,0.000136843,0.000158568,0.000125118,
Serbia,SRB,Tax revenue (% of GDP),TAXTOTPERC,,,,,,,,,,,,,,,,,,,,,,,,,,,,21.30211447,21.14784382,20.00480647,20.22926705,19.05474094,18.55250021,20.83873843,21.9701414,22.35521329,23.28991506,24.0680383,23.59818704,24.06805236,
Sub-Saharan Africa (excluding high income),SSA,Tax revenue (% of GDP),TAXTOTPERC,,,,,,,,,,,,,,,,,,,,,,,,,,,,,,,,,,,18.88194072,18.70380646,18.14298537,18.56755831,,,
South Sudan,SSD,Tax revenue (% of GDP),TAXTOTPERC,,,,,,,,,,,,,,,,,,,,,,,,,,,,,,,,,,,,,,,,,
Sub-Saharan Africa,SSF,Tax revenue (% of GDP),TAXTOTPERC,,,,,,,,,,,,,,,,,,,,,,,,,,,,,,,,,,,18.88982975,18.59705389,18.15806152,18.58355387,,,
Small states,SST,Tax revenue (% of GDP),TAXTOTPERC,,,,,,,,,,,,,,,,,,,,,,,,,,,,,,,,,,,,,,,,,
Sao Tome and Principe,STP,Tax revenue (% of GDP),TAXTOTPERC,,,,,,,,,,,,,,,,,,,,,,,,,,,,,,,,,,,,,,,,,
Suriname,SUR,Tax revenue (% of GDP),TAXTOTPERC,,,,,,,,,,,,,,,,,,,,,,,,,,,,,,,,,,,,,,,,,
Slovak Republic,SVK,Tax revenue (% of GDP),TAXTOTPERC,,,,,,,,,,,,,,,,23.24173885,21.41857791,20.4621209,20.16276134,19.74585658,18.5017738,17.27538131,17.11824696,17.683025,17.29287612,18.0071099,16.80084739,16.74890053,16.44580869,15.52330827,15.13038269,16.07724976,15.53160241,16.70259742,17.45515286,18.18927678,18.13947327,18.59611092,18.59343938,18.7315771,
Slovenia,SVN,Tax revenue (% of GDP),TAXTOTPERC,,,,,,,,,,,,,17.94106976,18.84359028,20.54693179,19.42547021,20.10296951,19.80170463,20.50207507,20.83884299,20.09583877,19.94939687,20.50326951,20.66557028,20.63425511,21.14899849,20.89386003,20.07475112,19.40795922,17.99715112,18.05730237,17.83916427,17.86731691,17.89986941,18.16881795,18.49388308,18.60665782,18.34636084,18.53124833,18.27869335,
Sweden,SWE,Tax revenue (% of GDP),TAXTOTPERC,16.30302903,16.71192514,16.37055473,16.83525574,17.69084968,20.19334805,19.14674979,21.57013574,21.67240453,21.28758926,21.61999624,19.66714805,17.14186346,15.44674785,14.82155902,26.73239027,27.31122031,27.51485027,29.6705614,30.2978502,29.85892496,27.89281277,26.76316689,26.89448063,27.25350276,28.55686546,28.56030814,28.50704068,27.47193716,27.23353846,27.39951886,26.6327334,26.30391073,26.46754063,26.51489081,27.13684171,28.1205047,28.12738509,27.9091466,27.45498413,
Eswatini,SWZ,Tax revenue (% of GDP),TAXTOTPERC,,,,,,,,,,,,,,,,,,,,,,,,,,,,,,,,,,,,,,,,,
Sint Maarten (Dutch part),SXM,Tax revenue (% of GDP),TAXTOTPERC,,,,,,,,,,,,,,,,,,,,,,,,,,,,,,,,,,,,,,,,,
Seychelles,SYC,Tax revenue (% of GDP),TAXTOTPERC,,,,,,30.6581459,31.95856214,34.85929304,35.99450292,36.78675189,,,,35.35999348,31.96714646,27.63522169,26.93784497,26.96494204,26.43613532,27.21809933,26.08089261,,,,,27.30000996,24.69255027,23.25125933,22.36789046,25.2417028,27.85138935,31.49106655,30.40517837,28.06605578,30.08247274,29.5985834,31.69288871,32.06646328,34.11632119,,
Syrian Arab Republic,SYR,Tax revenue (% of GDP),TAXTOTPERC,,,,,,,,,,,,,,,,,,,,,,,,,,,,,,,,,,,,,,,,,
Turks and Caicos Islands,TCA,Tax revenue (% of GDP),TAXTOTPERC,,,,,,,,,,,,,,,,,,,,,,,,,,,,,,,,,,,,,,,,,
Chad,TCD,Tax revenue (% of GDP),TAXTOTPERC,,,,,,,,,,,,,,,,,,,,,,,,,,,,,,,,,,,,,,,,,
East Asia & Pacific (IDA & IBRD countries),TEA,Tax revenue (% of GDP),TAXTOTPERC,,,,,,,,,,,,,,,,,,,,,,,,,,9.234690876,9.738784549,10.31914325,10.86328731,10.743655,10.64698677,10.90753083,10.84478113,10.61918447,10.34173759,10.06992581,9.782404298,9.95072385,9.665494173,,
Europe & Central Asia (IDA & IBRD countries),TEC,Tax revenue (% of GDP),TAXTOTPERC,,,,,,,,,,,,,,,,,,,,13.35922536,14.78527409,15.49260621,14.56715122,14.67625331,14.47265993,16.94378894,17.21720546,17.45200365,17.20129301,15.34678379,15.58569666,16.13798937,15.71808936,15.4672848,15.46617579,14.54019875,13.88882325,14.23598343,14.7442255,14.32506798,
Togo,TGO,Tax revenue (% of GDP),TAXTOTPERC,,,,,,,,,,,,,,,,,,,,,,,,,13.14635208,12.8777438,13.88591562,15.36898502,14.2474836,14.41500542,14.54282208,15.97026891,15.87966385,16.86006417,18.39938624,18.95427306,18.76344846,17.30540958,16.85059751,17.3007177,
Thailand,THA,Tax revenue (% of GDP),TAXTOTPERC,13.14314967,13.47697636,12.64055577,14.13958244,14.10679378,13.6878369,13.61614666,13.64999061,14.80673226,15.58057288,16.90732301,17.41350398,15.59178399,15.39927671,16.03568902,16.44093082,16.72621763,16.10547926,13.78816744,12.8892156,12.9767329,13.07021832,13.47031276,14.4815688,14.85333091,16.06186027,15.63699271,15.14315656,15.3848864,14.19423084,14.93264755,16.36183479,15.44093567,17.01228887,15.80834265,16.1404179,15.36039262,14.78169353,14.92774696,14.66691902,
Tajikistan,TJK,Tax revenue (% of GDP),TAXTOTPERC,,,,,,,,,,,,,,,,,,,7.689066615,8.209442379,7.703083898,8.201926827,,9.702188432,9.821023787,,,,,,,,,,,,,,,,
Turkmenistan,TKM,Tax revenue (% of GDP),TAXTOTPERC,,,,,,,,,,,,,,,,,,,,,,,,,,,,,,,,,,,,,,,,,
Latin America & the Caribbean (IDA & IBRD countries),TLA,Tax revenue (% of GDP),TAXTOTPERC,,,,,,,,,,,,,,,,,,,,,,,,,,,,,,,13.19001203,13.65627133,13.33941569,13.31773029,13.2012417,13.72145289,13.79569839,13.50444533,13.7477503,13.75083876,
Timor-Leste,TLS,Tax revenue (% of GDP),TAXTOTPERC,,,,,,,,,,,,,,,,,,,,,,,,,,,,,,,110.1828828,133.9184848,149.2835098,93.87867473,62.80037586,36.07246991,14.99522502,20.04563545,25.18698767,22.97873748,
Middle East & North Africa (IDA & IBRD countries),TMN,Tax revenue (% of GDP),TAXTOTPERC,,,,,,,,,,,,,,,,,,,,,,,,,,,,,,,,,,,,,,,,,
Tonga,TON,Tax revenue (% of GDP),TAXTOTPERC,,,,,,,,,,,,,,,,,,,,,,,,,,,,,,,,,,17.3712106,17.79376183,18.95048197,19.42804361,20.79783862,,,
South Asia (IDA & IBRD),TSA,Tax revenue (% of GDP),TAXTOTPERC,9.021133818,9.210758068,9.269321516,9.269997086,9.304558038,10.0719213,10.42376509,10.41067845,10.35676815,10.46932969,10.2379911,10.38435883,10.02242563,8.791289105,9.218878208,9.484046359,9.462640828,9.220930308,8.316556967,8.833233681,8.988101387,8.171794321,8.691844933,9.060388056,9.503099344,9.975985816,10.89516237,11.7380617,10.7713337,9.741990804,10.25866577,10.12506861,10.70546007,10.85655802,9.924690603,10.50912478,11.06707319,11.48754538,12.06143201,,
Sub-Saharan Africa (IDA & IBRD countries),TSS,Tax revenue (% of GDP),TAXTOTPERC,,,,,,,,,,,,,,,,,,,,,,,,,,,,,,,,,,,18.88982975,18.59705389,18.15806152,18.58355387,,,
Trinidad and Tobago,TTO,Tax revenue (% of GDP),TAXTOTPERC,35.6508085,34.844169,,,,,,,,,,,,,,,,,,,,22.12128594,20.45549831,21.30154983,22.02505646,26.3787008,30.25758765,25.99529034,29.48840531,26.82740606,26.24401846,25.6437422,26.30222545,25.41076128,26.7166951,26.46342097,20.00623077,19.51373024,19.94023581,,
Tunisia,TUN,Tax revenue (% of GDP),TAXTOTPERC,20.9913854,21.63863527,22.78120057,23.06769464,22.97891585,21.99962954,22.5168985,20.56177118,20.50088908,20.1514093,19.95340107,20.38441075,20.49935064,21.00797927,20.76414271,20.48581381,19.83761925,18.44103315,19.18316383,19.13116645,19.29243408,19.59743594,19.54050588,18.74521178,18.67214575,18.87750472,18.51010868,19.07081883,20.50181118,20.04816181,20.13908603,21.19310552,21.12788966,,,,,,,,
Turkey,TUR,Tax revenue (% of GDP),TAXTOTPERC,14.33869919,15.2689533,,13.93806901,10.80096922,11.34561411,11.72819518,12.14195571,11.0271659,11.24919113,11.55833127,12.49517351,12.9688266,13.34277157,15.2014677,13.9767747,15.19952105,19.05053839,14.6683801,,,,,,,,,,17.50228731,18.07393495,18.85902049,18.57091787,18.10718164,18.3638081,17.94581705,18.18078068,18.26558723,17.71815774,17.27930308,16.47993973,
Tuvalu,TUV,Tax revenue (% of GDP),TAXTOTPERC,,,,,,,,,,,,,,,,,,,,,,,,,,,,,,,,,,,,,,,,,
Tanzania,TZA,Tax revenue (% of GDP),TAXTOTPERC,,,,,,,,,,,,,,,,,,,,,,,,,,,,,,11.53417446,9.912261583,9.793982,10.43300402,10.72192345,11.36379689,10.49249549,11.39033994,11.82656497,11.49395461,,
Uganda,UGA,Tax revenue (% of GDP),TAXTOTPERC,,,,,,,,,,,,,,,,,,,,,,,,,,,,,,,,,,,,10.84835253,11.16751514,11.60472367,11.6880821,12.30005715,
Ukraine,UKR,Tax revenue (% of GDP),TAXTOTPERC,,,,,,,,,,,,,,,,,,,,12.99175088,14.10037044,12.07313068,13.11147594,13.66777031,13.28863237,17.13981874,17.76488074,16.50071456,17.88010191,16.38775215,15.57052141,18.5150528,18.31655714,17.56138078,17.29434784,20.45136542,19.63011981,20.03452549,20.14088933,19.20886165,
Upper middle income,UMC,Tax revenue (% of GDP),TAXTOTPERC,,,,,,,,,,,,,,,,,,,,,,,,,,,,,12.46357084,11.93476756,12.45120407,12.79831108,12.60874355,12.47062511,12.19444393,11.95010472,11.66876283,11.74525854,11.76219501,,
Uruguay,URY,Tax revenue (% of GDP),TAXTOTPERC,15.82577762,16.73906481,14.00555378,15.12129764,13.86925665,15.94975265,16.76322844,15.96544635,15.18910308,14.53217809,16.2025864,16.79324032,17.24085747,19.38949411,19.03440938,16.87875803,17.35110223,16.78079246,16.98284177,15.27828517,14.69913704,15.30598158,15.77767622,17.2060059,17.84620462,17.89692197,18.98805557,18.41050909,18.24184127,18.72222095,18.88638874,19.1018313,18.82188561,19.04138547,18.56113854,18.50947757,23.70930637,19.74034305,20.09196309,19.83385871,
United States,USA,Tax revenue (% of GDP),TAXTOTPERC,12.13835265,12.55050604,11.97862664,10.34826823,10.15971565,10.38424016,10.16304589,10.94884573,10.59594327,10.78244038,10.46528476,10.32034243,9.984161837,10.30493432,10.62350664,10.98098904,11.37391458,11.82819655,12.32982914,12.26062892,12.96903235,11.85782535,9.861419855,9.389222393,9.540177991,10.68382785,11.31127437,11.30738778,10.31601226,7.919453277,8.595732842,9.574003765,9.798255726,10.51994855,10.94785005,11.21749659,10.90228374,11.72501475,9.911238407,10.02110881,
Uzbekistan,UZB,Tax revenue (% of GDP),TAXTOTPERC,,,,,,,,,,,,,,,,,,,,,,,,,,,,,,,,13.16767193,13.97952387,14.63711699,14.20610227,14.27812755,14.14901472,12.21662867,14.78711863,13.13075755,
St. Vincent and the Grenadines,VCT,Tax revenue (% of GDP),TAXTOTPERC,,,,,,,,,,,18.25924779,19.57735015,18.48160121,18.70558636,19.770081,19.2212375,19.95481229,20.56489016,21.17422581,20.69308664,21.27421136,20.80516156,21.87741288,20.9498669,20.64118567,20.77100009,21.92823649,21.78499289,23.8571432,23.73980128,22.91477087,22.57612626,23.01423808,21.60132925,23.83514095,23.59407329,25.60594177,25.35766382,,,
"Venezuela, RB",VEN,Tax revenue (% of GDP),TAXTOTPERC,,,,,,,,,,,,,,,,,,,,,,,,,,,,,,,,,,,,,,,,,
British Virgin Islands,VGB,Tax revenue (% of GDP),TAXTOTPERC,,,,,,,,,,,,,,,,,,,,,,,,,,,,,,,,,,,,,,,,,
Virgin Islands (U.S.),VIR,Tax revenue (% of GDP),TAXTOTPERC,,,,,,,,,,,,,,,,,,,,,,,,,,,,,,,,,,,,,,,,,
Vietnam,VNM,Tax revenue (% of GDP),TAXTOTPERC,,,,,,,,,,,,,,,,,,,,,,,,,,,,,,,,,,,,,,,,,
Vanuatu,VUT,Tax revenue (% of GDP),TAXTOTPERC,,,,,,,,,,,20.18513835,,,,,17.90147748,18.57191781,18.09150161,17.73552187,17.12485185,,,,,,,,,,16.02450898,15.4991754,15.98577738,16.62893558,17.24116592,17.37814446,16.26534095,16.31052493,17.12953302,17.8374475,17.71169455,
World,WLD,Tax revenue (% of GDP),TAXTOTPERC,,,,,,,,,,,14.50940269,14.51189627,14.22428435,14.0648797,14.65259442,15.07665919,15.35681559,15.67991975,15.81005124,15.85252975,16.36580488,15.95780567,14.96339207,14.76712915,14.84713942,14.79751069,15.2580404,15.44989026,15.00116289,13.72452218,13.96608217,14.3282293,14.44099077,14.66407963,14.66158925,14.68438483,14.58620755,14.91380139,14.57581143,15.34393882,
Samoa,WSM,Tax revenue (% of GDP),TAXTOTPERC,,,,,,,,,,,,,,,,,,,,,,,,,,,,,,,,,20.87908368,23.51077055,,,,,,,
Kosovo,XKX,Tax revenue (% of GDP),TAXTOTPERC,,,,,,,,,,,,,,,,,,,,,,,,,,,,,,,,,,,,,,,,,
"Yemen, Rep.",YEM,Tax revenue (% of GDP),TAXTOTPERC,,,,,,,,,,,,,,,,,,,,,,,,,,,,,,,,,,,,,,,,,
South Africa,ZAF,Tax revenue (% of GDP),TAXTOTPERC,19.17589899,18.59773579,19.85719822,19.75459493,20.95894973,22.70725113,21.85509012,21.69525172,22.76539992,25.30204908,23.11194062,22.90376777,20.62164634,21.7752299,21.53464199,22.42023871,23.20649973,23.53245619,24.3884263,24.13044338,23.34368567,24.18558057,23.27841514,23.03754961,24.28209502,25.74329543,27.26987061,27.59603925,26.81321687,24.3968023,25.04150129,25.17982275,25.58813186,26.04390961,26.54119201,27.3427766,27.10949484,26.22885763,26.51270777,26.73418884,
Zambia,ZMB,Tax revenue (% of GDP),TAXTOTPERC,,,,,,,,,,,19.48288336,17.4938312,18.71092625,15.04017112,17.23651829,15.68950016,16.10561795,16.05009567,16.18818713,16.95430849,,16.54070446,15.44001287,14.85951988,15.31705863,14.7947686,13.7115293,14.08251458,13.25930378,11.68751583,12.83484241,14.71594332,14.8923643,14.34710932,15.76103033,14.39396393,13.35318143,15.18485696,16.58703562,16.67760755,
Zimbabwe,ZWE,Tax revenue (% of GDP),TAXTOTPERC,,,,,,,,,,,,,,,,,,,,,,,,,,,,,,9.196892339,17.43492371,17.9282542,17.83548922,,,17.6733632,15.45834082,15.87437453,20.65868801,,
